0.0,0.0,0.0,0.0,0.0,0.0,0.0,0.0,0.0,0.0,1.0,0.0,0.0,0.0,0.0,0.0,0.0,0.0,0.0,0.0,0.0,0.0,0.0,0.0,0.0,1.0,0.0,360.0,137.7,94.8,1.4,0.188,863.0,1.0,0.0069524913093858,0.0104287369640787,0.0185399768250289
0.0,0.0,0.0,0.0,0.0,0.0,0.0,0.0,0.0,0.0,0.0,1.0,0.0,0.0,0.0,0.0,0.0,0.0,0.0,0.0,0.0,0.0,0.0,0.0,0.0,1.0,0.0,-77.45,162.13,117.8,1.4,0.188,863.0,1.0,0.0104287369640787,0.0162224797219003,0.0278099652375434
0.0,0.0,1.0,0.0,0.0,0.0,0.0,0.0,0.0,0.0,0.0,0.0,0.0,0.0,0.0,0.0,0.0,0.0,0.0,0.0,0.0,0.0,0.0,1.0,0.0,0.0,0.0,-61.79,-45.28,100.5,1.4,0.188,863.0,1.0,0.0104287369640787,0.0173812282734646,0.0289687137891077
0.0,0.0,0.0,0.0,0.0,0.0,0.0,0.0,0.0,0.0,0.0,0.0,0.0,0.0,0.0,1.0,0.0,0.0,0.0,0.0,0.0,0.0,0.0,1.0,0.0,0.0,0.0,-61.19,-42.48,81.8,1.4,0.188,863.0,1.0,0.0092699884125144,0.0173812282734646,0.0278099652375434
0.0,0.0,0.0,1.0,0.0,0.0,0.0,0.0,0.0,0.0,0.0,0.0,0.0,0.0,0.0,0.0,0.0,0.0,0.0,0.0,0.0,0.0,0.0,1.0,0.0,0.0,0.0,-62.93,-37.2,80.2,1.4,0.188,863.0,1.0,0.0092699884125144,0.0220162224797219,0.0324449594438006
0.0,0.0,0.0,0.0,1.0,0.0,0.0,0.0,0.0,0.0,0.0,0.0,0.0,0.0,0.0,0.0,0.0,0.0,0.0,0.0,0.0,0.0,0.0,1.0,0.0,0.0,0.0,-65.65,-43.98,0.0,1.4,0.188,863.0,1.0,0.0092699884125144,0.0278099652375434,0.0382387022016222
0.0,0.0,0.0,0.0,0.0,0.0,1.0,0.0,0.0,0.0,0.0,0.0,0.0,0.0,0.0,0.0,0.0,0.0,0.0,0.0,0.0,0.0,0.0,1.0,0.0,0.0,0.0,-59.93,-44.61,82.0,1.4,0.188,863.0,1.0,0.0092699884125144,0.0266512166859791,0.0370799536500579
0.0,0.0,0.0,0.0,0.0,0.0,0.0,0.0,0.0,0.0,0.0,0.0,0.0,0.0,1.0,0.0,0.0,0.0,0.0,0.0,0.0,0.0,0.0,1.0,0.0,0.0,0.0,-58.38,-53.8,168.2,1.4,0.188,863.0,1.0,0.0092699884125144,0.0185399768250289,0.0289687137891077
0.0,0.0,0.0,0.0,0.0,0.0,0.0,0.0,0.0,1.0,0.0,0.0,0.0,0.0,0.0,0.0,0.0,0.0,0.0,0.0,0.0,0.0,0.0,1.0,0.0,0.0,0.0,-65.65,-42.07,33.0,1.4,0.188,863.0,1.0,0.0092699884125144,0.0208574739281575,0.0312862108922363
1.0,0.0,0.0,0.0,0.0,0.0,0.0,0.0,0.0,0.0,0.0,0.0,0.0,0.0,0.0,0.0,0.0,0.0,0.0,0.0,0.0,0.0,0.0,1.0,0.0,0.0,0.0,-66.9,-38.67,0.0,1.4,0.188,863.0,1.0,0.0081112398609501,0.0266512166859791,0.0359212050984936
0.0,0.0,1.0,0.0,0.0,0.0,0.0,0.0,0.0,0.0,0.0,0.0,0.0,0.0,0.0,0.0,0.0,0.0,0.0,0.0,0.0,0.0,0.0,1.0,0.0,0.0,0.0,-61.7,-41.65,91.9,1.4,0.188,863.0,1.0,0.0104287369640787,0.0220162224797219,0.033603707995365
0.0,0.0,0.0,0.0,0.0,0.0,0.0,0.0,0.0,0.0,0.0,0.0,0.0,1.0,0.0,0.0,0.0,0.0,0.0,0.0,0.0,0.0,0.0,1.0,0.0,0.0,0.0,-65.07,-40.12,106.2,1.4,0.188,863.0,1.0,0.0104287369640787,0.0185399768250289,0.030127462340672
0.0,0.0,0.0,0.0,0.0,0.0,0.0,0.0,0.0,1.0,0.0,0.0,0.0,0.0,0.0,0.0,0.0,0.0,0.0,0.0,0.0,0.0,0.0,1.0,0.0,0.0,0.0,-65.81,-42.18,6.7,1.4,0.188,863.0,1.0,0.0092699884125144,0.0231749710312862,0.033603707995365
0.0,0.0,0.0,0.0,0.0,0.0,0.0,0.0,0.0,0.0,0.0,0.0,0.0,0.0,0.0,0.0,0.0,0.0,1.0,0.0,0.0,0.0,0.0,1.0,0.0,0.0,0.0,-59.92,-43.89,8.8,1.4,0.188,863.0,1.0,0.0092699884125144,0.0324449594438006,0.0428736964078794
0.0,0.0,0.0,0.0,0.0,0.0,0.0,0.0,0.0,1.0,0.0,0.0,0.0,0.0,0.0,0.0,0.0,0.0,0.0,0.0,0.0,0.0,0.0,1.0,0.0,0.0,0.0,-63.61,-44.28,70.1,1.4,0.188,863.0,1.0,0.0092699884125144,0.0220162224797219,0.0324449594438006
0.0,0.0,0.0,0.0,0.0,0.0,0.0,0.0,0.0,0.0,0.0,0.0,0.0,0.0,0.0,0.0,1.0,0.0,0.0,0.0,0.0,0.0,0.0,1.0,0.0,0.0,0.0,-62.53,-41.19,25.5,1.4,0.188,863.0,1.0,0.0104287369640787,0.0196987253765932,0.0312862108922363
0.0,0.0,0.0,0.0,0.0,0.0,0.0,1.0,0.0,0.0,0.0,0.0,0.0,0.0,0.0,0.0,0.0,0.0,0.0,0.0,0.0,0.0,0.0,1.0,0.0,0.0,0.0,-65.69,-46.95,0.0,1.4,0.188,863.0,1.0,0.0104287369640787,0.0231749710312862,0.0347624565469293
0.0,0.0,0.0,1.0,0.0,0.0,0.0,0.0,0.0,0.0,0.0,0.0,0.0,0.0,0.0,0.0,0.0,0.0,0.0,0.0,0.0,0.0,0.0,1.0,0.0,0.0,0.0,-61.18,-44.94,65.4,1.4,0.188,863.0,1.0,0.0092699884125144,0.0231749710312862,0.033603707995365
0.0,0.0,0.0,1.0,0.0,0.0,0.0,0.0,0.0,0.0,0.0,0.0,0.0,0.0,0.0,0.0,0.0,0.0,0.0,0.0,0.0,0.0,0.0,1.0,0.0,0.0,0.0,-66.05,-45.1,96.5,1.4,0.188,863.0,1.0,0.0092699884125144,0.0254924681344148,0.0359212050984936
0.0,0.0,0.0,0.0,0.0,0.0,0.0,0.0,0.0,0.0,0.0,0.0,0.0,0.0,1.0,0.0,0.0,0.0,0.0,0.0,0.0,0.0,0.0,1.0,0.0,0.0,0.0,-62.47,-41.23,74.9,1.4,0.188,863.0,1.0,0.0092699884125144,0.0254924681344148,0.0359212050984936
0.0,0.0,0.0,0.0,0.0,0.0,0.0,0.0,0.0,1.0,0.0,0.0,0.0,0.0,0.0,0.0,0.0,0.0,0.0,0.0,0.0,0.0,0.0,1.0,0.0,0.0,0.0,-74.95,-26.32,13.8,1.4,0.188,863.0,1.0,0.0104287369640787,0.0185399768250289,0.030127462340672
0.0,0.0,1.0,0.0,0.0,0.0,0.0,0.0,0.0,0.0,0.0,0.0,0.0,0.0,0.0,0.0,0.0,0.0,0.0,0.0,0.0,0.0,0.0,1.0,0.0,0.0,0.0,-79.83,-31.6,128.0,1.4,0.188,863.0,1.0,0.0092699884125144,0.0185399768250289,0.0289687137891077
0.0,0.0,1.0,0.0,0.0,0.0,0.0,0.0,0.0,0.0,0.0,0.0,0.0,0.0,0.0,0.0,0.0,0.0,0.0,0.0,0.0,0.0,0.0,1.0,0.0,0.0,0.0,-86.51,10.4,115.2,1.4,0.188,863.0,1.0,0.0104287369640787,0.0185399768250289,0.030127462340672
0.0,0.0,0.0,0.0,0.0,0.0,0.0,0.0,0.0,0.0,0.0,0.0,0.0,0.0,0.0,0.0,0.0,0.0,1.0,0.0,0.0,0.0,0.0,0.0,0.0,1.0,0.0,-66.18,123.97,51.3,1.4,0.188,863.0,1.0,0.0092699884125144,0.0208574739281575,0.0312862108922363
0.0,0.0,1.0,0.0,0.0,0.0,0.0,0.0,0.0,0.0,0.0,0.0,0.0,0.0,0.0,0.0,0.0,0.0,0.0,0.0,0.0,0.0,0.0,0.0,0.0,1.0,0.0,-126.55,21.17,151.8,1.4,0.188,863.0,1.0,0.0104287369640787,0.0139049826187717,0.0254924681344148
0.0,0.0,0.0,0.0,0.0,1.0,0.0,0.0,0.0,0.0,0.0,0.0,0.0,0.0,0.0,0.0,0.0,0.0,0.0,0.0,0.0,0.0,0.0,0.0,0.0,1.0,0.0,-74.93,-177.29,26.7,1.4,0.188,863.0,1.0,0.0069524913093858,0.0231749710312862,0.0312862108922363
0.0,0.0,1.0,0.0,0.0,0.0,0.0,0.0,0.0,0.0,0.0,0.0,0.0,0.0,0.0,0.0,0.0,0.0,0.0,0.0,0.0,0.0,0.0,0.0,0.0,1.0,0.0,-71.19,-34.39,148.2,1.4,0.188,863.0,1.0,0.0104287369640787,0.0127462340672074,0.0243337195828505
0.0,0.0,0.0,0.0,0.0,0.0,0.0,0.0,0.0,0.0,0.0,0.0,0.0,0.0,0.0,1.0,0.0,0.0,0.0,0.0,0.0,0.0,0.0,0.0,0.0,1.0,0.0,-73.72,149.94,19.3,1.4,0.188,863.0,1.0,0.0092699884125144,0.0196987253765932,0.030127462340672
0.0,0.0,1.0,0.0,0.0,0.0,0.0,0.0,0.0,0.0,0.0,0.0,0.0,0.0,0.0,0.0,0.0,0.0,0.0,0.0,0.0,0.0,0.0,0.0,0.0,1.0,0.0,-90.94,119.79,113.5,1.4,0.188,863.0,1.0,0.0104287369640787,0.015063731170336,0.0266512166859791
0.0,0.0,0.0,0.0,0.0,0.0,0.0,1.0,0.0,0.0,0.0,0.0,0.0,0.0,0.0,0.0,0.0,0.0,0.0,0.0,0.0,0.0,0.0,0.0,0.0,1.0,0.0,-126.98,126.95,25.7,1.4,0.188,863.0,1.0,0.0104287369640787,0.015063731170336,0.0266512166859791
0.0,0.0,1.0,0.0,0.0,0.0,0.0,0.0,0.0,0.0,0.0,0.0,0.0,0.0,0.0,0.0,0.0,0.0,0.0,0.0,0.0,0.0,0.0,0.0,1.0,0.0,0.0,-109.97,139.33,73.4,1.4,0.188,863.0,1.0,0.0104287369640787,0.0139049826187717,0.0254924681344148
0.0,1.0,0.0,0.0,0.0,0.0,0.0,0.0,0.0,0.0,0.0,0.0,0.0,0.0,0.0,0.0,0.0,0.0,0.0,0.0,0.0,0.0,0.0,0.0,1.0,0.0,0.0,-126.69,130.48,34.2,1.4,0.188,863.0,1.0,0.0092699884125144,0.0173812282734646,0.0278099652375434
0.0,0.0,0.0,1.0,0.0,0.0,0.0,0.0,0.0,0.0,0.0,0.0,0.0,0.0,0.0,0.0,0.0,0.0,0.0,0.0,0.0,0.0,0.0,0.0,1.0,0.0,0.0,-131.95,152.64,92.5,1.4,0.188,863.0,1.0,0.0092699884125144,0.0173812282734646,0.0278099652375434
0.0,0.0,0.0,0.0,0.0,0.0,0.0,1.0,0.0,0.0,0.0,0.0,0.0,0.0,0.0,0.0,0.0,0.0,0.0,0.0,0.0,0.0,0.0,0.0,1.0,0.0,0.0,-121.16,119.93,87.4,1.4,0.188,863.0,1.0,0.0104287369640787,0.0173812282734646,0.0289687137891077
0.0,0.0,0.0,0.0,0.0,0.0,0.0,0.0,0.0,0.0,0.0,1.0,0.0,0.0,0.0,0.0,0.0,0.0,0.0,0.0,0.0,0.0,0.0,0.0,1.0,0.0,0.0,-134.06,116.42,100.2,1.4,0.188,863.0,1.0,0.0092699884125144,0.0139049826187717,0.0243337195828505
0.0,0.0,0.0,0.0,0.0,1.0,0.0,0.0,0.0,0.0,0.0,0.0,0.0,0.0,0.0,0.0,0.0,0.0,0.0,0.0,0.0,0.0,0.0,0.0,0.0,0.0,1.0,62.0,28.56,87.3,1.4,0.188,863.0,1.0,0.0069524913093858,0.0069524913093858,0.015063731170336
0.0,0.0,0.0,0.0,0.0,1.0,0.0,0.0,0.0,0.0,0.0,0.0,0.0,0.0,0.0,0.0,0.0,0.0,0.0,0.0,0.0,0.0,0.0,0.0,0.0,0.0,1.0,83.98,-3.65,37.8,1.4,0.188,863.0,1.0,0.0069524913093858,0.015063731170336,0.0231749710312862
0.0,0.0,0.0,0.0,0.0,0.0,0.0,0.0,0.0,0.0,0.0,0.0,0.0,0.0,0.0,0.0,0.0,1.0,0.0,0.0,0.0,0.0,0.0,0.0,1.0,0.0,0.0,-96.03,131.58,46.5,1.4,0.188,863.0,1.0,0.0104287369640787,0.0208574739281575,0.0324449594438006
0.0,0.0,0.0,0.0,0.0,0.0,0.0,0.0,0.0,1.0,0.0,0.0,0.0,0.0,0.0,0.0,0.0,0.0,0.0,0.0,0.0,0.0,0.0,0.0,1.0,0.0,0.0,-91.33,127.97,0.4,1.4,0.188,863.0,1.0,0.0092699884125144,0.0208574739281575,0.0312862108922363
0.0,0.0,0.0,0.0,0.0,0.0,0.0,0.0,0.0,0.0,0.0,0.0,0.0,0.0,0.0,0.0,1.0,0.0,0.0,0.0,0.0,0.0,0.0,0.0,1.0,0.0,0.0,-123.52,123.42,27.3,1.4,0.188,863.0,1.0,0.0104287369640787,0.0173812282734646,0.0289687137891077
0.0,0.0,0.0,0.0,0.0,0.0,0.0,1.0,0.0,0.0,0.0,0.0,0.0,0.0,0.0,0.0,0.0,0.0,0.0,0.0,0.0,0.0,0.0,0.0,1.0,0.0,0.0,-106.45,126.76,2.4,1.4,0.188,863.0,1.0,0.0104287369640787,0.0208574739281575,0.0324449594438006
0.0,0.0,0.0,0.0,0.0,0.0,0.0,0.0,0.0,0.0,0.0,0.0,0.0,0.0,0.0,0.0,1.0,0.0,0.0,0.0,0.0,0.0,0.0,0.0,1.0,0.0,0.0,-117.88,135.77,39.8,1.4,0.188,863.0,1.0,0.0104287369640787,0.0231749710312862,0.0347624565469293
0.0,0.0,0.0,0.0,1.0,0.0,0.0,0.0,0.0,0.0,0.0,0.0,0.0,0.0,0.0,0.0,0.0,0.0,0.0,0.0,0.0,0.0,0.0,0.0,0.0,0.0,1.0,-104.97,165.71,7.1,1.4,0.188,863.0,1.0,0.0092699884125144,0.0220162224797219,0.0324449594438006
0.0,0.0,0.0,1.0,0.0,0.0,0.0,0.0,0.0,0.0,0.0,0.0,0.0,0.0,0.0,0.0,0.0,0.0,0.0,0.0,0.0,0.0,0.0,0.0,0.0,0.0,1.0,-59.04,-31.2,126.7,1.4,0.188,863.0,1.0,0.0092699884125144,0.0139049826187717,0.0243337195828505
0.0,0.0,0.0,0.0,0.0,0.0,0.0,0.0,0.0,0.0,0.0,1.0,0.0,0.0,0.0,0.0,0.0,0.0,0.0,0.0,0.0,0.0,0.0,0.0,0.0,0.0,1.0,-81.36,7.42,103.8,1.4,0.188,863.0,1.0,0.0104287369640787,0.0104287369640787,0.0220162224797219
0.0,0.0,0.0,0.0,0.0,1.0,0.0,0.0,0.0,0.0,0.0,0.0,0.0,0.0,0.0,0.0,0.0,0.0,0.0,0.0,0.0,0.0,0.0,0.0,0.0,0.0,1.0,87.75,-10.54,48.5,1.4,0.188,863.0,1.0,0.0069524913093858,0.0162224797219003,0.0243337195828505
0.0,0.0,0.0,0.0,0.0,0.0,0.0,0.0,0.0,0.0,0.0,0.0,0.0,0.0,0.0,1.0,0.0,0.0,0.0,0.0,0.0,0.0,0.0,0.0,0.0,1.0,0.0,-71.44,163.46,18.3,1.4,0.188,863.0,1.0,0.0092699884125144,0.0162224797219003,0.0266512166859791
0.0,0.0,0.0,0.0,0.0,0.0,0.0,0.0,1.0,0.0,0.0,0.0,0.0,0.0,0.0,0.0,0.0,0.0,0.0,0.0,0.0,0.0,0.0,0.0,1.0,0.0,0.0,-139.58,164.81,112.4,1.4,0.188,863.0,1.0,0.0092699884125144,0.0220162224797219,0.0324449594438006
0.0,0.0,0.0,0.0,0.0,0.0,0.0,1.0,0.0,0.0,0.0,0.0,0.0,0.0,0.0,0.0,0.0,0.0,0.0,0.0,0.0,0.0,0.0,0.0,1.0,0.0,0.0,-133.59,129.77,0.0,1.4,0.188,863.0,1.0,0.0104287369640787,0.0208574739281575,0.0324449594438006
0.0,0.0,0.0,0.0,0.0,0.0,0.0,1.0,0.0,0.0,0.0,0.0,0.0,0.0,0.0,0.0,0.0,0.0,0.0,0.0,0.0,0.0,0.0,0.0,1.0,0.0,0.0,-119.51,134.93,61.9,1.4,0.188,863.0,1.0,0.0104287369640787,0.0208574739281575,0.0324449594438006
0.0,0.0,0.0,0.0,0.0,0.0,0.0,1.0,0.0,0.0,0.0,0.0,0.0,0.0,0.0,0.0,0.0,0.0,0.0,0.0,0.0,0.0,0.0,0.0,1.0,0.0,0.0,-127.08,126.21,0.0,1.4,0.188,863.0,1.0,0.0104287369640787,0.0208574739281575,0.0324449594438006
0.0,0.0,0.0,0.0,0.0,0.0,0.0,0.0,0.0,0.0,0.0,1.0,0.0,0.0,0.0,0.0,0.0,0.0,0.0,0.0,0.0,0.0,0.0,0.0,1.0,0.0,0.0,-143.23,161.29,36.1,1.4,0.188,863.0,1.0,0.0092699884125144,0.0208574739281575,0.0312862108922363
0.0,0.0,0.0,0.0,0.0,0.0,0.0,0.0,0.0,0.0,0.0,0.0,0.0,0.0,1.0,0.0,0.0,0.0,0.0,0.0,0.0,0.0,0.0,0.0,1.0,0.0,0.0,-96.4,141.46,63.0,1.4,0.188,863.0,1.0,0.0092699884125144,0.0208574739281575,0.0312862108922363
0.0,0.0,0.0,0.0,0.0,0.0,0.0,0.0,0.0,0.0,0.0,0.0,0.0,1.0,0.0,0.0,0.0,0.0,0.0,0.0,0.0,0.0,0.0,0.0,1.0,0.0,0.0,-116.48,83.42,54.9,1.4,0.188,863.0,1.0,0.0092699884125144,0.0173812282734646,0.0278099652375434
0.0,0.0,0.0,1.0,0.0,0.0,0.0,0.0,0.0,0.0,0.0,0.0,0.0,0.0,0.0,0.0,0.0,0.0,0.0,0.0,0.0,0.0,1.0,0.0,0.0,0.0,0.0,-46.04,-56.46,63.0,1.4,0.188,863.0,1.0,0.0115874855156431,0.0185399768250289,0.0312862108922363
0.0,0.0,0.0,0.0,0.0,0.0,0.0,0.0,0.0,0.0,0.0,0.0,1.0,0.0,0.0,0.0,0.0,0.0,0.0,0.0,0.0,0.0,1.0,0.0,0.0,0.0,0.0,-50.27,-42.56,110.5,1.4,0.188,863.0,1.0,0.0104287369640787,0.0115874855156431,0.0231749710312862
0.0,0.0,0.0,0.0,0.0,0.0,0.0,0.0,0.0,1.0,0.0,0.0,0.0,0.0,0.0,0.0,0.0,0.0,0.0,0.0,0.0,0.0,1.0,0.0,0.0,0.0,0.0,-89.09,-5.53,96.8,1.4,0.188,863.0,1.0,0.0092699884125144,0.0173812282734646,0.0278099652375434
0.0,0.0,0.0,0.0,0.0,0.0,1.0,0.0,0.0,0.0,0.0,0.0,0.0,0.0,0.0,0.0,0.0,0.0,0.0,0.0,0.0,0.0,0.0,0.0,0.0,1.0,0.0,54.79,43.69,31.5,1.4,0.188,863.0,1.0,0.0092699884125144,0.030127462340672,0.0405561993047508
0.0,0.0,0.0,0.0,0.0,0.0,0.0,0.0,0.0,0.0,0.0,0.0,0.0,1.0,0.0,0.0,0.0,0.0,0.0,0.0,0.0,0.0,0.0,0.0,1.0,0.0,0.0,-124.22,157.78,12.4,1.4,0.188,863.0,1.0,0.0092699884125144,0.0289687137891077,0.0393974507531865
0.0,0.0,0.0,0.0,0.0,0.0,0.0,0.0,0.0,0.0,0.0,0.0,0.0,0.0,0.0,0.0,0.0,1.0,0.0,0.0,0.0,0.0,0.0,0.0,1.0,0.0,0.0,-111.08,133.78,0.0,1.4,0.188,863.0,1.0,0.0104287369640787,0.0208574739281575,0.0324449594438006
0.0,0.0,0.0,0.0,0.0,0.0,0.0,0.0,0.0,0.0,0.0,0.0,0.0,0.0,0.0,0.0,0.0,0.0,1.0,0.0,0.0,0.0,0.0,0.0,1.0,0.0,0.0,-113.6,145.66,67.1,1.4,0.188,863.0,1.0,0.0092699884125144,0.0278099652375434,0.0382387022016222
0.0,0.0,0.0,0.0,0.0,0.0,0.0,0.0,0.0,1.0,0.0,0.0,0.0,0.0,0.0,0.0,0.0,0.0,0.0,0.0,0.0,0.0,0.0,0.0,1.0,0.0,0.0,-126.48,132.96,3.3,1.4,0.188,863.0,1.0,0.0092699884125144,0.0185399768250289,0.0289687137891077
1.0,0.0,0.0,0.0,0.0,0.0,0.0,0.0,0.0,0.0,0.0,0.0,0.0,0.0,0.0,0.0,0.0,0.0,0.0,0.0,0.0,0.0,0.0,0.0,1.0,0.0,0.0,-125.05,124.27,39.9,1.4,0.188,863.0,1.0,0.0081112398609501,0.0185399768250289,0.0278099652375434
0.0,0.0,0.0,0.0,0.0,0.0,0.0,0.0,0.0,0.0,0.0,0.0,0.0,0.0,0.0,0.0,1.0,0.0,0.0,0.0,0.0,0.0,0.0,0.0,1.0,0.0,0.0,-123.29,177.39,17.8,1.4,0.188,863.0,1.0,0.0104287369640787,0.0185399768250289,0.030127462340672
0.0,0.0,0.0,0.0,0.0,0.0,0.0,0.0,1.0,0.0,0.0,0.0,0.0,0.0,0.0,0.0,0.0,0.0,0.0,0.0,0.0,0.0,0.0,0.0,0.0,0.0,1.0,-61.26,-33.34,164.1,1.4,0.188,863.0,1.0,0.0092699884125144,0.015063731170336,0.0254924681344148
0.0,0.0,0.0,0.0,0.0,0.0,0.0,0.0,0.0,0.0,0.0,0.0,0.0,1.0,0.0,0.0,0.0,0.0,0.0,0.0,0.0,0.0,0.0,0.0,0.0,0.0,1.0,-80.3,-35.86,117.8,1.4,0.188,863.0,1.0,0.0092699884125144,0.0162224797219003,0.0266512166859791
0.0,0.0,0.0,0.0,0.0,1.0,0.0,0.0,0.0,0.0,0.0,0.0,0.0,0.0,0.0,0.0,0.0,0.0,0.0,0.0,0.0,0.0,0.0,0.0,1.0,0.0,0.0,-174.57,-156.74,29.8,1.4,0.188,863.0,1.0,0.0069524913093858,0.0196987253765932,0.0278099652375434
0.0,0.0,0.0,0.0,0.0,1.0,0.0,0.0,0.0,0.0,0.0,0.0,0.0,0.0,0.0,0.0,0.0,0.0,0.0,0.0,0.0,0.0,0.0,0.0,1.0,0.0,0.0,-130.23,142.76,39.4,1.4,0.188,863.0,1.0,0.0069524913093858,0.0162224797219003,0.0243337195828505
0.0,0.0,0.0,0.0,0.0,0.0,0.0,0.0,0.0,0.0,0.0,0.0,0.0,0.0,0.0,0.0,0.0,0.0,0.0,1.0,0.0,0.0,0.0,0.0,1.0,0.0,0.0,-142.14,133.78,40.0,1.4,0.188,863.0,1.0,0.0092699884125144,0.0243337195828505,0.0347624565469293
0.0,0.0,0.0,0.0,0.0,0.0,1.0,0.0,0.0,0.0,0.0,0.0,0.0,0.0,0.0,0.0,0.0,0.0,0.0,0.0,0.0,0.0,0.0,0.0,1.0,0.0,0.0,-111.47,133.15,44.0,1.4,0.188,863.0,1.0,0.0104287369640787,0.030127462340672,0.0417149478563151
0.0,0.0,0.0,0.0,1.0,0.0,0.0,0.0,0.0,0.0,0.0,0.0,0.0,0.0,0.0,0.0,0.0,0.0,0.0,0.0,0.0,0.0,0.0,0.0,1.0,0.0,0.0,-119.72,141.4,0.0,1.4,0.188,863.0,1.0,0.0092699884125144,0.0312862108922363,0.0417149478563151
0.0,0.0,1.0,0.0,0.0,0.0,0.0,0.0,0.0,0.0,0.0,0.0,0.0,0.0,0.0,0.0,0.0,0.0,0.0,0.0,0.0,0.0,0.0,0.0,1.0,0.0,0.0,-114.16,160.1,62.3,1.4,0.188,863.0,1.0,0.0104287369640787,0.0173812282734646,0.0289687137891077
0.0,0.0,0.0,0.0,0.0,0.0,0.0,0.0,0.0,1.0,0.0,0.0,0.0,0.0,0.0,0.0,0.0,0.0,0.0,0.0,0.0,0.0,0.0,0.0,1.0,0.0,0.0,-91.93,125.48,36.8,1.4,0.188,863.0,1.0,0.0092699884125144,0.0196987253765932,0.030127462340672
0.0,0.0,0.0,0.0,0.0,0.0,0.0,0.0,1.0,0.0,0.0,0.0,0.0,0.0,0.0,0.0,0.0,0.0,0.0,0.0,0.0,0.0,0.0,0.0,1.0,0.0,0.0,-144.59,119.1,152.3,1.4,0.188,863.0,1.0,0.0092699884125144,0.0173812282734646,0.0278099652375434
0.0,0.0,0.0,0.0,0.0,1.0,0.0,0.0,0.0,0.0,0.0,0.0,0.0,0.0,0.0,0.0,0.0,0.0,0.0,0.0,0.0,0.0,0.0,0.0,0.0,0.0,1.0,65.04,37.96,52.8,1.4,0.188,863.0,1.0,0.0069524913093858,0.0115874855156431,0.0196987253765932
0.0,0.0,1.0,0.0,0.0,0.0,0.0,0.0,0.0,0.0,0.0,0.0,0.0,0.0,0.0,0.0,0.0,0.0,0.0,0.0,0.0,0.0,0.0,0.0,0.0,0.0,1.0,68.51,16.77,159.2,1.4,0.188,863.0,1.0,0.0104287369640787,0.0139049826187717,0.0254924681344148
0.0,0.0,0.0,1.0,0.0,0.0,0.0,0.0,0.0,0.0,0.0,0.0,0.0,0.0,0.0,0.0,0.0,0.0,0.0,0.0,0.0,0.0,0.0,0.0,1.0,0.0,0.0,-137.67,145.44,107.8,1.4,0.188,863.0,1.0,0.0092699884125144,0.0220162224797219,0.0324449594438006
0.0,0.0,0.0,0.0,0.0,0.0,0.0,0.0,0.0,0.0,0.0,0.0,0.0,0.0,0.0,0.0,0.0,0.0,1.0,0.0,0.0,0.0,0.0,0.0,1.0,0.0,0.0,-80.0,122.54,20.1,1.4,0.188,863.0,1.0,0.0092699884125144,0.0278099652375434,0.0382387022016222
0.0,0.0,0.0,0.0,0.0,0.0,0.0,1.0,0.0,0.0,0.0,0.0,0.0,0.0,0.0,0.0,0.0,0.0,0.0,0.0,0.0,0.0,0.0,0.0,1.0,0.0,0.0,-120.61,135.71,33.1,1.4,0.188,863.0,1.0,0.0115874855156431,0.0266512166859791,0.0393974507531865
0.0,1.0,0.0,0.0,0.0,0.0,0.0,0.0,0.0,0.0,0.0,0.0,0.0,0.0,0.0,0.0,0.0,0.0,0.0,0.0,0.0,0.0,0.0,0.0,1.0,0.0,0.0,-66.46,126.29,5.0,1.4,0.188,863.0,1.0,0.0092699884125144,0.0289687137891077,0.0393974507531865
0.0,0.0,1.0,0.0,0.0,0.0,0.0,0.0,0.0,0.0,0.0,0.0,0.0,0.0,0.0,0.0,0.0,0.0,0.0,0.0,0.0,0.0,0.0,0.0,0.0,0.0,1.0,-73.7,11.01,70.8,1.4,0.188,863.0,1.0,0.0104287369640787,0.0173812282734646,0.0289687137891077
0.0,0.0,0.0,0.0,0.0,0.0,0.0,0.0,0.0,0.0,0.0,0.0,0.0,0.0,1.0,0.0,0.0,0.0,0.0,0.0,0.0,0.0,0.0,0.0,0.0,0.0,1.0,-124.84,-31.41,210.6,1.4,0.188,863.0,1.0,0.0092699884125144,0.015063731170336,0.0254924681344148
0.0,0.0,0.0,0.0,0.0,0.0,0.0,0.0,0.0,0.0,0.0,0.0,0.0,0.0,0.0,1.0,0.0,0.0,0.0,0.0,0.0,0.0,0.0,0.0,0.0,0.0,1.0,-118.14,-18.69,63.8,1.4,0.188,863.0,1.0,0.0092699884125144,0.0104287369640787,0.0208574739281575
0.0,0.0,0.0,0.0,0.0,1.0,0.0,0.0,0.0,0.0,0.0,0.0,0.0,0.0,0.0,0.0,0.0,0.0,0.0,0.0,0.0,0.0,0.0,0.0,0.0,0.0,1.0,81.75,1.12,42.9,1.4,0.188,863.0,1.0,0.0069524913093858,0.0173812282734646,0.0254924681344148
0.0,0.0,0.0,1.0,0.0,0.0,0.0,0.0,0.0,0.0,0.0,0.0,0.0,0.0,0.0,0.0,0.0,0.0,0.0,0.0,0.0,0.0,0.0,0.0,0.0,1.0,0.0,-73.44,148.33,97.5,1.4,0.188,863.0,1.0,0.0092699884125144,0.0196987253765932,0.030127462340672
0.0,0.0,0.0,0.0,0.0,0.0,0.0,0.0,0.0,0.0,0.0,0.0,0.0,0.0,0.0,0.0,1.0,0.0,0.0,0.0,0.0,1.0,0.0,0.0,0.0,0.0,0.0,-76.78,151.2,24.8,1.4,0.188,863.0,1.0,0.0104287369640787,0.0185399768250289,0.030127462340672
0.0,0.0,0.0,0.0,1.0,0.0,0.0,0.0,0.0,0.0,0.0,0.0,0.0,0.0,0.0,0.0,0.0,0.0,0.0,0.0,0.0,0.0,0.0,1.0,0.0,0.0,0.0,-55.57,-47.69,0.9,1.4,0.188,863.0,1.0,0.0092699884125144,0.0278099652375434,0.0382387022016222
0.0,0.0,0.0,0.0,0.0,0.0,0.0,0.0,0.0,0.0,0.0,0.0,0.0,0.0,0.0,0.0,0.0,0.0,1.0,0.0,0.0,0.0,0.0,1.0,0.0,0.0,0.0,-66.33,-35.53,43.7,1.4,0.188,863.0,1.0,0.0092699884125144,0.0289687137891077,0.0393974507531865
0.0,0.0,1.0,0.0,0.0,0.0,0.0,0.0,0.0,0.0,0.0,0.0,0.0,0.0,0.0,0.0,0.0,0.0,0.0,0.0,0.0,0.0,0.0,1.0,0.0,0.0,0.0,-65.53,-43.43,85.0,1.4,0.188,863.0,1.0,0.0104287369640787,0.0196987253765932,0.0312862108922363
0.0,0.0,0.0,0.0,0.0,0.0,0.0,0.0,0.0,1.0,0.0,0.0,0.0,0.0,0.0,0.0,0.0,0.0,0.0,0.0,0.0,0.0,0.0,1.0,0.0,0.0,0.0,-69.19,-39.91,8.8,1.4,0.188,863.0,1.0,0.0092699884125144,0.0196987253765932,0.030127462340672
0.0,0.0,0.0,0.0,0.0,0.0,0.0,0.0,0.0,1.0,0.0,0.0,0.0,0.0,0.0,0.0,0.0,0.0,0.0,0.0,0.0,0.0,0.0,1.0,0.0,0.0,0.0,-66.02,-45.39,2.4,1.4,0.188,863.0,1.0,0.0092699884125144,0.0208574739281575,0.0312862108922363
0.0,0.0,0.0,1.0,0.0,0.0,0.0,0.0,0.0,0.0,0.0,0.0,0.0,0.0,0.0,0.0,0.0,0.0,0.0,0.0,0.0,0.0,0.0,1.0,0.0,0.0,0.0,-64.32,-41.12,19.4,1.4,0.188,863.0,1.0,0.0092699884125144,0.0266512166859791,0.0370799536500579
0.0,0.0,0.0,0.0,0.0,0.0,0.0,0.0,0.0,0.0,0.0,0.0,0.0,1.0,0.0,0.0,0.0,0.0,0.0,0.0,0.0,0.0,0.0,1.0,0.0,0.0,0.0,-61.7,-46.14,87.0,1.4,0.188,863.0,1.0,0.0092699884125144,0.0220162224797219,0.0324449594438006
1.0,0.0,0.0,0.0,0.0,0.0,0.0,0.0,0.0,0.0,0.0,0.0,0.0,0.0,0.0,0.0,0.0,0.0,0.0,0.0,0.0,0.0,0.0,1.0,0.0,0.0,0.0,-65.64,-45.02,4.3,1.4,0.188,863.0,1.0,0.0081112398609501,0.0231749710312862,0.0324449594438006
1.0,0.0,0.0,0.0,0.0,0.0,0.0,0.0,0.0,0.0,0.0,0.0,0.0,0.0,0.0,0.0,0.0,0.0,0.0,0.0,0.0,0.0,0.0,1.0,0.0,0.0,0.0,-62.26,-40.68,5.8,1.4,0.188,863.0,1.0,0.0081112398609501,0.0254924681344148,0.0347624565469293
0.0,0.0,0.0,0.0,0.0,0.0,0.0,0.0,0.0,0.0,0.0,0.0,0.0,0.0,0.0,0.0,1.0,0.0,0.0,0.0,0.0,0.0,0.0,1.0,0.0,0.0,0.0,-63.86,-44.49,46.3,1.4,0.188,863.0,1.0,0.0104287369640787,0.0289687137891077,0.0405561993047508
0.0,0.0,0.0,0.0,0.0,0.0,0.0,0.0,0.0,0.0,0.0,0.0,0.0,1.0,0.0,0.0,0.0,0.0,0.0,0.0,0.0,0.0,0.0,1.0,0.0,0.0,0.0,-65.52,-45.17,122.6,1.4,0.188,863.0,1.0,0.0092699884125144,0.0208574739281575,0.0312862108922363
0.0,0.0,0.0,0.0,0.0,0.0,0.0,0.0,0.0,0.0,0.0,0.0,0.0,1.0,0.0,0.0,0.0,0.0,0.0,0.0,0.0,0.0,0.0,1.0,0.0,0.0,0.0,-74.42,-24.92,11.4,1.4,0.188,863.0,1.0,0.0092699884125144,0.0254924681344148,0.0359212050984936
1.0,0.0,0.0,0.0,0.0,0.0,0.0,0.0,0.0,0.0,0.0,0.0,0.0,0.0,0.0,0.0,0.0,0.0,0.0,0.0,0.0,0.0,0.0,1.0,0.0,0.0,0.0,-90.16,-23.91,21.0,1.4,0.188,863.0,1.0,0.0081112398609501,0.0208574739281575,0.030127462340672
0.0,0.0,0.0,0.0,0.0,1.0,0.0,0.0,0.0,0.0,0.0,0.0,0.0,0.0,0.0,0.0,0.0,0.0,0.0,0.0,0.0,0.0,0.0,0.0,0.0,1.0,0.0,71.6,30.94,68.8,1.4,0.188,863.0,1.0,0.0069524913093858,0.0139049826187717,0.0220162224797219
0.0,0.0,0.0,1.0,0.0,0.0,0.0,0.0,0.0,0.0,0.0,0.0,0.0,0.0,0.0,0.0,0.0,0.0,0.0,0.0,0.0,0.0,0.0,0.0,0.0,1.0,0.0,-158.96,147.51,46.8,1.4,0.188,863.0,1.0,0.0092699884125144,0.0162224797219003,0.0266512166859791
0.0,0.0,0.0,0.0,0.0,0.0,0.0,0.0,0.0,0.0,0.0,0.0,0.0,0.0,0.0,0.0,1.0,0.0,0.0,0.0,0.0,0.0,0.0,0.0,0.0,1.0,0.0,-58.45,124.23,102.7,1.4,0.188,863.0,1.0,0.0104287369640787,0.015063731170336,0.0266512166859791
0.0,0.0,0.0,0.0,0.0,0.0,0.0,0.0,0.0,0.0,0.0,0.0,0.0,0.0,0.0,0.0,0.0,1.0,0.0,0.0,0.0,0.0,0.0,0.0,0.0,1.0,0.0,-123.77,91.41,2.3,1.4,0.188,863.0,1.0,0.0104287369640787,0.0185399768250289,0.030127462340672
0.0,0.0,0.0,0.0,0.0,0.0,0.0,0.0,0.0,0.0,0.0,0.0,0.0,0.0,0.0,1.0,0.0,0.0,0.0,0.0,0.0,0.0,0.0,0.0,0.0,1.0,0.0,-126.41,137.46,61.2,1.4,0.188,863.0,1.0,0.0092699884125144,0.0196987253765932,0.030127462340672
0.0,0.0,0.0,0.0,1.0,0.0,0.0,0.0,0.0,0.0,0.0,0.0,0.0,0.0,0.0,0.0,0.0,0.0,0.0,0.0,0.0,0.0,0.0,0.0,0.0,1.0,0.0,-121.03,30.93,36.1,1.4,0.188,863.0,1.0,0.0092699884125144,0.0208574739281575,0.0312862108922363
0.0,0.0,0.0,0.0,0.0,0.0,0.0,0.0,0.0,0.0,0.0,0.0,0.0,0.0,1.0,0.0,0.0,0.0,0.0,0.0,0.0,0.0,0.0,0.0,0.0,1.0,0.0,-71.56,360.0,187.1,1.4,0.188,863.0,1.0,0.0104287369640787,0.0081112398609501,0.0196987253765932
