1.0,0.0,0.0,0.0,0.0,0.0,0.0,0.0,0.0,0.0,0.0,0.0,0.0,0.0,0.0,0.0,0.0,0.0,0.0,0.0,0.0,0.0,0.0,0.0,0.0,1.0,0.0,360.0,126.75,117.8,1.3,0.118,626.0,1.0,0.0079872204472843,0.011182108626198,0.0207667731629392
0.0,0.0,0.0,0.0,0.0,0.0,0.0,1.0,0.0,0.0,0.0,0.0,0.0,0.0,0.0,0.0,0.0,0.0,0.0,0.0,0.0,0.0,0.0,0.0,0.0,1.0,0.0,-126.41,132.58,19.0,1.3,0.118,626.0,1.0,0.0143769968051118,0.0191693290734824,0.0351437699680511
0.0,0.0,0.0,0.0,0.0,0.0,0.0,0.0,0.0,0.0,0.0,0.0,0.0,0.0,0.0,1.0,0.0,0.0,0.0,0.0,0.0,0.0,0.0,0.0,0.0,1.0,0.0,-118.98,157.82,68.2,1.3,0.118,626.0,1.0,0.0127795527156549,0.0191693290734824,0.0335463258785942
0.0,1.0,0.0,0.0,0.0,0.0,0.0,0.0,0.0,0.0,0.0,0.0,0.0,0.0,0.0,0.0,0.0,0.0,0.0,0.0,0.0,0.0,0.0,1.0,0.0,0.0,0.0,-71.1,-27.25,67.9,1.3,0.118,626.0,1.0,0.0127795527156549,0.0223642172523961,0.0367412140575079
0.0,0.0,0.0,0.0,0.0,1.0,0.0,0.0,0.0,0.0,0.0,0.0,0.0,0.0,0.0,0.0,0.0,0.0,0.0,0.0,0.0,0.0,0.0,1.0,0.0,0.0,0.0,-68.66,-36.8,47.0,1.3,0.118,626.0,1.0,0.0095846645367412,0.0223642172523961,0.0335463258785942
0.0,0.0,0.0,0.0,0.0,0.0,0.0,0.0,0.0,0.0,0.0,0.0,0.0,1.0,0.0,0.0,0.0,0.0,0.0,0.0,0.0,0.0,0.0,1.0,0.0,0.0,0.0,-62.05,-44.53,74.1,1.3,0.118,626.0,1.0,0.0127795527156549,0.0271565495207667,0.0415335463258785
0.0,0.0,0.0,0.0,0.0,0.0,0.0,0.0,0.0,0.0,0.0,0.0,0.0,0.0,0.0,0.0,0.0,1.0,0.0,0.0,0.0,0.0,0.0,1.0,0.0,0.0,0.0,-60.15,-52.26,1.6,1.3,0.118,626.0,1.0,0.0143769968051118,0.0287539936102236,0.0447284345047923
1.0,0.0,0.0,0.0,0.0,0.0,0.0,0.0,0.0,0.0,0.0,0.0,0.0,0.0,0.0,0.0,0.0,0.0,0.0,0.0,0.0,0.0,0.0,1.0,0.0,0.0,0.0,-56.29,-40.28,53.6,1.3,0.118,626.0,1.0,0.011182108626198,0.0303514376996805,0.0431309904153354
0.0,0.0,0.0,0.0,0.0,0.0,0.0,0.0,0.0,0.0,0.0,0.0,0.0,0.0,0.0,1.0,0.0,0.0,0.0,0.0,0.0,0.0,0.0,1.0,0.0,0.0,0.0,-67.85,-40.07,90.6,1.3,0.118,626.0,1.0,0.0127795527156549,0.023961661341853,0.0383386581469648
1.0,0.0,0.0,0.0,0.0,0.0,0.0,0.0,0.0,0.0,0.0,0.0,0.0,0.0,0.0,0.0,0.0,0.0,0.0,0.0,0.0,0.0,0.0,1.0,0.0,0.0,0.0,-63.93,-42.13,19.2,1.3,0.118,626.0,1.0,0.011182108626198,0.0255591054313099,0.0383386581469648
0.0,0.0,0.0,0.0,0.0,0.0,0.0,1.0,0.0,0.0,0.0,0.0,0.0,0.0,0.0,0.0,0.0,0.0,0.0,0.0,0.0,0.0,0.0,1.0,0.0,0.0,0.0,-98.92,-0.36,20.8,1.3,0.118,626.0,1.0,0.0143769968051118,0.0271565495207667,0.0431309904153354
1.0,0.0,0.0,0.0,0.0,0.0,0.0,0.0,0.0,0.0,0.0,0.0,0.0,0.0,0.0,0.0,0.0,0.0,0.0,0.0,0.0,0.0,0.0,1.0,0.0,0.0,0.0,-46.48,-48.04,54.7,1.3,0.118,626.0,1.0,0.011182108626198,0.0303514376996805,0.0431309904153354
0.0,0.0,0.0,0.0,0.0,0.0,0.0,0.0,0.0,0.0,0.0,0.0,1.0,0.0,0.0,0.0,0.0,0.0,0.0,0.0,0.0,0.0,0.0,0.0,0.0,1.0,0.0,-61.4,-15.08,54.0,1.3,0.118,626.0,1.0,0.0143769968051118,0.0207667731629392,0.0367412140575079
0.0,1.0,0.0,0.0,0.0,0.0,0.0,0.0,0.0,0.0,0.0,0.0,0.0,0.0,0.0,0.0,0.0,0.0,0.0,0.0,0.0,0.0,0.0,1.0,0.0,0.0,0.0,-84.97,-16.03,7.0,1.3,0.118,626.0,1.0,0.0127795527156549,0.0271565495207667,0.0415335463258785
0.0,0.0,0.0,0.0,0.0,0.0,0.0,1.0,0.0,0.0,0.0,0.0,0.0,0.0,0.0,0.0,0.0,0.0,0.0,0.0,0.0,0.0,0.0,1.0,0.0,0.0,0.0,-60.58,-40.66,41.5,1.3,0.118,626.0,1.0,0.0143769968051118,0.0271565495207667,0.0431309904153354
0.0,0.0,0.0,0.0,0.0,0.0,0.0,0.0,0.0,0.0,0.0,0.0,0.0,0.0,0.0,1.0,0.0,0.0,0.0,0.0,0.0,0.0,0.0,1.0,0.0,0.0,0.0,-57.54,-42.75,50.8,1.3,0.118,626.0,1.0,0.0127795527156549,0.0303514376996805,0.0447284345047923
0.0,0.0,0.0,0.0,0.0,0.0,0.0,0.0,0.0,0.0,0.0,0.0,0.0,0.0,0.0,0.0,0.0,0.0,0.0,1.0,0.0,0.0,0.0,1.0,0.0,0.0,0.0,-65.26,-40.53,7.6,1.3,0.118,626.0,1.0,0.0127795527156549,0.0367412140575079,0.0511182108626198
1.0,0.0,0.0,0.0,0.0,0.0,0.0,0.0,0.0,0.0,0.0,0.0,0.0,0.0,0.0,0.0,0.0,0.0,0.0,0.0,0.0,0.0,0.0,1.0,0.0,0.0,0.0,-62.25,-22.97,7.4,1.3,0.118,626.0,1.0,0.011182108626198,0.0351437699680511,0.047923322683706
0.0,0.0,0.0,0.0,0.0,0.0,0.0,0.0,0.0,0.0,0.0,0.0,0.0,0.0,1.0,0.0,0.0,0.0,0.0,0.0,0.0,0.0,0.0,1.0,0.0,0.0,0.0,-88.09,-5.74,114.7,1.3,0.118,626.0,1.0,0.0127795527156549,0.0335463258785942,0.047923322683706
0.0,0.0,0.0,0.0,0.0,1.0,0.0,0.0,0.0,0.0,0.0,0.0,0.0,0.0,0.0,0.0,0.0,0.0,0.0,0.0,0.0,0.0,0.0,0.0,0.0,1.0,0.0,103.0,5.72,33.0,1.3,0.118,626.0,1.0,0.0095846645367412,0.0287539936102236,0.0399361022364217
0.0,0.0,0.0,0.0,0.0,0.0,0.0,0.0,0.0,0.0,0.0,0.0,0.0,1.0,0.0,0.0,0.0,0.0,0.0,0.0,0.0,0.0,0.0,0.0,0.0,1.0,0.0,-94.03,128.72,109.9,1.3,0.118,626.0,1.0,0.0127795527156549,0.0207667731629392,0.0351437699680511
0.0,0.0,0.0,0.0,0.0,1.0,0.0,0.0,0.0,0.0,0.0,0.0,0.0,0.0,0.0,0.0,0.0,0.0,0.0,0.0,0.0,0.0,0.0,0.0,0.0,1.0,0.0,98.13,164.32,61.6,1.3,0.118,626.0,1.0,0.0095846645367412,0.0159744408945686,0.0271565495207667
0.0,0.0,0.0,0.0,0.0,0.0,0.0,0.0,0.0,0.0,0.0,0.0,0.0,0.0,0.0,1.0,0.0,0.0,0.0,0.0,0.0,0.0,0.0,0.0,0.0,1.0,0.0,-100.48,-6.28,123.2,1.3,0.118,626.0,1.0,0.0127795527156549,0.011182108626198,0.0255591054313099
0.0,0.0,0.0,0.0,0.0,1.0,0.0,0.0,0.0,0.0,0.0,0.0,0.0,0.0,0.0,0.0,0.0,0.0,0.0,0.0,0.0,0.0,0.0,0.0,0.0,1.0,0.0,-170.54,168.15,25.7,1.3,0.118,626.0,1.0,0.011182108626198,0.0303514376996805,0.0431309904153354
0.0,0.0,0.0,0.0,0.0,0.0,0.0,0.0,0.0,0.0,0.0,0.0,1.0,0.0,0.0,0.0,0.0,0.0,0.0,0.0,0.0,0.0,0.0,0.0,0.0,1.0,0.0,-71.24,142.8,22.4,1.3,0.118,626.0,1.0,0.0143769968051118,0.0223642172523961,0.0383386581469648
0.0,0.0,0.0,0.0,0.0,0.0,0.0,0.0,0.0,0.0,0.0,0.0,0.0,0.0,0.0,1.0,0.0,0.0,0.0,0.0,0.0,0.0,0.0,0.0,0.0,1.0,0.0,-72.77,168.58,59.1,1.3,0.118,626.0,1.0,0.0127795527156549,0.0175718849840255,0.0319488817891373
1.0,0.0,0.0,0.0,0.0,0.0,0.0,0.0,0.0,0.0,0.0,0.0,0.0,0.0,0.0,0.0,0.0,0.0,0.0,0.0,0.0,0.0,0.0,1.0,0.0,0.0,0.0,-56.44,-42.81,87.8,1.3,0.118,626.0,1.0,0.011182108626198,0.0143769968051118,0.0271565495207667
0.0,0.0,0.0,0.0,0.0,1.0,0.0,0.0,0.0,0.0,0.0,0.0,0.0,0.0,0.0,0.0,0.0,0.0,0.0,0.0,0.0,0.0,0.0,1.0,0.0,0.0,0.0,-64.33,-36.4,37.8,1.3,0.118,626.0,1.0,0.0095846645367412,0.0255591054313099,0.0367412140575079
0.0,1.0,0.0,0.0,0.0,0.0,0.0,0.0,0.0,0.0,0.0,0.0,0.0,0.0,0.0,0.0,0.0,0.0,0.0,0.0,0.0,0.0,0.0,1.0,0.0,0.0,0.0,-64.36,-50.19,0.2,1.3,0.118,626.0,1.0,0.0127795527156549,0.0367412140575079,0.0511182108626198
0.0,1.0,0.0,0.0,0.0,0.0,0.0,0.0,0.0,0.0,0.0,0.0,0.0,0.0,0.0,0.0,0.0,0.0,0.0,0.0,0.0,0.0,0.0,1.0,0.0,0.0,0.0,-64.74,-32.98,14.6,1.3,0.118,626.0,1.0,0.0127795527156549,0.0319488817891373,0.0463258785942492
0.0,0.0,0.0,0.0,0.0,0.0,0.0,0.0,0.0,0.0,0.0,0.0,0.0,0.0,0.0,1.0,0.0,0.0,0.0,0.0,0.0,0.0,0.0,1.0,0.0,0.0,0.0,-60.11,-42.19,79.4,1.3,0.118,626.0,1.0,0.0127795527156549,0.023961661341853,0.0383386581469648
0.0,0.0,0.0,0.0,0.0,1.0,0.0,0.0,0.0,0.0,0.0,0.0,0.0,0.0,0.0,0.0,0.0,0.0,0.0,0.0,0.0,0.0,0.0,1.0,0.0,0.0,0.0,-68.96,-40.87,8.5,1.3,0.118,626.0,1.0,0.0095846645367412,0.0319488817891373,0.0431309904153354
0.0,0.0,0.0,0.0,0.0,0.0,0.0,0.0,0.0,0.0,0.0,0.0,0.0,0.0,0.0,0.0,0.0,1.0,0.0,0.0,0.0,0.0,0.0,1.0,0.0,0.0,0.0,-62.78,-43.92,23.0,1.3,0.118,626.0,1.0,0.0143769968051118,0.0223642172523961,0.0383386581469648
0.0,0.0,0.0,0.0,0.0,0.0,0.0,0.0,0.0,0.0,0.0,0.0,0.0,0.0,1.0,0.0,0.0,0.0,0.0,0.0,0.0,0.0,0.0,1.0,0.0,0.0,0.0,-68.15,-38.87,104.0,1.3,0.118,626.0,1.0,0.0127795527156549,0.0335463258785942,0.047923322683706
0.0,0.0,0.0,0.0,0.0,0.0,0.0,0.0,0.0,0.0,0.0,0.0,0.0,0.0,0.0,1.0,0.0,0.0,0.0,0.0,0.0,0.0,0.0,1.0,0.0,0.0,0.0,-58.4,-46.12,66.4,1.3,0.118,626.0,1.0,0.0127795527156549,0.0271565495207667,0.0415335463258785
0.0,0.0,0.0,0.0,0.0,0.0,0.0,0.0,0.0,1.0,0.0,0.0,0.0,0.0,0.0,0.0,0.0,0.0,0.0,0.0,0.0,0.0,0.0,1.0,0.0,0.0,0.0,-63.92,-42.48,12.6,1.3,0.118,626.0,1.0,0.0127795527156549,0.0271565495207667,0.0415335463258785
0.0,0.0,0.0,0.0,0.0,0.0,0.0,0.0,0.0,0.0,0.0,1.0,0.0,0.0,0.0,0.0,0.0,0.0,0.0,0.0,0.0,0.0,0.0,1.0,0.0,0.0,0.0,-62.08,-37.1,71.0,1.3,0.118,626.0,1.0,0.0143769968051118,0.023961661341853,0.0399361022364217
0.0,0.0,0.0,0.0,0.0,0.0,0.0,0.0,0.0,0.0,0.0,1.0,0.0,0.0,0.0,0.0,0.0,0.0,0.0,0.0,0.0,0.0,0.0,1.0,0.0,0.0,0.0,-73.78,-30.62,99.2,1.3,0.118,626.0,1.0,0.0143769968051118,0.0223642172523961,0.0383386581469648
1.0,0.0,0.0,0.0,0.0,0.0,0.0,0.0,0.0,0.0,0.0,0.0,0.0,0.0,0.0,0.0,0.0,0.0,0.0,0.0,0.0,0.0,0.0,1.0,0.0,0.0,0.0,-78.84,-24.44,26.7,1.3,0.118,626.0,1.0,0.011182108626198,0.0271565495207667,0.0399361022364217
1.0,0.0,0.0,0.0,0.0,0.0,0.0,0.0,0.0,0.0,0.0,0.0,0.0,0.0,0.0,0.0,0.0,0.0,0.0,0.0,0.0,0.0,0.0,0.0,0.0,1.0,0.0,-87.16,90.94,14.2,1.3,0.118,626.0,1.0,0.011182108626198,0.0319488817891373,0.0447284345047923
0.0,0.0,0.0,0.0,0.0,0.0,0.0,0.0,0.0,0.0,0.0,0.0,0.0,0.0,1.0,0.0,0.0,0.0,0.0,0.0,0.0,0.0,0.0,0.0,0.0,1.0,0.0,-115.91,4.63,170.7,1.3,0.118,626.0,1.0,0.0127795527156549,0.0271565495207667,0.0415335463258785
0.0,0.0,0.0,0.0,0.0,0.0,0.0,0.0,0.0,0.0,0.0,0.0,0.0,0.0,0.0,0.0,1.0,0.0,0.0,0.0,0.0,0.0,0.0,0.0,0.0,1.0,0.0,-138.03,163.82,66.3,1.3,0.118,626.0,1.0,0.0143769968051118,0.023961661341853,0.0399361022364217
0.0,0.0,0.0,0.0,0.0,0.0,0.0,0.0,0.0,0.0,0.0,0.0,0.0,0.0,0.0,0.0,1.0,0.0,0.0,0.0,0.0,0.0,0.0,1.0,0.0,0.0,0.0,-57.23,-43.27,54.6,1.3,0.118,626.0,1.0,0.0143769968051118,0.0287539936102236,0.0447284345047923
1.0,0.0,0.0,0.0,0.0,0.0,0.0,0.0,0.0,0.0,0.0,0.0,0.0,0.0,0.0,0.0,0.0,0.0,0.0,0.0,0.0,0.0,0.0,1.0,0.0,0.0,0.0,-59.44,-43.75,69.6,1.3,0.118,626.0,1.0,0.011182108626198,0.0223642172523961,0.0351437699680511
0.0,0.0,1.0,0.0,0.0,0.0,0.0,0.0,0.0,0.0,0.0,0.0,0.0,0.0,0.0,0.0,0.0,0.0,0.0,0.0,0.0,0.0,0.0,1.0,0.0,0.0,0.0,-60.41,-44.53,16.3,1.3,0.118,626.0,1.0,0.0143769968051118,0.0303514376996805,0.0463258785942492
0.0,0.0,0.0,0.0,0.0,0.0,0.0,0.0,0.0,0.0,0.0,0.0,0.0,0.0,1.0,0.0,0.0,0.0,0.0,0.0,0.0,0.0,0.0,1.0,0.0,0.0,0.0,-70.32,-35.17,85.5,1.3,0.118,626.0,1.0,0.0127795527156549,0.0319488817891373,0.0463258785942492
0.0,0.0,0.0,0.0,0.0,0.0,0.0,0.0,0.0,0.0,0.0,0.0,0.0,0.0,1.0,0.0,0.0,0.0,0.0,0.0,0.0,0.0,0.0,1.0,0.0,0.0,0.0,-72.03,-35.26,95.6,1.3,0.118,626.0,1.0,0.0127795527156549,0.0335463258785942,0.047923322683706
1.0,0.0,0.0,0.0,0.0,0.0,0.0,0.0,0.0,0.0,0.0,0.0,0.0,0.0,0.0,0.0,0.0,0.0,0.0,0.0,0.0,0.0,0.0,1.0,0.0,0.0,0.0,-64.73,-44.89,33.0,1.3,0.118,626.0,1.0,0.011182108626198,0.0255591054313099,0.0383386581469648
1.0,0.0,0.0,0.0,0.0,0.0,0.0,0.0,0.0,0.0,0.0,0.0,0.0,0.0,0.0,0.0,0.0,0.0,0.0,0.0,0.0,0.0,0.0,1.0,0.0,0.0,0.0,-60.41,-42.62,6.4,1.3,0.118,626.0,1.0,0.011182108626198,0.0335463258785942,0.0463258785942492
0.0,1.0,0.0,0.0,0.0,0.0,0.0,0.0,0.0,0.0,0.0,0.0,0.0,0.0,0.0,0.0,0.0,0.0,0.0,0.0,0.0,0.0,0.0,1.0,0.0,0.0,0.0,-53.57,-51.21,1.5,1.3,0.118,626.0,1.0,0.0127795527156549,0.0335463258785942,0.047923322683706
0.0,0.0,0.0,0.0,0.0,0.0,0.0,0.0,0.0,0.0,0.0,1.0,0.0,0.0,0.0,0.0,0.0,0.0,0.0,0.0,0.0,0.0,0.0,1.0,0.0,0.0,0.0,-62.84,-42.37,90.7,1.3,0.118,626.0,1.0,0.0127795527156549,0.0303514376996805,0.0447284345047923
0.0,1.0,0.0,0.0,0.0,0.0,0.0,0.0,0.0,0.0,0.0,0.0,0.0,0.0,0.0,0.0,0.0,0.0,0.0,0.0,0.0,0.0,0.0,1.0,0.0,0.0,0.0,-63.11,-39.66,7.6,1.3,0.118,626.0,1.0,0.0127795527156549,0.0271565495207667,0.0415335463258785
0.0,0.0,0.0,0.0,0.0,0.0,0.0,0.0,0.0,1.0,0.0,0.0,0.0,0.0,0.0,0.0,0.0,0.0,0.0,0.0,0.0,0.0,0.0,1.0,0.0,0.0,0.0,-72.35,-36.21,23.7,1.3,0.118,626.0,1.0,0.0127795527156549,0.0335463258785942,0.047923322683706
0.0,0.0,0.0,0.0,0.0,0.0,0.0,0.0,1.0,0.0,0.0,0.0,0.0,0.0,0.0,0.0,0.0,0.0,0.0,0.0,0.0,0.0,0.0,1.0,0.0,0.0,0.0,-65.4,-40.09,60.7,1.3,0.118,626.0,1.0,0.0127795527156549,0.0287539936102236,0.0431309904153354
0.0,0.0,0.0,0.0,0.0,0.0,0.0,0.0,0.0,0.0,0.0,1.0,0.0,0.0,0.0,0.0,0.0,0.0,0.0,0.0,0.0,0.0,0.0,1.0,0.0,0.0,0.0,-63.27,-43.4,120.4,1.3,0.118,626.0,1.0,0.0127795527156549,0.0271565495207667,0.0415335463258785
1.0,0.0,0.0,0.0,0.0,0.0,0.0,0.0,0.0,0.0,0.0,0.0,0.0,0.0,0.0,0.0,0.0,0.0,0.0,0.0,0.0,0.0,0.0,1.0,0.0,0.0,0.0,-60.35,-41.88,27.0,1.3,0.118,626.0,1.0,0.011182108626198,0.0271565495207667,0.0399361022364217
1.0,0.0,0.0,0.0,0.0,0.0,0.0,0.0,0.0,0.0,0.0,0.0,0.0,0.0,0.0,0.0,0.0,0.0,0.0,0.0,0.0,0.0,0.0,1.0,0.0,0.0,0.0,-68.99,-28.28,28.5,1.3,0.118,626.0,1.0,0.011182108626198,0.0223642172523961,0.0351437699680511
1.0,0.0,0.0,0.0,0.0,0.0,0.0,0.0,0.0,0.0,0.0,0.0,0.0,0.0,0.0,0.0,0.0,0.0,0.0,0.0,0.0,0.0,0.0,1.0,0.0,0.0,0.0,-75.93,-19.55,67.7,1.3,0.118,626.0,1.0,0.011182108626198,0.0191693290734824,0.0319488817891373
0.0,0.0,0.0,0.0,0.0,1.0,0.0,0.0,0.0,0.0,0.0,0.0,0.0,0.0,0.0,0.0,0.0,0.0,0.0,0.0,0.0,0.0,0.0,1.0,0.0,0.0,0.0,-112.39,16.26,58.0,1.3,0.118,626.0,1.0,0.0095846645367412,0.0207667731629392,0.0319488817891373
0.0,0.0,0.0,0.0,0.0,0.0,0.0,0.0,0.0,0.0,0.0,0.0,0.0,0.0,0.0,0.0,0.0,1.0,0.0,0.0,0.0,0.0,0.0,0.0,0.0,0.0,1.0,-83.21,104.13,18.6,1.3,0.118,626.0,1.0,0.0143769968051118,0.0159744408945686,0.0319488817891373
0.0,0.0,0.0,0.0,0.0,0.0,0.0,0.0,0.0,0.0,0.0,0.0,0.0,0.0,0.0,1.0,0.0,0.0,0.0,0.0,0.0,0.0,0.0,0.0,0.0,0.0,1.0,-68.69,130.94,94.6,1.3,0.118,626.0,1.0,0.0127795527156549,0.0159744408945686,0.0303514376996805
0.0,0.0,0.0,0.0,0.0,1.0,0.0,0.0,0.0,0.0,0.0,0.0,0.0,0.0,0.0,0.0,0.0,0.0,0.0,0.0,0.0,0.0,0.0,0.0,0.0,0.0,1.0,75.42,26.72,61.5,1.3,0.118,626.0,1.0,0.0095846645367412,0.0143769968051118,0.0255591054313099
0.0,0.0,0.0,0.0,0.0,0.0,0.0,0.0,0.0,1.0,0.0,0.0,0.0,0.0,0.0,0.0,0.0,0.0,0.0,0.0,0.0,0.0,0.0,0.0,0.0,0.0,1.0,-45.68,132.97,80.7,1.3,0.118,626.0,1.0,0.0127795527156549,0.0303514376996805,0.0447284345047923
0.0,0.0,0.0,0.0,0.0,0.0,0.0,0.0,0.0,0.0,0.0,1.0,0.0,0.0,0.0,0.0,0.0,0.0,0.0,0.0,0.0,0.0,0.0,0.0,0.0,1.0,0.0,-107.95,106.03,66.3,1.3,0.118,626.0,1.0,0.0143769968051118,0.0287539936102236,0.0447284345047923
1.0,0.0,0.0,0.0,0.0,0.0,0.0,0.0,0.0,0.0,0.0,0.0,0.0,0.0,0.0,0.0,0.0,0.0,0.0,0.0,0.0,0.0,0.0,1.0,0.0,0.0,0.0,-60.64,-43.76,67.1,1.3,0.118,626.0,1.0,0.011182108626198,0.0207667731629392,0.0335463258785942
0.0,0.0,0.0,0.0,0.0,1.0,0.0,0.0,0.0,0.0,0.0,0.0,0.0,0.0,0.0,0.0,0.0,0.0,0.0,0.0,0.0,0.0,0.0,1.0,0.0,0.0,0.0,-60.22,-45.15,51.0,1.3,0.118,626.0,1.0,0.0095846645367412,0.0207667731629392,0.0319488817891373
0.0,0.0,0.0,0.0,0.0,0.0,0.0,0.0,0.0,0.0,0.0,1.0,0.0,0.0,0.0,0.0,0.0,0.0,0.0,0.0,0.0,0.0,0.0,1.0,0.0,0.0,0.0,-60.28,-51.26,31.7,1.3,0.118,626.0,1.0,0.0143769968051118,0.0351437699680511,0.0511182108626198
1.0,0.0,0.0,0.0,0.0,0.0,0.0,0.0,0.0,0.0,0.0,0.0,0.0,0.0,0.0,0.0,0.0,0.0,0.0,0.0,0.0,0.0,0.0,1.0,0.0,0.0,0.0,-59.85,-43.83,31.0,1.3,0.118,626.0,1.0,0.011182108626198,0.0271565495207667,0.0399361022364217
1.0,0.0,0.0,0.0,0.0,0.0,0.0,0.0,0.0,0.0,0.0,0.0,0.0,0.0,0.0,0.0,0.0,0.0,0.0,0.0,0.0,0.0,0.0,1.0,0.0,0.0,0.0,-65.57,-21.16,59.3,1.3,0.118,626.0,1.0,0.011182108626198,0.0207667731629392,0.0335463258785942
0.0,0.0,0.0,0.0,0.0,0.0,0.0,0.0,0.0,0.0,0.0,0.0,0.0,0.0,0.0,1.0,0.0,0.0,0.0,0.0,0.0,0.0,0.0,1.0,0.0,0.0,0.0,-87.85,-7.01,19.0,1.3,0.118,626.0,1.0,0.0127795527156549,0.0271565495207667,0.0415335463258785
0.0,0.0,0.0,0.0,0.0,0.0,0.0,1.0,0.0,0.0,0.0,0.0,0.0,0.0,0.0,0.0,0.0,0.0,0.0,0.0,0.0,0.0,0.0,1.0,0.0,0.0,0.0,-59.83,-51.25,18.0,1.3,0.118,626.0,1.0,0.0159744408945686,0.0303514376996805,0.047923322683706
0.0,0.0,0.0,0.0,0.0,0.0,0.0,0.0,0.0,0.0,0.0,0.0,1.0,0.0,0.0,0.0,0.0,0.0,0.0,0.0,0.0,0.0,0.0,1.0,0.0,0.0,0.0,-55.17,-49.15,30.7,1.3,0.118,626.0,1.0,0.0143769968051118,0.0271565495207667,0.0431309904153354
0.0,0.0,0.0,0.0,0.0,0.0,0.0,0.0,0.0,0.0,0.0,0.0,0.0,0.0,0.0,1.0,0.0,0.0,0.0,0.0,0.0,0.0,0.0,1.0,0.0,0.0,0.0,-64.61,-38.79,92.7,1.3,0.118,626.0,1.0,0.0127795527156549,0.0223642172523961,0.0367412140575079
0.0,0.0,0.0,0.0,0.0,0.0,0.0,0.0,1.0,0.0,0.0,0.0,0.0,0.0,0.0,0.0,0.0,0.0,0.0,0.0,0.0,0.0,0.0,1.0,0.0,0.0,0.0,-69.64,-22.36,111.0,1.3,0.118,626.0,1.0,0.0127795527156549,0.0271565495207667,0.0415335463258785
0.0,1.0,0.0,0.0,0.0,0.0,0.0,0.0,0.0,0.0,0.0,0.0,0.0,0.0,0.0,0.0,0.0,0.0,0.0,0.0,0.0,0.0,0.0,1.0,0.0,0.0,0.0,-93.18,-0.86,5.8,1.3,0.118,626.0,1.0,0.0127795527156549,0.0223642172523961,0.0367412140575079
0.0,0.0,0.0,0.0,0.0,1.0,0.0,0.0,0.0,0.0,0.0,0.0,0.0,0.0,0.0,0.0,0.0,0.0,0.0,0.0,0.0,0.0,0.0,0.0,0.0,1.0,0.0,74.42,26.22,61.1,1.3,0.118,626.0,1.0,0.0095846645367412,0.0223642172523961,0.0335463258785942
0.0,0.0,0.0,0.0,0.0,0.0,0.0,0.0,0.0,0.0,0.0,0.0,0.0,0.0,0.0,0.0,0.0,1.0,0.0,0.0,0.0,0.0,0.0,0.0,0.0,1.0,0.0,-113.39,127.54,10.8,1.3,0.118,626.0,1.0,0.0143769968051118,0.0175718849840255,0.0335463258785942
0.0,0.0,0.0,0.0,0.0,0.0,0.0,0.0,0.0,0.0,0.0,0.0,0.0,0.0,0.0,1.0,0.0,0.0,0.0,0.0,0.0,0.0,0.0,0.0,0.0,1.0,0.0,-111.83,128.78,111.5,1.3,0.118,626.0,1.0,0.0127795527156549,0.0143769968051118,0.0287539936102236
0.0,0.0,0.0,0.0,0.0,0.0,0.0,1.0,0.0,0.0,0.0,0.0,0.0,0.0,0.0,0.0,0.0,0.0,0.0,0.0,0.0,0.0,0.0,0.0,0.0,1.0,0.0,-124.29,153.26,54.5,1.3,0.118,626.0,1.0,0.0159744408945686,0.0175718849840255,0.0351437699680511
0.0,0.0,0.0,0.0,0.0,0.0,0.0,0.0,0.0,0.0,0.0,0.0,1.0,0.0,0.0,0.0,0.0,0.0,0.0,0.0,0.0,0.0,0.0,0.0,0.0,1.0,0.0,-80.96,-0.54,124.9,1.3,0.118,626.0,1.0,0.0143769968051118,0.0143769968051118,0.0303514376996805
0.0,0.0,0.0,0.0,0.0,0.0,0.0,0.0,0.0,0.0,0.0,0.0,0.0,0.0,0.0,0.0,0.0,0.0,0.0,1.0,0.0,0.0,0.0,0.0,0.0,1.0,0.0,-143.28,166.21,53.0,1.3,0.118,626.0,1.0,0.0127795527156549,0.023961661341853,0.0383386581469648
0.0,0.0,0.0,0.0,0.0,0.0,0.0,0.0,0.0,0.0,0.0,0.0,0.0,0.0,0.0,0.0,1.0,0.0,0.0,0.0,0.0,0.0,0.0,0.0,0.0,1.0,0.0,-97.77,133.62,93.4,1.3,0.118,626.0,1.0,0.0143769968051118,0.0159744408945686,0.0319488817891373
0.0,0.0,0.0,0.0,0.0,0.0,0.0,1.0,0.0,0.0,0.0,0.0,0.0,0.0,0.0,0.0,0.0,0.0,0.0,0.0,0.0,0.0,0.0,0.0,0.0,1.0,0.0,-71.08,116.53,55.4,1.3,0.118,626.0,1.0,0.0143769968051118,0.0191693290734824,0.0351437699680511
0.0,0.0,0.0,0.0,0.0,0.0,0.0,0.0,0.0,0.0,0.0,0.0,0.0,0.0,0.0,1.0,0.0,0.0,0.0,0.0,0.0,0.0,0.0,0.0,0.0,0.0,1.0,-154.68,157.86,42.3,1.3,0.118,626.0,1.0,0.0127795527156549,0.0223642172523961,0.0367412140575079
0.0,0.0,0.0,0.0,0.0,0.0,0.0,0.0,0.0,0.0,0.0,0.0,0.0,0.0,0.0,0.0,1.0,0.0,0.0,0.0,0.0,0.0,0.0,0.0,0.0,0.0,1.0,-63.19,-15.74,92.1,1.3,0.118,626.0,1.0,0.0143769968051118,0.0191693290734824,0.0351437699680511
0.0,0.0,0.0,0.0,0.0,0.0,0.0,0.0,0.0,0.0,0.0,0.0,0.0,0.0,0.0,1.0,0.0,0.0,0.0,0.0,0.0,0.0,0.0,0.0,0.0,0.0,1.0,-88.24,-15.07,102.9,1.3,0.118,626.0,1.0,0.0127795527156549,0.0207667731629392,0.0351437699680511
0.0,0.0,0.0,0.0,0.0,0.0,0.0,0.0,0.0,0.0,0.0,0.0,0.0,0.0,0.0,0.0,1.0,0.0,0.0,0.0,0.0,0.0,0.0,0.0,0.0,0.0,1.0,-60.43,136.17,16.7,1.3,0.118,626.0,1.0,0.0143769968051118,0.023961661341853,0.0399361022364217
0.0,0.0,1.0,0.0,0.0,0.0,0.0,0.0,0.0,0.0,0.0,0.0,0.0,0.0,0.0,0.0,0.0,0.0,0.0,0.0,0.0,0.0,0.0,0.0,0.0,1.0,0.0,-102.72,99.82,59.9,1.3,0.118,626.0,1.0,0.0143769968051118,0.0255591054313099,0.0415335463258785
0.0,1.0,0.0,0.0,0.0,0.0,0.0,0.0,0.0,0.0,0.0,0.0,0.0,0.0,0.0,0.0,0.0,0.0,0.0,0.0,0.0,0.0,1.0,0.0,0.0,0.0,0.0,-64.44,-19.5,5.9,1.3,0.118,626.0,1.0,0.0127795527156549,0.0287539936102236,0.0431309904153354
0.0,0.0,0.0,0.0,0.0,0.0,0.0,0.0,0.0,0.0,0.0,0.0,0.0,0.0,0.0,1.0,0.0,0.0,0.0,0.0,0.0,0.0,1.0,0.0,0.0,0.0,0.0,-71.56,-15.98,79.5,1.3,0.118,626.0,1.0,0.0127795527156549,0.0223642172523961,0.0367412140575079
0.0,0.0,0.0,0.0,0.0,0.0,0.0,0.0,0.0,0.0,0.0,0.0,0.0,0.0,1.0,0.0,0.0,0.0,0.0,0.0,0.0,0.0,1.0,0.0,0.0,0.0,0.0,-98.84,-1.75,180.6,1.3,0.118,626.0,1.0,0.0127795527156549,0.0271565495207667,0.0415335463258785
0.0,0.0,0.0,0.0,0.0,0.0,0.0,0.0,0.0,0.0,0.0,0.0,0.0,0.0,0.0,0.0,0.0,1.0,0.0,0.0,0.0,0.0,0.0,0.0,0.0,1.0,0.0,-73.87,140.21,13.0,1.3,0.118,626.0,1.0,0.0143769968051118,0.0255591054313099,0.0415335463258785
0.0,0.0,0.0,0.0,0.0,0.0,0.0,0.0,0.0,0.0,0.0,1.0,0.0,0.0,0.0,0.0,0.0,0.0,0.0,0.0,0.0,0.0,0.0,0.0,0.0,1.0,0.0,-107.78,360.0,127.6,1.3,0.118,626.0,1.0,0.0127795527156549,0.0207667731629392,0.0351437699680511
