0.0,0.0,0.0,0.0,0.0,1.0,0.0,0.0,0.0,0.0,0.0,0.0,0.0,0.0,0.0,0.0,0.0,0.0,0.0,0.0,0.0,0.0,0.0,0.0,0.0,1.0,0.0,360.0,-163.41,93.5,1.4,0.197,328.0,1.0,0.0121951219512195,0.0213414634146341,0.0365853658536585
0.0,0.0,0.0,0.0,0.0,0.0,0.0,0.0,0.0,0.0,0.0,0.0,0.0,0.0,0.0,1.0,0.0,0.0,0.0,0.0,0.0,0.0,0.0,1.0,0.0,0.0,0.0,-36.74,-46.55,100.3,1.4,0.197,328.0,1.0,0.024390243902439,0.0274390243902439,0.0548780487804878
0.0,0.0,0.0,0.0,0.0,0.0,0.0,0.0,0.0,0.0,0.0,1.0,0.0,0.0,0.0,0.0,0.0,0.0,0.0,0.0,0.0,0.0,0.0,1.0,0.0,0.0,0.0,-65.0,-46.59,136.9,1.4,0.197,328.0,1.0,0.024390243902439,0.0457317073170731,0.073170731707317
0.0,0.0,0.0,1.0,0.0,0.0,0.0,0.0,0.0,0.0,0.0,0.0,0.0,0.0,0.0,0.0,0.0,0.0,0.0,0.0,0.0,0.0,0.0,1.0,0.0,0.0,0.0,-60.89,-35.48,79.7,1.4,0.197,328.0,1.0,0.024390243902439,0.0640243902439024,0.0914634146341463
0.0,0.0,0.0,0.0,0.0,0.0,0.0,0.0,1.0,0.0,0.0,0.0,0.0,0.0,0.0,0.0,0.0,0.0,0.0,0.0,0.0,0.0,0.0,1.0,0.0,0.0,0.0,-60.92,-45.77,157.9,1.4,0.197,328.0,1.0,0.024390243902439,0.0518292682926829,0.0792682926829268
0.0,0.0,0.0,0.0,0.0,0.0,0.0,0.0,0.0,0.0,0.0,0.0,0.0,0.0,0.0,0.0,0.0,1.0,0.0,0.0,0.0,0.0,0.0,1.0,0.0,0.0,0.0,-64.78,-40.26,84.7,1.4,0.197,328.0,1.0,0.0274390243902439,0.0457317073170731,0.0762195121951219
0.0,0.0,0.0,1.0,0.0,0.0,0.0,0.0,0.0,0.0,0.0,0.0,0.0,0.0,0.0,0.0,0.0,0.0,0.0,0.0,0.0,0.0,0.0,1.0,0.0,0.0,0.0,-56.62,-49.24,91.4,1.4,0.197,328.0,1.0,0.024390243902439,0.0670731707317073,0.0945121951219512
0.0,0.0,0.0,0.0,0.0,0.0,0.0,0.0,0.0,1.0,0.0,0.0,0.0,0.0,0.0,0.0,0.0,0.0,0.0,0.0,0.0,0.0,0.0,1.0,0.0,0.0,0.0,-69.72,-34.51,94.8,1.4,0.197,328.0,1.0,0.024390243902439,0.0579268292682926,0.0853658536585365
0.0,0.0,0.0,0.0,0.0,0.0,0.0,0.0,0.0,0.0,0.0,0.0,0.0,1.0,0.0,0.0,0.0,0.0,0.0,0.0,0.0,0.0,0.0,1.0,0.0,0.0,0.0,-66.06,-40.46,101.1,1.4,0.197,328.0,1.0,0.024390243902439,0.0548780487804878,0.0823170731707317
0.0,0.0,0.0,1.0,0.0,0.0,0.0,0.0,0.0,0.0,0.0,0.0,0.0,0.0,0.0,0.0,0.0,0.0,0.0,0.0,0.0,0.0,0.0,1.0,0.0,0.0,0.0,-63.35,-43.19,105.6,1.4,0.197,328.0,1.0,0.024390243902439,0.0640243902439024,0.0914634146341463
0.0,0.0,0.0,0.0,0.0,0.0,0.0,0.0,0.0,1.0,0.0,0.0,0.0,0.0,0.0,0.0,0.0,0.0,0.0,0.0,0.0,0.0,0.0,1.0,0.0,0.0,0.0,-61.22,-47.72,115.0,1.4,0.197,328.0,1.0,0.024390243902439,0.0548780487804878,0.0823170731707317
0.0,0.0,0.0,0.0,0.0,0.0,0.0,0.0,0.0,0.0,0.0,1.0,0.0,0.0,0.0,0.0,0.0,0.0,0.0,0.0,0.0,0.0,0.0,1.0,0.0,0.0,0.0,-58.73,-42.67,103.0,1.4,0.197,328.0,1.0,0.024390243902439,0.0579268292682926,0.0853658536585365
0.0,0.0,1.0,0.0,0.0,0.0,0.0,0.0,0.0,0.0,0.0,0.0,0.0,0.0,0.0,0.0,0.0,0.0,0.0,0.0,0.0,0.0,0.0,1.0,0.0,0.0,0.0,-70.02,-41.6,75.4,1.4,0.197,328.0,1.0,0.0274390243902439,0.0548780487804878,0.0853658536585365
0.0,0.0,0.0,0.0,0.0,0.0,0.0,0.0,0.0,0.0,0.0,0.0,0.0,0.0,1.0,0.0,0.0,0.0,0.0,0.0,0.0,0.0,0.0,1.0,0.0,0.0,0.0,-67.48,-36.63,171.8,1.4,0.197,328.0,1.0,0.024390243902439,0.0579268292682926,0.0853658536585365
0.0,0.0,0.0,0.0,1.0,0.0,0.0,0.0,0.0,0.0,0.0,0.0,0.0,0.0,0.0,0.0,0.0,0.0,0.0,0.0,0.0,0.0,0.0,1.0,0.0,0.0,0.0,-66.01,-41.34,116.7,1.4,0.197,328.0,1.0,0.024390243902439,0.0609756097560975,0.0884146341463414
1.0,0.0,0.0,0.0,0.0,0.0,0.0,0.0,0.0,0.0,0.0,0.0,0.0,0.0,0.0,0.0,0.0,0.0,0.0,0.0,0.0,0.0,0.0,1.0,0.0,0.0,0.0,-56.35,-45.36,37.2,1.4,0.197,328.0,1.0,0.0213414634146341,0.0518292682926829,0.0762195121951219
0.0,0.0,0.0,0.0,0.0,0.0,0.0,0.0,0.0,0.0,0.0,1.0,0.0,0.0,0.0,0.0,0.0,0.0,0.0,0.0,0.0,0.0,0.0,1.0,0.0,0.0,0.0,-64.03,-43.49,103.7,1.4,0.197,328.0,1.0,0.0274390243902439,0.0518292682926829,0.0823170731707317
0.0,0.0,0.0,0.0,0.0,0.0,0.0,0.0,0.0,0.0,0.0,0.0,0.0,0.0,0.0,0.0,0.0,0.0,0.0,1.0,0.0,0.0,0.0,1.0,0.0,0.0,0.0,-60.45,-52.34,144.2,1.4,0.197,328.0,1.0,0.024390243902439,0.0579268292682926,0.0853658536585365
0.0,0.0,0.0,0.0,0.0,0.0,0.0,1.0,0.0,0.0,0.0,0.0,0.0,0.0,0.0,0.0,0.0,0.0,0.0,0.0,0.0,0.0,0.0,1.0,0.0,0.0,0.0,-64.54,-37.49,41.5,1.4,0.197,328.0,1.0,0.0274390243902439,0.0579268292682926,0.0884146341463414
0.0,0.0,1.0,0.0,0.0,0.0,0.0,0.0,0.0,0.0,0.0,0.0,0.0,0.0,0.0,0.0,0.0,0.0,0.0,0.0,0.0,0.0,0.0,1.0,0.0,0.0,0.0,-61.31,-44.02,97.6,1.4,0.197,328.0,1.0,0.0274390243902439,0.0518292682926829,0.0823170731707317
0.0,0.0,0.0,0.0,0.0,0.0,0.0,0.0,1.0,0.0,0.0,0.0,0.0,0.0,0.0,0.0,0.0,0.0,0.0,0.0,0.0,0.0,0.0,1.0,0.0,0.0,0.0,-64.26,-51.04,140.8,1.4,0.197,328.0,1.0,0.024390243902439,0.0457317073170731,0.073170731707317
0.0,0.0,0.0,0.0,0.0,0.0,0.0,0.0,0.0,0.0,0.0,0.0,0.0,0.0,0.0,0.0,0.0,1.0,0.0,0.0,0.0,0.0,0.0,1.0,0.0,0.0,0.0,-67.62,-30.79,49.6,1.4,0.197,328.0,1.0,0.0274390243902439,0.0579268292682926,0.0884146341463414
0.0,0.0,0.0,0.0,0.0,0.0,0.0,0.0,0.0,0.0,0.0,0.0,0.0,0.0,1.0,0.0,0.0,0.0,0.0,0.0,0.0,0.0,0.0,1.0,0.0,0.0,0.0,-65.32,-43.18,167.0,1.4,0.197,328.0,1.0,0.024390243902439,0.0548780487804878,0.0823170731707317
0.0,0.0,0.0,0.0,1.0,0.0,0.0,0.0,0.0,0.0,0.0,0.0,0.0,0.0,0.0,0.0,0.0,0.0,0.0,0.0,0.0,0.0,0.0,1.0,0.0,0.0,0.0,-61.35,-47.09,118.8,1.4,0.197,328.0,1.0,0.024390243902439,0.0579268292682926,0.0853658536585365
0.0,0.0,0.0,0.0,0.0,0.0,0.0,0.0,0.0,1.0,0.0,0.0,0.0,0.0,0.0,0.0,0.0,0.0,0.0,0.0,0.0,0.0,0.0,1.0,0.0,0.0,0.0,-65.19,-32.58,75.4,1.4,0.197,328.0,1.0,0.024390243902439,0.0670731707317073,0.0945121951219512
0.0,0.0,0.0,1.0,0.0,0.0,0.0,0.0,0.0,0.0,0.0,0.0,0.0,0.0,0.0,0.0,0.0,0.0,0.0,0.0,0.0,0.0,0.0,1.0,0.0,0.0,0.0,-65.97,-40.28,97.3,1.4,0.197,328.0,1.0,0.0274390243902439,0.0609756097560975,0.0914634146341463
0.0,0.0,0.0,0.0,0.0,0.0,0.0,0.0,0.0,0.0,0.0,0.0,0.0,1.0,0.0,0.0,0.0,0.0,0.0,0.0,0.0,0.0,0.0,1.0,0.0,0.0,0.0,-62.47,-43.19,105.0,1.4,0.197,328.0,1.0,0.024390243902439,0.0640243902439024,0.0914634146341463
0.0,0.0,0.0,0.0,0.0,0.0,0.0,0.0,0.0,0.0,0.0,0.0,0.0,1.0,0.0,0.0,0.0,0.0,0.0,0.0,0.0,0.0,0.0,1.0,0.0,0.0,0.0,-63.57,-38.2,70.0,1.4,0.197,328.0,1.0,0.024390243902439,0.073170731707317,0.1006097560975609
0.0,0.0,0.0,0.0,0.0,0.0,0.0,0.0,0.0,0.0,0.0,1.0,0.0,0.0,0.0,0.0,0.0,0.0,0.0,0.0,0.0,0.0,0.0,1.0,0.0,0.0,0.0,-59.11,-43.05,90.3,1.4,0.197,328.0,1.0,0.0274390243902439,0.0579268292682926,0.0884146341463414
0.0,0.0,0.0,0.0,0.0,0.0,0.0,0.0,1.0,0.0,0.0,0.0,0.0,0.0,0.0,0.0,0.0,0.0,0.0,0.0,0.0,0.0,0.0,1.0,0.0,0.0,0.0,-69.29,-37.6,114.8,1.4,0.197,328.0,1.0,0.024390243902439,0.048780487804878,0.0762195121951219
0.0,0.0,0.0,0.0,0.0,0.0,0.0,1.0,0.0,0.0,0.0,0.0,0.0,0.0,0.0,0.0,0.0,0.0,0.0,0.0,0.0,0.0,0.0,1.0,0.0,0.0,0.0,-64.32,-48.13,66.3,1.4,0.197,328.0,1.0,0.0274390243902439,0.0518292682926829,0.0823170731707317
0.0,0.0,0.0,0.0,0.0,0.0,0.0,0.0,0.0,1.0,0.0,0.0,0.0,0.0,0.0,0.0,0.0,0.0,0.0,0.0,0.0,0.0,0.0,1.0,0.0,0.0,0.0,-58.04,-46.01,80.6,1.4,0.197,328.0,1.0,0.024390243902439,0.0670731707317073,0.0945121951219512
0.0,0.0,0.0,0.0,0.0,0.0,0.0,0.0,0.0,1.0,0.0,0.0,0.0,0.0,0.0,0.0,0.0,0.0,0.0,0.0,0.0,0.0,0.0,1.0,0.0,0.0,0.0,-56.84,-45.15,95.8,1.4,0.197,328.0,1.0,0.024390243902439,0.0640243902439024,0.0914634146341463
1.0,0.0,0.0,0.0,0.0,0.0,0.0,0.0,0.0,0.0,0.0,0.0,0.0,0.0,0.0,0.0,0.0,0.0,0.0,0.0,0.0,0.0,0.0,1.0,0.0,0.0,0.0,-66.49,-40.65,51.6,1.4,0.197,328.0,1.0,0.0213414634146341,0.0518292682926829,0.0762195121951219
0.0,0.0,0.0,1.0,0.0,0.0,0.0,0.0,0.0,0.0,0.0,0.0,0.0,0.0,0.0,0.0,0.0,0.0,0.0,0.0,0.0,0.0,0.0,1.0,0.0,0.0,0.0,-62.4,-42.91,108.9,1.4,0.197,328.0,1.0,0.024390243902439,0.0609756097560975,0.0884146341463414
0.0,0.0,0.0,0.0,0.0,0.0,0.0,0.0,0.0,1.0,0.0,0.0,0.0,0.0,0.0,0.0,0.0,0.0,0.0,0.0,0.0,0.0,0.0,1.0,0.0,0.0,0.0,-70.31,-27.25,120.7,1.4,0.197,328.0,1.0,0.024390243902439,0.0457317073170731,0.073170731707317
0.0,0.0,0.0,1.0,0.0,0.0,0.0,0.0,0.0,0.0,0.0,0.0,0.0,0.0,0.0,0.0,0.0,0.0,0.0,0.0,0.0,0.0,0.0,1.0,0.0,0.0,0.0,-77.67,-2.03,126.2,1.4,0.197,328.0,1.0,0.024390243902439,0.048780487804878,0.0762195121951219
0.0,0.0,0.0,0.0,0.0,0.0,0.0,0.0,0.0,0.0,0.0,0.0,0.0,1.0,0.0,0.0,0.0,0.0,0.0,0.0,0.0,0.0,0.0,0.0,0.0,1.0,0.0,-91.1,6.87,157.4,1.4,0.197,328.0,1.0,0.024390243902439,0.0457317073170731,0.073170731707317
0.0,0.0,0.0,0.0,0.0,0.0,0.0,0.0,0.0,1.0,0.0,0.0,0.0,0.0,0.0,0.0,0.0,0.0,0.0,0.0,0.0,0.0,0.0,0.0,0.0,1.0,0.0,-56.08,360.0,211.7,1.4,0.197,328.0,1.0,0.024390243902439,0.0274390243902439,0.0548780487804878
