0.0,0.0,0.0,0.0,0.0,0.0,0.0,0.0,0.0,0.0,0.0,1.0,0.0,0.0,0.0,0.0,0.0,0.0,0.0,0.0,0.0,0.0,0.0,0.0,0.0,1.0,0.0,360.0,-150.91,168.8,1.27,0.131,710.0,1.0,0.0098591549295774,0.0098591549295774,0.0211267605633802
0.0,0.0,0.0,0.0,0.0,0.0,0.0,0.0,0.0,0.0,0.0,0.0,0.0,0.0,0.0,0.0,1.0,0.0,0.0,0.0,0.0,0.0,0.0,0.0,0.0,1.0,0.0,-79.54,155.54,95.6,1.27,0.131,710.0,1.0,0.0126760563380281,0.0211267605633802,0.0352112676056338
0.0,0.0,0.0,0.0,0.0,0.0,0.0,0.0,0.0,0.0,0.0,0.0,0.0,0.0,0.0,1.0,0.0,0.0,0.0,0.0,0.0,0.0,0.0,0.0,1.0,0.0,0.0,-155.56,157.43,28.1,1.27,0.131,710.0,1.0,0.0112676056338028,0.0197183098591549,0.0323943661971831
0.0,1.0,0.0,0.0,0.0,0.0,0.0,0.0,0.0,0.0,0.0,0.0,0.0,0.0,0.0,0.0,0.0,0.0,0.0,0.0,0.0,0.0,0.0,0.0,1.0,0.0,0.0,-75.98,128.15,93.9,1.27,0.131,710.0,0.5,0.0112676056338028,0.0154929577464788,0.028169014084507
0.0,0.0,0.0,0.0,0.0,1.0,0.0,0.0,0.0,0.0,0.0,0.0,0.0,0.0,0.0,0.0,0.0,0.0,0.0,0.0,0.0,0.0,0.0,0.0,1.0,0.0,0.0,-122.3,-179.39,7.2,1.27,0.131,710.0,1.0,0.0084507042253521,0.0338028169014084,0.0436619718309859
0.0,0.0,0.0,0.0,0.0,0.0,0.0,0.0,0.0,0.0,0.0,0.0,0.0,0.0,0.0,0.0,0.0,1.0,0.0,0.0,0.0,0.0,0.0,0.0,1.0,0.0,0.0,-132.9,137.49,6.2,1.27,0.131,710.0,1.0,0.0126760563380281,0.0225352112676056,0.0366197183098591
0.0,0.0,0.0,0.0,0.0,0.0,0.0,0.0,0.0,0.0,0.0,0.0,0.0,1.0,0.0,0.0,0.0,0.0,0.0,0.0,0.0,0.0,0.0,0.0,1.0,0.0,0.0,-111.23,130.14,29.9,1.27,0.131,710.0,1.0,0.0112676056338028,0.0338028169014084,0.0464788732394366
0.0,0.0,0.0,0.0,0.0,0.0,0.0,0.0,0.0,1.0,0.0,0.0,0.0,0.0,0.0,0.0,0.0,0.0,0.0,0.0,0.0,0.0,0.0,0.0,1.0,0.0,0.0,-111.56,135.92,0.0,1.27,0.131,710.0,1.0,0.0112676056338028,0.028169014084507,0.0408450704225352
0.0,0.0,0.0,0.0,0.0,0.0,0.0,0.0,0.0,0.0,0.0,0.0,0.0,0.0,1.0,0.0,0.0,0.0,0.0,0.0,0.0,0.0,0.0,0.0,1.0,0.0,0.0,-117.77,112.34,28.6,1.27,0.131,710.0,1.0,0.0112676056338028,0.0239436619718309,0.0366197183098591
0.0,0.0,0.0,0.0,0.0,0.0,0.0,1.0,0.0,0.0,0.0,0.0,0.0,0.0,0.0,0.0,0.0,0.0,0.0,0.0,0.0,0.0,0.0,0.0,1.0,0.0,0.0,-109.89,119.48,0.0,1.27,0.131,710.0,1.0,0.0126760563380281,0.0267605633802816,0.0408450704225352
0.0,0.0,0.0,0.0,0.0,0.0,0.0,0.0,0.0,0.0,0.0,0.0,0.0,0.0,1.0,0.0,0.0,0.0,0.0,0.0,0.0,0.0,0.0,0.0,1.0,0.0,0.0,-119.81,151.45,61.7,1.27,0.131,710.0,1.0,0.0112676056338028,0.0225352112676056,0.0352112676056338
0.0,0.0,0.0,0.0,0.0,1.0,0.0,0.0,0.0,0.0,0.0,0.0,0.0,0.0,0.0,0.0,0.0,0.0,0.0,0.0,0.0,0.0,0.0,0.0,1.0,0.0,0.0,147.36,-140.09,31.2,1.27,0.131,710.0,1.0,0.0084507042253521,0.0295774647887323,0.0394366197183098
0.0,0.0,0.0,0.0,0.0,0.0,0.0,0.0,1.0,0.0,0.0,0.0,0.0,0.0,0.0,0.0,0.0,0.0,0.0,0.0,0.0,0.0,0.0,0.0,1.0,0.0,0.0,-97.1,91.54,92.5,1.27,0.131,710.0,1.0,0.0112676056338028,0.0239436619718309,0.0366197183098591
0.0,0.0,0.0,0.0,0.0,0.0,0.0,0.0,0.0,0.0,0.0,0.0,0.0,0.0,0.0,0.0,0.0,1.0,0.0,0.0,0.0,0.0,0.0,0.0,0.0,0.0,1.0,-136.37,23.79,5.2,1.27,0.131,710.0,1.0,0.0126760563380281,0.0225352112676056,0.0366197183098591
0.0,0.0,0.0,0.0,0.0,0.0,0.0,0.0,0.0,0.0,0.0,0.0,0.0,1.0,0.0,0.0,0.0,0.0,0.0,0.0,0.0,0.0,0.0,0.0,0.0,0.0,1.0,-147.19,140.73,132.1,1.27,0.131,710.0,1.0,0.0112676056338028,0.0169014084507042,0.0295774647887323
0.0,0.0,0.0,0.0,0.0,1.0,0.0,0.0,0.0,0.0,0.0,0.0,0.0,0.0,0.0,0.0,0.0,0.0,0.0,0.0,0.0,0.0,0.0,0.0,0.0,0.0,1.0,76.63,18.42,78.9,1.27,0.131,710.0,1.0,0.0084507042253521,0.0126760563380281,0.0225352112676056
0.0,0.0,0.0,0.0,0.0,0.0,0.0,0.0,0.0,0.0,0.0,0.0,0.0,0.0,0.0,0.0,0.0,1.0,0.0,0.0,0.0,0.0,0.0,0.0,0.0,0.0,1.0,-131.71,5.93,16.6,1.27,0.131,710.0,1.0,0.0126760563380281,0.0126760563380281,0.0267605633802816
0.0,0.0,0.0,0.0,0.0,1.0,0.0,0.0,0.0,0.0,0.0,0.0,0.0,0.0,0.0,0.0,0.0,0.0,0.0,0.0,0.0,0.0,0.0,0.0,0.0,0.0,1.0,81.53,23.88,40.4,1.27,0.131,710.0,1.0,0.0084507042253521,0.0169014084507042,0.0267605633802816
0.0,0.0,0.0,0.0,1.0,0.0,0.0,0.0,0.0,0.0,0.0,0.0,0.0,0.0,0.0,0.0,0.0,0.0,0.0,0.0,0.0,0.0,0.0,1.0,0.0,0.0,0.0,-71.62,-49.24,3.3,1.27,0.131,710.0,1.0,0.0112676056338028,0.028169014084507,0.0408450704225352
0.0,0.0,0.0,0.0,0.0,0.0,0.0,0.0,0.0,0.0,0.0,0.0,0.0,0.0,1.0,0.0,0.0,0.0,0.0,0.0,0.0,0.0,0.0,1.0,0.0,0.0,0.0,-59.83,-44.95,96.0,1.27,0.131,710.0,1.0,0.0112676056338028,0.0267605633802816,0.0394366197183098
0.0,0.0,0.0,0.0,0.0,0.0,0.0,0.0,0.0,0.0,0.0,0.0,1.0,0.0,0.0,0.0,0.0,0.0,0.0,0.0,0.0,0.0,0.0,1.0,0.0,0.0,0.0,-61.31,-35.74,73.8,1.27,0.131,710.0,1.0,0.0126760563380281,0.0211267605633802,0.0352112676056338
0.0,0.0,0.0,0.0,1.0,0.0,0.0,0.0,0.0,0.0,0.0,0.0,0.0,0.0,0.0,0.0,0.0,0.0,0.0,0.0,0.0,0.0,0.0,1.0,0.0,0.0,0.0,-60.02,-48.14,34.7,1.27,0.131,710.0,1.0,0.0112676056338028,0.028169014084507,0.0408450704225352
0.0,0.0,0.0,0.0,0.0,0.0,0.0,0.0,0.0,0.0,0.0,0.0,0.0,0.0,0.0,0.0,0.0,1.0,0.0,0.0,0.0,0.0,0.0,1.0,0.0,0.0,0.0,-61.46,-45.03,0.0,1.27,0.131,710.0,1.0,0.0126760563380281,0.0253521126760563,0.0394366197183098
0.0,0.0,0.0,0.0,0.0,0.0,0.0,0.0,0.0,0.0,0.0,0.0,0.0,0.0,0.0,0.0,0.0,0.0,1.0,0.0,0.0,0.0,0.0,1.0,0.0,0.0,0.0,-57.13,-45.45,93.2,1.27,0.131,710.0,1.0,0.0112676056338028,0.0352112676056338,0.0478873239436619
0.0,0.0,0.0,0.0,0.0,0.0,0.0,0.0,0.0,0.0,0.0,0.0,0.0,1.0,0.0,0.0,0.0,0.0,0.0,0.0,0.0,0.0,0.0,1.0,0.0,0.0,0.0,-65.85,-38.62,85.6,1.27,0.131,710.0,1.0,0.0112676056338028,0.0323943661971831,0.0450704225352112
0.0,0.0,0.0,0.0,0.0,0.0,0.0,0.0,0.0,1.0,0.0,0.0,0.0,0.0,0.0,0.0,0.0,0.0,0.0,0.0,0.0,0.0,0.0,1.0,0.0,0.0,0.0,-62.51,-45.7,5.8,1.27,0.131,710.0,1.0,0.0126760563380281,0.0267605633802816,0.0408450704225352
1.0,0.0,0.0,0.0,0.0,0.0,0.0,0.0,0.0,0.0,0.0,0.0,0.0,0.0,0.0,0.0,0.0,0.0,0.0,0.0,0.0,0.0,0.0,1.0,0.0,0.0,0.0,-61.62,-36.03,0.0,1.27,0.131,710.0,1.0,0.0098591549295774,0.0338028169014084,0.0450704225352112
0.0,0.0,0.0,0.0,0.0,0.0,0.0,0.0,0.0,0.0,0.0,0.0,0.0,1.0,0.0,0.0,0.0,0.0,0.0,0.0,0.0,0.0,0.0,1.0,0.0,0.0,0.0,-66.01,-43.41,87.7,1.27,0.131,710.0,1.0,0.0112676056338028,0.0225352112676056,0.0352112676056338
0.0,0.0,0.0,0.0,0.0,0.0,0.0,0.0,0.0,0.0,0.0,0.0,0.0,1.0,0.0,0.0,0.0,0.0,0.0,0.0,0.0,0.0,0.0,1.0,0.0,0.0,0.0,-64.35,-34.77,124.7,1.27,0.131,710.0,1.0,0.0112676056338028,0.0225352112676056,0.0352112676056338
0.0,0.0,0.0,0.0,0.0,0.0,0.0,0.0,0.0,1.0,0.0,0.0,0.0,0.0,0.0,0.0,0.0,0.0,0.0,0.0,0.0,0.0,0.0,1.0,0.0,0.0,0.0,-93.67,5.25,49.4,1.27,0.131,710.0,1.0,0.0112676056338028,0.0239436619718309,0.0366197183098591
0.0,0.0,0.0,0.0,0.0,0.0,0.0,0.0,0.0,0.0,0.0,1.0,0.0,0.0,0.0,0.0,0.0,0.0,0.0,0.0,0.0,0.0,0.0,0.0,0.0,1.0,0.0,53.76,50.12,117.9,1.27,0.131,710.0,1.0,0.0126760563380281,0.0239436619718309,0.0380281690140845
0.0,0.0,0.0,0.0,0.0,0.0,0.0,0.0,0.0,1.0,0.0,0.0,0.0,0.0,0.0,0.0,0.0,0.0,0.0,0.0,0.0,0.0,0.0,0.0,0.0,1.0,0.0,-101.84,158.66,15.9,1.27,0.131,710.0,1.0,0.0112676056338028,0.0309859154929577,0.0436619718309859
0.0,0.0,0.0,0.0,0.0,0.0,1.0,0.0,0.0,0.0,0.0,0.0,0.0,0.0,0.0,0.0,0.0,0.0,0.0,0.0,0.0,0.0,0.0,0.0,0.0,1.0,0.0,-131.35,144.84,39.3,1.27,0.131,710.0,1.0,0.0112676056338028,0.0366197183098591,0.0492957746478873
0.0,0.0,0.0,0.0,0.0,1.0,0.0,0.0,0.0,0.0,0.0,0.0,0.0,0.0,0.0,0.0,0.0,0.0,0.0,0.0,0.0,0.0,0.0,0.0,1.0,0.0,0.0,139.0,-144.13,0.9,1.27,0.131,710.0,1.0,0.0084507042253521,0.0352112676056338,0.0450704225352112
0.0,0.0,1.0,0.0,0.0,0.0,0.0,0.0,0.0,0.0,0.0,0.0,0.0,0.0,0.0,0.0,0.0,0.0,0.0,0.0,0.0,0.0,0.0,0.0,1.0,0.0,0.0,-156.8,168.49,13.6,1.27,0.131,710.0,1.0,0.0126760563380281,0.028169014084507,0.0422535211267605
0.0,0.0,0.0,0.0,0.0,0.0,0.0,0.0,0.0,0.0,0.0,0.0,0.0,0.0,0.0,0.0,0.0,1.0,0.0,0.0,0.0,0.0,0.0,0.0,1.0,0.0,0.0,-135.85,142.92,0.0,1.27,0.131,710.0,1.0,0.0126760563380281,0.0267605633802816,0.0408450704225352
0.0,1.0,0.0,0.0,0.0,0.0,0.0,0.0,0.0,0.0,0.0,0.0,0.0,0.0,0.0,0.0,0.0,0.0,0.0,0.0,0.0,0.0,0.0,0.0,1.0,0.0,0.0,-151.84,159.85,10.6,1.27,0.131,710.0,1.0,0.0112676056338028,0.0225352112676056,0.0352112676056338
0.0,0.0,0.0,0.0,0.0,0.0,0.0,0.0,0.0,0.0,0.0,1.0,0.0,0.0,0.0,0.0,0.0,0.0,0.0,0.0,0.0,0.0,0.0,0.0,1.0,0.0,0.0,-113.64,109.92,37.2,1.27,0.131,710.0,1.0,0.0126760563380281,0.0225352112676056,0.0366197183098591
0.0,0.0,1.0,0.0,0.0,0.0,0.0,0.0,0.0,0.0,0.0,0.0,0.0,0.0,0.0,0.0,0.0,0.0,0.0,0.0,0.0,0.0,0.0,0.0,0.0,0.0,1.0,-106.85,18.09,82.3,1.27,0.131,710.0,1.0,0.0126760563380281,0.0140845070422535,0.028169014084507
0.0,0.0,0.0,0.0,0.0,1.0,0.0,0.0,0.0,0.0,0.0,0.0,0.0,0.0,0.0,0.0,0.0,0.0,0.0,0.0,0.0,0.0,0.0,0.0,0.0,0.0,1.0,93.95,-12.96,69.5,1.27,0.131,710.0,1.0,0.0084507042253521,0.0183098591549295,0.028169014084507
0.0,0.0,1.0,0.0,0.0,0.0,0.0,0.0,0.0,0.0,0.0,0.0,0.0,0.0,0.0,0.0,0.0,0.0,0.0,0.0,0.0,0.0,0.0,0.0,0.0,0.0,1.0,-125.2,51.9,82.6,1.27,0.131,710.0,1.0,0.0126760563380281,0.0154929577464788,0.0295774647887323
0.0,0.0,0.0,0.0,0.0,1.0,0.0,0.0,0.0,0.0,0.0,0.0,0.0,0.0,0.0,0.0,0.0,0.0,0.0,0.0,0.0,0.0,0.0,0.0,0.0,0.0,1.0,87.95,-160.92,12.8,1.27,0.131,710.0,1.0,0.0084507042253521,0.0267605633802816,0.0366197183098591
0.0,0.0,0.0,0.0,0.0,0.0,0.0,0.0,0.0,0.0,0.0,0.0,0.0,0.0,0.0,0.0,0.0,1.0,0.0,0.0,0.0,0.0,0.0,0.0,1.0,0.0,0.0,-107.85,127.91,0.0,1.27,0.131,710.0,1.0,0.0126760563380281,0.0211267605633802,0.0352112676056338
0.0,0.0,0.0,1.0,0.0,0.0,0.0,0.0,0.0,0.0,0.0,0.0,0.0,0.0,0.0,0.0,0.0,0.0,0.0,0.0,0.0,0.0,0.0,0.0,1.0,0.0,0.0,-105.23,125.43,22.2,1.27,0.131,710.0,1.0,0.0112676056338028,0.0309859154929577,0.0436619718309859
0.0,0.0,0.0,0.0,0.0,0.0,0.0,0.0,0.0,0.0,0.0,0.0,0.0,0.0,0.0,0.0,0.0,1.0,0.0,0.0,0.0,0.0,0.0,0.0,1.0,0.0,0.0,-114.97,125.97,0.0,1.27,0.131,710.0,1.0,0.0126760563380281,0.0267605633802816,0.0408450704225352
0.0,0.0,0.0,0.0,0.0,0.0,0.0,0.0,0.0,0.0,0.0,0.0,0.0,0.0,1.0,0.0,0.0,0.0,0.0,0.0,0.0,0.0,0.0,0.0,1.0,0.0,0.0,-115.61,128.45,60.3,1.27,0.131,710.0,1.0,0.0112676056338028,0.0323943661971831,0.0450704225352112
0.0,0.0,0.0,0.0,0.0,0.0,0.0,0.0,0.0,1.0,0.0,0.0,0.0,0.0,0.0,0.0,0.0,0.0,0.0,0.0,0.0,0.0,0.0,0.0,1.0,0.0,0.0,-124.17,151.04,0.0,1.27,0.131,710.0,1.0,0.0112676056338028,0.0295774647887323,0.0422535211267605
0.0,0.0,0.0,0.0,0.0,0.0,0.0,0.0,0.0,0.0,0.0,0.0,0.0,0.0,1.0,0.0,0.0,0.0,0.0,0.0,0.0,0.0,0.0,0.0,0.0,1.0,0.0,-82.02,-37.97,104.9,1.27,0.131,710.0,1.0,0.0112676056338028,0.0295774647887323,0.0422535211267605
0.0,0.0,0.0,1.0,0.0,0.0,0.0,0.0,0.0,0.0,0.0,0.0,0.0,0.0,0.0,0.0,0.0,0.0,0.0,0.0,0.0,0.0,0.0,0.0,0.0,1.0,0.0,-93.01,169.49,52.7,1.27,0.131,710.0,1.0,0.0112676056338028,0.0183098591549295,0.0309859154929577
0.0,0.0,1.0,0.0,0.0,0.0,0.0,0.0,0.0,0.0,0.0,0.0,0.0,0.0,0.0,0.0,0.0,0.0,0.0,0.0,0.0,0.0,0.0,0.0,0.0,1.0,0.0,-60.6,143.57,129.9,1.27,0.131,710.0,1.0,0.0140845070422535,0.0154929577464788,0.0309859154929577
0.0,0.0,0.0,0.0,0.0,0.0,0.0,0.0,0.0,0.0,0.0,0.0,1.0,0.0,0.0,0.0,0.0,0.0,0.0,0.0,0.0,0.0,0.0,1.0,0.0,0.0,0.0,-96.96,2.41,0.4,1.27,0.131,710.0,1.0,0.0126760563380281,0.0239436619718309,0.0380281690140845
0.0,0.0,0.0,1.0,0.0,0.0,0.0,0.0,0.0,0.0,0.0,0.0,0.0,0.0,0.0,0.0,0.0,0.0,0.0,0.0,0.0,0.0,0.0,1.0,0.0,0.0,0.0,-63.88,-49.76,93.4,1.27,0.131,710.0,1.0,0.0112676056338028,0.0253521126760563,0.0380281690140845
0.0,0.0,0.0,0.0,0.0,0.0,0.0,0.0,0.0,0.0,0.0,0.0,0.0,0.0,0.0,0.0,0.0,1.0,0.0,0.0,0.0,0.0,0.0,1.0,0.0,0.0,0.0,-63.36,-43.51,86.2,1.27,0.131,710.0,1.0,0.0126760563380281,0.0183098591549295,0.0323943661971831
0.0,0.0,0.0,0.0,1.0,0.0,0.0,0.0,0.0,0.0,0.0,0.0,0.0,0.0,0.0,0.0,0.0,0.0,0.0,0.0,0.0,0.0,0.0,1.0,0.0,0.0,0.0,-52.23,-47.24,1.8,1.27,0.131,710.0,1.0,0.0112676056338028,0.0309859154929577,0.0436619718309859
0.0,0.0,0.0,0.0,0.0,0.0,0.0,0.0,0.0,1.0,0.0,0.0,0.0,0.0,0.0,0.0,0.0,0.0,0.0,0.0,0.0,0.0,0.0,1.0,0.0,0.0,0.0,-66.16,-42.57,30.1,1.27,0.131,710.0,1.0,0.0112676056338028,0.0295774647887323,0.0422535211267605
0.0,0.0,0.0,0.0,0.0,0.0,0.0,0.0,0.0,0.0,0.0,0.0,0.0,0.0,0.0,0.0,0.0,1.0,0.0,0.0,0.0,0.0,0.0,1.0,0.0,0.0,0.0,-53.41,-48.02,86.4,1.27,0.131,710.0,1.0,0.0126760563380281,0.0197183098591549,0.0338028169014084
0.0,0.0,0.0,0.0,0.0,0.0,0.0,0.0,0.0,0.0,0.0,0.0,0.0,1.0,0.0,0.0,0.0,0.0,0.0,0.0,0.0,0.0,0.0,1.0,0.0,0.0,0.0,-79.13,-25.37,56.9,1.27,0.131,710.0,1.0,0.0112676056338028,0.0338028169014084,0.0464788732394366
0.0,0.0,0.0,0.0,0.0,0.0,0.0,0.0,0.0,1.0,0.0,0.0,0.0,0.0,0.0,0.0,0.0,0.0,0.0,0.0,0.0,0.0,0.0,1.0,0.0,0.0,0.0,-56.47,-49.3,0.0,1.27,0.131,710.0,1.0,0.0112676056338028,0.028169014084507,0.0408450704225352
0.0,0.0,0.0,0.0,0.0,0.0,0.0,0.0,0.0,0.0,0.0,0.0,0.0,0.0,0.0,0.0,0.0,0.0,0.0,1.0,0.0,0.0,0.0,1.0,0.0,0.0,0.0,-70.1,-44.26,115.7,1.27,0.131,710.0,1.0,0.0112676056338028,0.028169014084507,0.0408450704225352
0.0,0.0,0.0,0.0,0.0,0.0,0.0,0.0,0.0,0.0,0.0,0.0,0.0,1.0,0.0,0.0,0.0,0.0,0.0,0.0,0.0,0.0,0.0,1.0,0.0,0.0,0.0,-75.04,-29.3,143.8,1.27,0.131,710.0,1.0,0.0112676056338028,0.0267605633802816,0.0394366197183098
0.0,0.0,0.0,0.0,0.0,0.0,1.0,0.0,0.0,0.0,0.0,0.0,0.0,0.0,0.0,0.0,0.0,0.0,0.0,0.0,0.0,0.0,0.0,1.0,0.0,0.0,0.0,-115.21,18.03,118.2,1.27,0.131,710.0,1.0,0.0112676056338028,0.0253521126760563,0.0380281690140845
0.0,1.0,0.0,0.0,0.0,0.0,0.0,0.0,0.0,0.0,0.0,0.0,0.0,0.0,0.0,0.0,0.0,0.0,0.0,0.0,0.0,0.0,0.0,0.0,0.0,1.0,0.0,-43.59,131.57,33.5,1.27,0.131,710.0,1.0,0.0126760563380281,0.0239436619718309,0.0380281690140845
0.0,0.0,0.0,0.0,0.0,0.0,0.0,0.0,0.0,0.0,0.0,0.0,1.0,0.0,0.0,0.0,0.0,0.0,0.0,0.0,0.0,0.0,0.0,0.0,0.0,0.0,1.0,-56.07,151.92,20.4,1.27,0.131,710.0,1.0,0.0140845070422535,0.0183098591549295,0.0338028169014084
0.0,0.0,0.0,0.0,0.0,0.0,0.0,0.0,0.0,0.0,0.0,0.0,1.0,0.0,0.0,0.0,0.0,0.0,0.0,0.0,0.0,0.0,0.0,0.0,0.0,0.0,1.0,-66.38,-29.73,136.4,1.27,0.131,710.0,1.0,0.0126760563380281,0.0126760563380281,0.0267605633802816
0.0,0.0,0.0,0.0,0.0,0.0,0.0,0.0,0.0,1.0,0.0,0.0,0.0,0.0,0.0,0.0,0.0,0.0,0.0,0.0,0.0,0.0,0.0,0.0,0.0,0.0,1.0,-79.71,-19.58,105.8,1.27,0.131,710.0,1.0,0.0112676056338028,0.0211267605633802,0.0338028169014084
1.0,0.0,0.0,0.0,0.0,0.0,0.0,0.0,0.0,0.0,0.0,0.0,0.0,0.0,0.0,0.0,0.0,0.0,0.0,0.0,0.0,0.0,0.0,0.0,0.0,0.0,1.0,-80.78,164.07,13.0,1.27,0.131,710.0,1.0,0.0098591549295774,0.028169014084507,0.0394366197183098
0.0,0.0,0.0,0.0,0.0,0.0,0.0,0.0,0.0,0.0,0.0,0.0,0.0,0.0,1.0,0.0,0.0,0.0,0.0,0.0,0.0,0.0,0.0,0.0,1.0,0.0,0.0,-150.41,125.54,124.6,1.27,0.131,710.0,1.0,0.0112676056338028,0.0253521126760563,0.0380281690140845
0.0,0.0,0.0,0.0,0.0,0.0,0.0,1.0,0.0,0.0,0.0,0.0,0.0,0.0,0.0,0.0,0.0,0.0,0.0,0.0,0.0,0.0,0.0,0.0,1.0,0.0,0.0,-97.89,116.23,27.7,1.27,0.131,710.0,1.0,0.0126760563380281,0.0211267605633802,0.0352112676056338
0.0,0.0,1.0,0.0,0.0,0.0,0.0,0.0,0.0,0.0,0.0,0.0,0.0,0.0,0.0,0.0,0.0,0.0,0.0,0.0,0.0,0.0,0.0,0.0,1.0,0.0,0.0,-92.79,-30.51,98.0,1.27,0.131,710.0,1.0,0.0126760563380281,0.0197183098591549,0.0338028169014084
0.0,0.0,0.0,0.0,0.0,0.0,0.0,0.0,0.0,0.0,0.0,0.0,0.0,0.0,0.0,1.0,0.0,0.0,0.0,0.0,0.0,0.0,0.0,0.0,1.0,0.0,0.0,-161.19,151.95,41.1,1.27,0.131,710.0,1.0,0.0112676056338028,0.0183098591549295,0.0309859154929577
0.0,0.0,0.0,0.0,0.0,0.0,0.0,0.0,0.0,0.0,0.0,0.0,0.0,0.0,0.0,0.0,0.0,1.0,0.0,0.0,0.0,0.0,0.0,0.0,1.0,0.0,0.0,-136.91,130.21,31.9,1.27,0.131,710.0,1.0,0.0126760563380281,0.0197183098591549,0.0338028169014084
0.0,0.0,0.0,1.0,0.0,0.0,0.0,0.0,0.0,0.0,0.0,0.0,0.0,0.0,0.0,0.0,0.0,0.0,0.0,0.0,0.0,0.0,0.0,0.0,1.0,0.0,0.0,-117.06,150.21,112.9,1.27,0.131,710.0,1.0,0.0112676056338028,0.0197183098591549,0.0323943661971831
0.0,0.0,0.0,0.0,0.0,0.0,0.0,0.0,0.0,0.0,0.0,0.0,0.0,0.0,1.0,0.0,0.0,0.0,0.0,0.0,0.0,0.0,0.0,0.0,1.0,0.0,0.0,-129.37,149.02,128.6,1.27,0.131,710.0,1.0,0.0112676056338028,0.0211267605633802,0.0338028169014084
0.0,0.0,0.0,1.0,0.0,0.0,0.0,0.0,0.0,0.0,0.0,0.0,0.0,0.0,0.0,0.0,0.0,0.0,0.0,0.0,0.0,0.0,0.0,0.0,1.0,0.0,0.0,-152.38,153.14,106.5,1.27,0.131,710.0,1.0,0.0126760563380281,0.0197183098591549,0.0338028169014084
0.0,0.0,0.0,0.0,0.0,0.0,0.0,0.0,0.0,0.0,0.0,0.0,1.0,0.0,0.0,0.0,0.0,0.0,0.0,0.0,0.0,0.0,0.0,0.0,1.0,0.0,0.0,-77.57,159.92,97.0,1.27,0.131,710.0,1.0,0.0126760563380281,0.0197183098591549,0.0338028169014084
0.0,0.0,0.0,0.0,1.0,0.0,0.0,0.0,0.0,0.0,0.0,0.0,0.0,0.0,0.0,0.0,0.0,0.0,0.0,0.0,0.0,0.0,0.0,0.0,1.0,0.0,0.0,-157.02,172.52,39.7,1.27,0.131,710.0,1.0,0.0112676056338028,0.0225352112676056,0.0352112676056338
0.0,0.0,0.0,0.0,0.0,0.0,0.0,1.0,0.0,0.0,0.0,0.0,0.0,0.0,0.0,0.0,0.0,0.0,0.0,0.0,0.0,0.0,0.0,0.0,1.0,0.0,0.0,-102.78,122.66,107.2,1.27,0.131,710.0,1.0,0.0140845070422535,0.0197183098591549,0.0352112676056338
0.0,0.0,0.0,0.0,0.0,0.0,0.0,0.0,0.0,0.0,0.0,0.0,0.0,0.0,0.0,0.0,0.0,0.0,1.0,0.0,0.0,0.0,0.0,0.0,1.0,0.0,0.0,-72.03,133.59,14.5,1.27,0.131,710.0,1.0,0.0112676056338028,0.0309859154929577,0.0436619718309859
0.0,0.0,0.0,0.0,0.0,0.0,0.0,0.0,0.0,0.0,0.0,0.0,0.0,0.0,0.0,1.0,0.0,0.0,0.0,0.0,0.0,0.0,0.0,0.0,0.0,0.0,1.0,-75.54,-32.24,104.8,1.27,0.131,710.0,1.0,0.0112676056338028,0.0169014084507042,0.0295774647887323
1.0,0.0,0.0,0.0,0.0,0.0,0.0,0.0,0.0,0.0,0.0,0.0,0.0,0.0,0.0,0.0,0.0,0.0,0.0,0.0,0.0,0.0,0.0,0.0,0.0,0.0,1.0,-143.71,142.36,59.7,1.27,0.131,710.0,1.0,0.0098591549295774,0.0197183098591549,0.0309859154929577
0.0,0.0,0.0,0.0,0.0,0.0,0.0,0.0,0.0,1.0,0.0,0.0,0.0,0.0,0.0,0.0,0.0,0.0,0.0,0.0,0.0,0.0,0.0,0.0,0.0,0.0,1.0,-79.28,140.78,57.0,1.27,0.131,710.0,1.0,0.0126760563380281,0.0197183098591549,0.0338028169014084
0.0,0.0,0.0,0.0,0.0,0.0,0.0,0.0,0.0,0.0,0.0,0.0,1.0,0.0,0.0,0.0,0.0,0.0,0.0,0.0,0.0,0.0,0.0,0.0,0.0,1.0,0.0,-74.08,146.04,19.3,1.27,0.131,710.0,1.0,0.0126760563380281,0.0183098591549295,0.0323943661971831
0.0,0.0,0.0,0.0,0.0,0.0,0.0,0.0,0.0,0.0,0.0,0.0,0.0,0.0,0.0,0.0,1.0,0.0,0.0,0.0,0.0,0.0,0.0,0.0,0.0,1.0,0.0,-112.9,1.12,113.6,1.27,0.131,710.0,1.0,0.0126760563380281,0.0183098591549295,0.0323943661971831
0.0,0.0,0.0,1.0,0.0,0.0,0.0,0.0,0.0,0.0,0.0,0.0,0.0,0.0,0.0,0.0,0.0,0.0,0.0,0.0,0.0,0.0,0.0,0.0,0.0,1.0,0.0,-147.82,173.77,128.2,1.27,0.131,710.0,1.0,0.0112676056338028,0.0211267605633802,0.0338028169014084
0.0,0.0,0.0,0.0,1.0,0.0,0.0,0.0,0.0,0.0,0.0,0.0,0.0,0.0,0.0,0.0,0.0,0.0,0.0,0.0,0.0,0.0,0.0,0.0,1.0,0.0,0.0,-113.86,122.04,3.2,1.27,0.131,710.0,1.0,0.0112676056338028,0.0309859154929577,0.0436619718309859
0.0,0.0,0.0,0.0,0.0,0.0,0.0,0.0,0.0,0.0,0.0,0.0,0.0,0.0,0.0,0.0,1.0,0.0,0.0,0.0,0.0,0.0,0.0,0.0,1.0,0.0,0.0,-128.22,150.42,54.6,1.27,0.131,710.0,1.0,0.0126760563380281,0.0225352112676056,0.0366197183098591
0.0,0.0,0.0,0.0,0.0,0.0,0.0,1.0,0.0,0.0,0.0,0.0,0.0,0.0,0.0,0.0,0.0,0.0,0.0,0.0,0.0,0.0,0.0,0.0,1.0,0.0,0.0,-89.7,122.94,80.7,1.27,0.131,710.0,1.0,0.0126760563380281,0.0169014084507042,0.0309859154929577
0.0,0.0,0.0,0.0,0.0,0.0,0.0,0.0,0.0,0.0,0.0,0.0,0.0,0.0,1.0,0.0,0.0,0.0,0.0,0.0,0.0,0.0,0.0,0.0,0.0,1.0,0.0,-116.1,360.0,147.7,1.27,0.131,710.0,1.0,0.0112676056338028,0.0126760563380281,0.0253521126760563
