0.0,0.0,0.0,1.0,0.0,0.0,0.0,0.0,0.0,0.0,0.0,0.0,0.0,0.0,0.0,0.0,0.0,0.0,0.0,0.0,0.0,0.0,0.0,0.0,0.0,1.0,0.0,360.0,152.62,113.9,1.5,0.189,522.0,1.0,0.0095785440613026,0.0153256704980842,0.0268199233716475
0.0,0.0,0.0,0.0,0.0,0.0,0.0,0.0,0.0,0.0,0.0,0.0,0.0,0.0,0.0,0.0,1.0,0.0,0.0,0.0,0.0,0.0,0.0,0.0,0.0,1.0,0.0,-121.04,-177.46,93.6,1.5,0.189,522.0,1.0,0.0172413793103448,0.0229885057471264,0.0421455938697318
0.0,1.0,0.0,0.0,0.0,0.0,0.0,0.0,0.0,0.0,0.0,0.0,0.0,0.0,0.0,0.0,0.0,0.0,0.0,0.0,0.0,0.0,0.0,0.0,0.0,0.0,1.0,-80.44,-7.3,36.2,1.5,0.189,522.0,1.0,0.0153256704980842,0.028735632183908,0.0459770114942528
0.0,0.0,0.0,1.0,0.0,0.0,0.0,0.0,0.0,0.0,0.0,0.0,0.0,0.0,0.0,0.0,0.0,0.0,0.0,0.0,0.0,0.0,0.0,0.0,0.0,0.0,1.0,-62.97,135.93,76.4,1.5,0.189,522.0,1.0,0.0134099616858237,0.0191570881226053,0.0344827586206896
0.0,0.0,0.0,0.0,0.0,0.0,0.0,0.0,0.0,0.0,0.0,1.0,0.0,0.0,0.0,0.0,0.0,0.0,0.0,0.0,0.0,0.0,0.0,0.0,0.0,0.0,1.0,65.78,8.25,110.4,1.5,0.189,522.0,1.0,0.0134099616858237,0.0153256704980842,0.0306513409961685
0.0,0.0,0.0,0.0,0.0,0.0,0.0,0.0,0.0,0.0,0.0,0.0,0.0,0.0,0.0,0.0,0.0,1.0,0.0,0.0,0.0,0.0,0.0,0.0,0.0,0.0,1.0,-82.18,133.36,65.0,1.5,0.189,522.0,1.0,0.0172413793103448,0.0210727969348659,0.0402298850574712
0.0,0.0,1.0,0.0,0.0,0.0,0.0,0.0,0.0,0.0,0.0,0.0,0.0,0.0,0.0,0.0,0.0,0.0,0.0,0.0,0.0,0.0,0.0,0.0,0.0,1.0,0.0,-112.92,110.83,146.3,1.5,0.189,522.0,1.0,0.0172413793103448,0.0191570881226053,0.0383141762452107
0.0,1.0,0.0,0.0,0.0,0.0,0.0,0.0,0.0,0.0,0.0,0.0,0.0,0.0,0.0,0.0,0.0,0.0,0.0,0.0,0.0,0.0,0.0,0.0,0.0,1.0,0.0,-90.65,-10.01,24.2,1.5,0.189,522.0,1.0,0.0153256704980842,0.0249042145593869,0.0421455938697318
0.0,0.0,0.0,0.0,0.0,1.0,0.0,0.0,0.0,0.0,0.0,0.0,0.0,0.0,0.0,0.0,0.0,0.0,0.0,0.0,0.0,0.0,0.0,0.0,0.0,0.0,1.0,89.64,-169.65,33.4,1.5,0.189,522.0,1.0,0.0114942528735632,0.0249042145593869,0.0383141762452107
0.0,0.0,0.0,0.0,0.0,0.0,0.0,0.0,0.0,0.0,0.0,0.0,1.0,0.0,0.0,0.0,0.0,0.0,0.0,0.0,0.0,0.0,0.0,0.0,0.0,0.0,1.0,-68.89,138.86,127.9,1.5,0.189,522.0,1.0,0.0172413793103448,0.0095785440613026,0.028735632183908
0.0,0.0,0.0,0.0,0.0,1.0,0.0,0.0,0.0,0.0,0.0,0.0,0.0,0.0,0.0,0.0,0.0,0.0,0.0,0.0,0.0,0.0,0.0,0.0,0.0,0.0,1.0,71.92,10.29,42.3,1.5,0.189,522.0,1.0,0.0114942528735632,0.0249042145593869,0.0383141762452107
0.0,0.0,0.0,0.0,0.0,0.0,0.0,0.0,1.0,0.0,0.0,0.0,0.0,0.0,0.0,0.0,0.0,0.0,0.0,0.0,0.0,0.0,0.0,0.0,1.0,0.0,0.0,-135.65,157.15,83.6,1.5,0.189,522.0,1.0,0.0153256704980842,0.0421455938697318,0.0593869731800766
0.0,0.0,0.0,0.0,0.0,0.0,0.0,0.0,1.0,0.0,0.0,0.0,0.0,0.0,0.0,0.0,0.0,0.0,0.0,0.0,0.0,0.0,0.0,0.0,1.0,0.0,0.0,-140.37,160.94,47.4,1.5,0.189,522.0,1.0,0.0134099616858237,0.0210727969348659,0.0363984674329501
0.0,1.0,0.0,0.0,0.0,0.0,0.0,0.0,0.0,0.0,0.0,0.0,0.0,0.0,0.0,0.0,0.0,0.0,0.0,0.0,0.0,0.0,0.0,0.0,1.0,0.0,0.0,-89.7,132.53,35.1,1.5,0.189,522.0,1.0,0.0153256704980842,0.0268199233716475,0.0440613026819923
0.0,0.0,0.0,0.0,0.0,0.0,0.0,0.0,0.0,0.0,0.0,0.0,0.0,0.0,1.0,0.0,0.0,0.0,0.0,0.0,0.0,0.0,0.0,0.0,1.0,0.0,0.0,-138.64,144.58,45.6,1.5,0.189,522.0,1.0,0.0134099616858237,0.0229885057471264,0.0383141762452107
0.0,0.0,0.0,0.0,0.0,0.0,0.0,0.0,0.0,0.0,1.0,0.0,0.0,0.0,0.0,0.0,0.0,0.0,0.0,0.0,0.0,0.0,0.0,0.0,1.0,0.0,0.0,-82.91,129.15,83.1,1.5,0.189,522.0,1.0,0.0153256704980842,0.028735632183908,0.0459770114942528
0.0,0.0,0.0,0.0,0.0,0.0,0.0,0.0,0.0,0.0,0.0,1.0,0.0,0.0,0.0,0.0,0.0,0.0,0.0,0.0,0.0,0.0,0.0,0.0,1.0,0.0,0.0,-93.28,-173.32,59.8,1.5,0.189,522.0,1.0,0.0172413793103448,0.0249042145593869,0.0440613026819923
0.0,0.0,0.0,0.0,0.0,0.0,0.0,0.0,1.0,0.0,0.0,0.0,0.0,0.0,0.0,0.0,0.0,0.0,0.0,0.0,0.0,0.0,0.0,0.0,0.0,0.0,1.0,-76.67,-1.34,107.8,1.5,0.189,522.0,1.0,0.0134099616858237,0.0191570881226053,0.0344827586206896
0.0,0.0,0.0,0.0,0.0,0.0,0.0,0.0,1.0,0.0,0.0,0.0,0.0,0.0,0.0,0.0,0.0,0.0,0.0,0.0,0.0,0.0,0.0,0.0,0.0,0.0,1.0,-104.7,9.96,97.3,1.5,0.189,522.0,1.0,0.0153256704980842,0.0249042145593869,0.0421455938697318
0.0,0.0,0.0,0.0,0.0,0.0,0.0,0.0,0.0,0.0,0.0,1.0,0.0,0.0,0.0,0.0,0.0,0.0,0.0,0.0,0.0,0.0,0.0,0.0,0.0,0.0,1.0,67.61,33.44,130.3,1.5,0.189,522.0,1.0,0.0172413793103448,0.028735632183908,0.0478927203065134
0.0,0.0,0.0,0.0,0.0,0.0,0.0,0.0,1.0,0.0,0.0,0.0,0.0,0.0,0.0,0.0,0.0,0.0,0.0,0.0,0.0,0.0,0.0,0.0,1.0,0.0,0.0,-116.46,143.61,56.1,1.5,0.189,522.0,1.0,0.0172413793103448,0.0306513409961685,0.0498084291187739
0.0,0.0,0.0,0.0,0.0,0.0,0.0,0.0,0.0,0.0,0.0,0.0,1.0,0.0,0.0,0.0,0.0,0.0,0.0,0.0,0.0,0.0,0.0,0.0,1.0,0.0,0.0,-76.07,133.52,40.6,1.5,0.189,522.0,1.0,0.0172413793103448,0.0325670498084291,0.0517241379310344
0.0,0.0,0.0,0.0,0.0,0.0,0.0,0.0,0.0,0.0,0.0,0.0,0.0,0.0,1.0,0.0,0.0,0.0,0.0,0.0,0.0,0.0,0.0,0.0,1.0,0.0,0.0,-129.77,148.18,149.2,1.5,0.189,522.0,1.0,0.0153256704980842,0.0306513409961685,0.0478927203065134
0.0,1.0,0.0,0.0,0.0,0.0,0.0,0.0,0.0,0.0,0.0,0.0,0.0,0.0,0.0,0.0,0.0,0.0,0.0,0.0,0.0,0.0,0.0,0.0,1.0,0.0,0.0,-91.64,127.0,45.8,1.5,0.189,522.0,1.0,0.0153256704980842,0.0306513409961685,0.0478927203065134
0.0,0.0,0.0,0.0,0.0,0.0,0.0,0.0,0.0,0.0,0.0,0.0,0.0,0.0,0.0,0.0,0.0,1.0,0.0,0.0,0.0,0.0,0.0,0.0,1.0,0.0,0.0,-126.63,142.52,61.5,1.5,0.189,522.0,1.0,0.0172413793103448,0.0268199233716475,0.0459770114942528
0.0,1.0,0.0,0.0,0.0,0.0,0.0,0.0,0.0,0.0,0.0,0.0,0.0,0.0,0.0,0.0,0.0,0.0,0.0,0.0,0.0,0.0,0.0,0.0,1.0,0.0,0.0,-53.83,119.84,22.3,1.5,0.189,522.0,1.0,0.0153256704980842,0.0325670498084291,0.0498084291187739
1.0,0.0,0.0,0.0,0.0,0.0,0.0,0.0,0.0,0.0,0.0,0.0,0.0,0.0,0.0,0.0,0.0,0.0,0.0,0.0,0.0,0.0,0.0,0.0,0.0,1.0,0.0,-152.26,70.89,48.1,1.5,0.189,522.0,1.0,0.0153256704980842,0.0249042145593869,0.0421455938697318
0.0,0.0,0.0,0.0,0.0,0.0,0.0,0.0,0.0,0.0,0.0,0.0,1.0,0.0,0.0,0.0,0.0,0.0,0.0,0.0,0.0,0.0,0.0,0.0,0.0,1.0,0.0,-61.1,141.4,26.9,1.5,0.189,522.0,1.0,0.0172413793103448,0.0229885057471264,0.0421455938697318
0.0,0.0,1.0,0.0,0.0,0.0,0.0,0.0,0.0,0.0,0.0,0.0,0.0,0.0,0.0,0.0,0.0,0.0,0.0,0.0,0.0,0.0,0.0,0.0,0.0,1.0,0.0,-79.96,105.73,85.1,1.5,0.189,522.0,1.0,0.0172413793103448,0.0229885057471264,0.0421455938697318
0.0,1.0,0.0,0.0,0.0,0.0,0.0,0.0,0.0,0.0,0.0,0.0,0.0,0.0,0.0,0.0,0.0,0.0,0.0,0.0,0.0,0.0,1.0,0.0,0.0,0.0,0.0,-66.39,-25.97,67.2,1.5,0.189,522.0,1.0,0.0153256704980842,0.0325670498084291,0.0498084291187739
0.0,0.0,0.0,0.0,0.0,0.0,0.0,0.0,0.0,0.0,0.0,0.0,0.0,0.0,0.0,1.0,0.0,0.0,0.0,0.0,0.0,0.0,1.0,0.0,0.0,0.0,0.0,-69.46,-12.31,89.4,1.5,0.189,522.0,1.0,0.0153256704980842,0.0249042145593869,0.0421455938697318
0.0,0.0,0.0,0.0,0.0,0.0,0.0,0.0,0.0,0.0,0.0,1.0,0.0,0.0,0.0,0.0,0.0,0.0,0.0,0.0,0.0,0.0,1.0,0.0,0.0,0.0,0.0,-85.5,-12.95,123.9,1.5,0.189,522.0,1.0,0.0172413793103448,0.028735632183908,0.0478927203065134
0.0,0.0,0.0,0.0,0.0,0.0,0.0,1.0,0.0,0.0,0.0,0.0,0.0,0.0,0.0,0.0,0.0,0.0,0.0,0.0,0.0,0.0,0.0,0.0,0.0,1.0,0.0,-90.01,127.89,18.1,1.5,0.189,522.0,1.0,0.0172413793103448,0.0268199233716475,0.0459770114942528
0.0,0.0,0.0,0.0,0.0,0.0,0.0,0.0,0.0,0.0,0.0,0.0,0.0,0.0,0.0,0.0,1.0,0.0,0.0,0.0,0.0,0.0,0.0,0.0,0.0,1.0,0.0,-85.12,-36.2,134.6,1.5,0.189,522.0,1.0,0.0172413793103448,0.0210727969348659,0.0402298850574712
0.0,0.0,0.0,0.0,0.0,0.0,0.0,0.0,0.0,0.0,0.0,0.0,0.0,0.0,0.0,0.0,0.0,0.0,1.0,0.0,0.0,0.0,0.0,0.0,0.0,1.0,0.0,-80.55,128.94,88.9,1.5,0.189,522.0,1.0,0.0153256704980842,0.0363984674329501,0.053639846743295
0.0,0.0,0.0,0.0,0.0,0.0,0.0,0.0,1.0,0.0,0.0,0.0,0.0,0.0,0.0,0.0,0.0,0.0,0.0,0.0,0.0,0.0,0.0,0.0,0.0,1.0,0.0,-106.47,-3.2,143.2,1.5,0.189,522.0,1.0,0.0153256704980842,0.0249042145593869,0.0421455938697318
0.0,0.0,0.0,0.0,0.0,1.0,0.0,0.0,0.0,0.0,0.0,0.0,0.0,0.0,0.0,0.0,0.0,0.0,0.0,0.0,0.0,0.0,0.0,0.0,0.0,1.0,0.0,-90.91,-173.66,18.0,1.5,0.189,522.0,1.0,0.0134099616858237,0.0325670498084291,0.0478927203065134
0.0,0.0,0.0,0.0,0.0,0.0,0.0,0.0,0.0,0.0,0.0,0.0,1.0,0.0,0.0,0.0,0.0,0.0,0.0,0.0,0.0,0.0,0.0,0.0,0.0,1.0,0.0,-67.48,156.88,48.1,1.5,0.189,522.0,1.0,0.0172413793103448,0.0383141762452107,0.057471264367816
0.0,0.0,0.0,0.0,0.0,0.0,0.0,0.0,0.0,0.0,0.0,0.0,0.0,0.0,0.0,0.0,0.0,1.0,0.0,0.0,0.0,0.0,0.0,0.0,1.0,0.0,0.0,-133.6,159.5,0.0,1.5,0.189,522.0,1.0,0.0172413793103448,0.0363984674329501,0.0555555555555555
0.0,1.0,0.0,0.0,0.0,0.0,0.0,0.0,0.0,0.0,0.0,0.0,0.0,0.0,0.0,0.0,0.0,0.0,0.0,0.0,0.0,0.0,0.0,0.0,1.0,0.0,0.0,-104.66,116.65,0.0,1.5,0.189,522.0,1.0,0.0153256704980842,0.0421455938697318,0.0593869731800766
0.0,0.0,0.0,0.0,0.0,1.0,0.0,0.0,0.0,0.0,0.0,0.0,0.0,0.0,0.0,0.0,0.0,0.0,0.0,0.0,0.0,0.0,0.0,0.0,1.0,0.0,0.0,-80.1,162.15,0.0,1.5,0.189,522.0,1.0,0.0114942528735632,0.0478927203065134,0.0613026819923371
0.0,0.0,0.0,0.0,0.0,0.0,0.0,0.0,0.0,1.0,0.0,0.0,0.0,0.0,0.0,0.0,0.0,0.0,0.0,0.0,0.0,0.0,0.0,0.0,0.0,0.0,1.0,-66.22,-10.74,104.9,1.5,0.189,522.0,1.0,0.0153256704980842,0.0363984674329501,0.053639846743295
0.0,0.0,1.0,0.0,0.0,0.0,0.0,0.0,0.0,0.0,0.0,0.0,0.0,0.0,0.0,0.0,0.0,0.0,0.0,0.0,0.0,0.0,0.0,0.0,0.0,0.0,1.0,-85.52,1.23,51.4,1.5,0.189,522.0,1.0,0.0172413793103448,0.0210727969348659,0.0402298850574712
0.0,0.0,0.0,0.0,0.0,1.0,0.0,0.0,0.0,0.0,0.0,0.0,0.0,0.0,0.0,0.0,0.0,0.0,0.0,0.0,0.0,0.0,0.0,0.0,0.0,0.0,1.0,79.36,7.45,36.6,1.5,0.189,522.0,1.0,0.0114942528735632,0.0344827586206896,0.0478927203065134
0.0,0.0,0.0,0.0,0.0,0.0,0.0,0.0,1.0,0.0,0.0,0.0,0.0,0.0,0.0,0.0,0.0,0.0,0.0,0.0,0.0,0.0,0.0,0.0,0.0,1.0,0.0,-105.05,142.04,82.3,1.5,0.189,522.0,1.0,0.0172413793103448,0.0325670498084291,0.0517241379310344
0.0,0.0,0.0,0.0,0.0,0.0,0.0,0.0,0.0,0.0,0.0,0.0,0.0,0.0,0.0,0.0,1.0,0.0,0.0,0.0,0.0,0.0,0.0,0.0,1.0,0.0,0.0,-77.53,136.36,64.6,1.5,0.189,522.0,1.0,0.0172413793103448,0.0306513409961685,0.0498084291187739
0.0,0.0,0.0,0.0,0.0,0.0,0.0,0.0,0.0,0.0,0.0,0.0,0.0,0.0,0.0,0.0,0.0,0.0,0.0,1.0,0.0,0.0,0.0,0.0,1.0,0.0,0.0,-114.47,136.63,37.8,1.5,0.189,522.0,1.0,0.0153256704980842,0.0363984674329501,0.053639846743295
0.0,0.0,0.0,0.0,0.0,0.0,0.0,0.0,0.0,0.0,0.0,0.0,0.0,0.0,1.0,0.0,0.0,0.0,0.0,0.0,0.0,0.0,0.0,0.0,0.0,0.0,1.0,-56.8,-28.92,176.9,1.5,0.189,522.0,1.0,0.0153256704980842,0.0210727969348659,0.0383141762452107
0.0,0.0,0.0,0.0,0.0,0.0,0.0,0.0,0.0,0.0,0.0,1.0,0.0,0.0,0.0,0.0,0.0,0.0,0.0,0.0,0.0,0.0,0.0,0.0,0.0,0.0,1.0,-154.72,169.75,48.9,1.5,0.189,522.0,1.0,0.0172413793103448,0.0363984674329501,0.0555555555555555
0.0,0.0,0.0,1.0,0.0,0.0,0.0,0.0,0.0,0.0,0.0,0.0,0.0,0.0,0.0,0.0,0.0,0.0,0.0,0.0,0.0,0.0,0.0,1.0,0.0,0.0,0.0,-67.1,-31.66,48.2,1.5,0.189,522.0,1.0,0.0153256704980842,0.0383141762452107,0.0555555555555555
0.0,1.0,0.0,0.0,0.0,0.0,0.0,0.0,0.0,0.0,0.0,0.0,0.0,0.0,0.0,0.0,0.0,0.0,0.0,0.0,0.0,0.0,0.0,1.0,0.0,0.0,0.0,-61.52,-38.3,10.7,1.5,0.189,522.0,1.0,0.0153256704980842,0.0325670498084291,0.0498084291187739
1.0,0.0,0.0,0.0,0.0,0.0,0.0,0.0,0.0,0.0,0.0,0.0,0.0,0.0,0.0,0.0,0.0,0.0,0.0,0.0,0.0,0.0,0.0,1.0,0.0,0.0,0.0,-65.69,-35.83,11.6,1.5,0.189,522.0,1.0,0.0134099616858237,0.0344827586206896,0.0498084291187739
0.0,0.0,0.0,0.0,0.0,0.0,0.0,0.0,0.0,1.0,0.0,0.0,0.0,0.0,0.0,0.0,0.0,0.0,0.0,0.0,0.0,0.0,0.0,1.0,0.0,0.0,0.0,-63.64,-46.83,0.6,1.5,0.189,522.0,1.0,0.0153256704980842,0.0478927203065134,0.0651340996168582
0.0,0.0,0.0,0.0,0.0,0.0,0.0,0.0,0.0,1.0,0.0,0.0,0.0,0.0,0.0,0.0,0.0,0.0,0.0,0.0,0.0,0.0,0.0,1.0,0.0,0.0,0.0,-65.07,-32.91,39.8,1.5,0.189,522.0,1.0,0.0153256704980842,0.0383141762452107,0.0555555555555555
0.0,0.0,0.0,0.0,0.0,0.0,0.0,0.0,1.0,0.0,0.0,0.0,0.0,0.0,0.0,0.0,0.0,0.0,0.0,0.0,0.0,0.0,0.0,1.0,0.0,0.0,0.0,-67.1,-43.38,90.0,1.5,0.189,522.0,1.0,0.0153256704980842,0.0363984674329501,0.053639846743295
1.0,0.0,0.0,0.0,0.0,0.0,0.0,0.0,0.0,0.0,0.0,0.0,0.0,0.0,0.0,0.0,0.0,0.0,0.0,0.0,0.0,0.0,0.0,1.0,0.0,0.0,0.0,-62.17,-39.17,22.4,1.5,0.189,522.0,1.0,0.0134099616858237,0.0344827586206896,0.0498084291187739
0.0,0.0,0.0,0.0,0.0,0.0,0.0,0.0,0.0,0.0,0.0,0.0,0.0,0.0,1.0,0.0,0.0,0.0,0.0,0.0,0.0,0.0,0.0,1.0,0.0,0.0,0.0,-58.38,-46.15,95.3,1.5,0.189,522.0,1.0,0.0153256704980842,0.0517241379310344,0.0689655172413793
0.0,1.0,0.0,0.0,0.0,0.0,0.0,0.0,0.0,0.0,0.0,0.0,0.0,0.0,0.0,0.0,0.0,0.0,0.0,0.0,0.0,0.0,0.0,1.0,0.0,0.0,0.0,-65.86,-41.26,51.3,1.5,0.189,522.0,1.0,0.0153256704980842,0.028735632183908,0.0459770114942528
0.0,0.0,0.0,0.0,0.0,0.0,0.0,0.0,1.0,0.0,0.0,0.0,0.0,0.0,0.0,0.0,0.0,0.0,0.0,0.0,0.0,0.0,0.0,1.0,0.0,0.0,0.0,-81.69,-44.87,107.9,1.5,0.189,522.0,1.0,0.0153256704980842,0.0306513409961685,0.0478927203065134
0.0,0.0,0.0,1.0,0.0,0.0,0.0,0.0,0.0,0.0,0.0,0.0,0.0,0.0,0.0,0.0,0.0,0.0,0.0,0.0,0.0,0.0,0.0,1.0,0.0,0.0,0.0,-131.46,-26.89,80.8,1.5,0.189,522.0,1.0,0.0134099616858237,0.0210727969348659,0.0363984674329501
0.0,0.0,0.0,0.0,0.0,0.0,0.0,0.0,0.0,0.0,0.0,0.0,0.0,1.0,0.0,0.0,0.0,0.0,0.0,0.0,0.0,0.0,0.0,0.0,0.0,0.0,1.0,-130.8,86.65,66.9,1.5,0.189,522.0,1.0,0.0172413793103448,0.0344827586206896,0.053639846743295
0.0,0.0,0.0,0.0,0.0,0.0,0.0,0.0,0.0,0.0,0.0,0.0,1.0,0.0,0.0,0.0,0.0,0.0,0.0,0.0,0.0,0.0,0.0,0.0,0.0,0.0,1.0,-61.78,-21.91,97.2,1.5,0.189,522.0,1.0,0.0172413793103448,0.0268199233716475,0.0459770114942528
0.0,0.0,0.0,1.0,0.0,0.0,0.0,0.0,0.0,0.0,0.0,0.0,0.0,0.0,0.0,0.0,0.0,0.0,0.0,0.0,0.0,0.0,0.0,0.0,0.0,0.0,1.0,-93.44,1.49,155.7,1.5,0.189,522.0,1.0,0.0172413793103448,0.0229885057471264,0.0421455938697318
0.0,0.0,0.0,0.0,0.0,0.0,0.0,0.0,0.0,1.0,0.0,0.0,0.0,0.0,0.0,0.0,0.0,0.0,0.0,0.0,0.0,0.0,0.0,0.0,0.0,0.0,1.0,-69.2,133.02,2.4,1.5,0.189,522.0,1.0,0.0153256704980842,0.0383141762452107,0.0555555555555555
0.0,0.0,0.0,1.0,0.0,0.0,0.0,0.0,0.0,0.0,0.0,0.0,0.0,0.0,0.0,0.0,0.0,0.0,0.0,0.0,0.0,0.0,0.0,0.0,0.0,1.0,0.0,-141.14,164.43,51.1,1.5,0.189,522.0,1.0,0.0153256704980842,0.0306513409961685,0.0478927203065134
0.0,0.0,0.0,0.0,0.0,0.0,0.0,0.0,0.0,0.0,0.0,0.0,0.0,0.0,0.0,0.0,0.0,1.0,0.0,0.0,0.0,0.0,0.0,0.0,1.0,0.0,0.0,-73.14,122.71,45.3,1.5,0.189,522.0,1.0,0.0172413793103448,0.0249042145593869,0.0440613026819923
0.0,0.0,0.0,0.0,0.0,0.0,0.0,0.0,0.0,0.0,0.0,0.0,0.0,1.0,0.0,0.0,0.0,0.0,0.0,0.0,0.0,0.0,0.0,0.0,1.0,0.0,0.0,-94.89,-25.1,88.6,1.5,0.189,522.0,1.0,0.0153256704980842,0.0344827586206896,0.0517241379310344
0.0,0.0,0.0,0.0,0.0,0.0,0.0,0.0,0.0,0.0,0.0,0.0,0.0,0.0,0.0,0.0,0.0,0.0,0.0,1.0,0.0,0.0,0.0,0.0,1.0,0.0,0.0,-164.77,153.7,84.9,1.5,0.189,522.0,1.0,0.0153256704980842,0.0325670498084291,0.0498084291187739
0.0,0.0,0.0,0.0,0.0,0.0,0.0,0.0,0.0,0.0,0.0,0.0,0.0,1.0,0.0,0.0,0.0,0.0,0.0,0.0,0.0,0.0,0.0,0.0,1.0,0.0,0.0,-78.24,157.71,112.8,1.5,0.189,522.0,1.0,0.0153256704980842,0.0363984674329501,0.053639846743295
0.0,0.0,0.0,0.0,0.0,1.0,0.0,0.0,0.0,0.0,0.0,0.0,0.0,0.0,0.0,0.0,0.0,0.0,0.0,0.0,0.0,0.0,0.0,0.0,0.0,1.0,0.0,88.16,-172.54,21.1,1.5,0.189,522.0,1.0,0.0114942528735632,0.0325670498084291,0.0459770114942528
0.0,0.0,0.0,0.0,0.0,0.0,0.0,0.0,1.0,0.0,0.0,0.0,0.0,0.0,0.0,0.0,0.0,0.0,0.0,0.0,0.0,0.0,0.0,0.0,0.0,1.0,0.0,-72.84,149.8,156.9,1.5,0.189,522.0,1.0,0.0153256704980842,0.0229885057471264,0.0402298850574712
0.0,1.0,0.0,0.0,0.0,0.0,0.0,0.0,0.0,0.0,0.0,0.0,0.0,0.0,0.0,0.0,0.0,0.0,0.0,0.0,0.0,0.0,0.0,0.0,0.0,1.0,0.0,-68.5,149.72,20.2,1.5,0.189,522.0,1.0,0.0153256704980842,0.0306513409961685,0.0478927203065134
0.0,0.0,0.0,0.0,0.0,0.0,0.0,0.0,1.0,0.0,0.0,0.0,0.0,0.0,0.0,0.0,0.0,0.0,0.0,0.0,0.0,0.0,0.0,0.0,0.0,1.0,0.0,-72.11,360.0,239.5,1.5,0.189,522.0,1.0,0.0172413793103448,0.0114942528735632,0.0306513409961685
