0.0,0.0,0.0,0.0,0.0,0.0,0.0,0.0,0.0,0.0,1.0,0.0,0.0,0.0,0.0,0.0,0.0,0.0,0.0,0.0,0.0,0.0,0.0,0.0,0.0,1.0,0.0,360.0,38.33,227.7,1.35,0.199,1187.0,1.0,0.0050547598989048,0.0050547598989048,0.0109519797809604
0.0,0.0,0.0,0.0,0.0,0.0,0.0,0.0,1.0,0.0,0.0,0.0,0.0,0.0,0.0,0.0,0.0,0.0,0.0,0.0,0.0,0.0,0.0,0.0,0.0,1.0,0.0,-68.03,142.27,178.7,1.35,0.199,1187.0,1.0,0.0067396798652064,0.0101095197978096,0.0176916596461668
0.0,0.0,0.0,0.0,0.0,0.0,0.0,0.0,0.0,0.0,0.0,0.0,0.0,0.0,0.0,0.0,1.0,0.0,0.0,0.0,0.0,0.0,0.0,0.0,0.0,1.0,0.0,-81.06,121.45,17.1,1.35,0.199,1187.0,1.0,0.0075821398483572,0.0134793597304128,0.0219039595619208
0.0,0.0,0.0,0.0,0.0,0.0,0.0,0.0,0.0,0.0,0.0,0.0,1.0,0.0,0.0,0.0,0.0,0.0,0.0,0.0,0.0,0.0,0.0,0.0,0.0,1.0,0.0,-68.57,152.05,76.7,1.35,0.199,1187.0,1.0,0.0075821398483572,0.0092670598146588,0.0176916596461668
0.0,0.0,0.0,0.0,0.0,0.0,0.0,0.0,0.0,0.0,0.0,0.0,0.0,0.0,1.0,0.0,0.0,0.0,0.0,0.0,0.0,0.0,0.0,1.0,0.0,0.0,0.0,-53.76,-40.55,109.1,1.35,0.199,1187.0,1.0,0.0067396798652064,0.0109519797809604,0.0185341196293176
0.0,0.0,0.0,0.0,0.0,0.0,0.0,0.0,0.0,0.0,0.0,0.0,0.0,0.0,1.0,0.0,0.0,0.0,0.0,0.0,0.0,0.0,0.0,1.0,0.0,0.0,0.0,-59.42,-38.55,125.0,1.35,0.199,1187.0,1.0,0.0067396798652064,0.0117944397641112,0.0193765796124684
0.0,0.0,0.0,0.0,0.0,0.0,0.0,0.0,0.0,0.0,0.0,0.0,0.0,0.0,1.0,0.0,0.0,0.0,0.0,0.0,0.0,0.0,0.0,1.0,0.0,0.0,0.0,-74.82,-38.54,91.4,1.35,0.199,1187.0,1.0,0.0067396798652064,0.0160067396798652,0.0235888795282224
0.0,0.0,0.0,0.0,0.0,0.0,0.0,0.0,0.0,0.0,1.0,0.0,0.0,0.0,0.0,0.0,0.0,0.0,0.0,0.0,0.0,0.0,0.0,1.0,0.0,0.0,0.0,-59.17,-49.9,7.6,1.35,0.199,1187.0,1.0,0.0067396798652064,0.016849199663016,0.0244313395113732
0.0,0.0,0.0,0.0,0.0,0.0,0.0,0.0,0.0,0.0,0.0,0.0,0.0,0.0,1.0,0.0,0.0,0.0,0.0,0.0,0.0,0.0,0.0,1.0,0.0,0.0,0.0,-63.62,-36.12,7.0,1.35,0.199,1187.0,1.0,0.0067396798652064,0.0185341196293176,0.0261162594776748
0.0,0.0,0.0,0.0,0.0,0.0,0.0,0.0,0.0,1.0,0.0,0.0,0.0,0.0,0.0,0.0,0.0,0.0,0.0,0.0,0.0,0.0,0.0,1.0,0.0,0.0,0.0,-65.22,-32.43,31.3,1.35,0.199,1187.0,0.5,0.0067396798652064,0.0176916596461668,0.025273799494524
1.0,0.0,0.0,0.0,0.0,0.0,0.0,0.0,0.0,0.0,0.0,0.0,0.0,0.0,0.0,0.0,0.0,0.0,0.0,0.0,0.0,0.0,0.0,1.0,0.0,0.0,0.0,-65.36,-39.7,0.0,1.35,0.199,1187.0,1.0,0.0058972198820556,0.0193765796124684,0.0261162594776748
0.0,0.0,0.0,0.0,0.0,0.0,0.0,0.0,0.0,0.0,0.0,0.0,0.0,0.0,0.0,0.0,0.0,1.0,0.0,0.0,0.0,0.0,0.0,1.0,0.0,0.0,0.0,-61.89,-47.25,0.0,1.35,0.199,1187.0,1.0,0.0075821398483572,0.0143218197135636,0.0227464195450716
0.0,0.0,0.0,0.0,1.0,0.0,0.0,0.0,0.0,0.0,0.0,0.0,0.0,0.0,0.0,0.0,0.0,0.0,0.0,0.0,0.0,0.0,0.0,1.0,0.0,0.0,0.0,-59.99,-45.29,1.6,1.35,0.199,1187.0,1.0,0.0067396798652064,0.0202190395956192,0.0278011794439764
0.0,0.0,0.0,0.0,0.0,0.0,0.0,0.0,1.0,0.0,0.0,0.0,0.0,0.0,0.0,0.0,0.0,0.0,0.0,0.0,0.0,0.0,0.0,1.0,0.0,0.0,0.0,-59.84,-37.13,70.0,1.35,0.199,1187.0,0.5,0.0067396798652064,0.0202190395956192,0.0278011794439764
1.0,0.0,0.0,0.0,0.0,0.0,0.0,0.0,0.0,0.0,0.0,0.0,0.0,0.0,0.0,0.0,0.0,0.0,0.0,0.0,0.0,0.0,0.0,1.0,0.0,0.0,0.0,-65.41,-43.41,0.0,1.35,0.199,1187.0,1.0,0.0058972198820556,0.0160067396798652,0.0227464195450716
0.0,0.0,0.0,0.0,0.0,0.0,0.0,0.0,0.0,1.0,0.0,0.0,0.0,0.0,0.0,0.0,0.0,0.0,0.0,0.0,0.0,0.0,0.0,1.0,0.0,0.0,0.0,-62.03,-44.87,5.3,1.35,0.199,1187.0,1.0,0.0067396798652064,0.016849199663016,0.0244313395113732
0.0,0.0,0.0,0.0,1.0,0.0,0.0,0.0,0.0,0.0,0.0,0.0,0.0,0.0,0.0,0.0,0.0,0.0,0.0,0.0,0.0,0.0,0.0,1.0,0.0,0.0,0.0,-60.13,-50.37,70.4,1.35,0.199,1187.0,1.0,0.0067396798652064,0.0176916596461668,0.025273799494524
0.0,0.0,0.0,0.0,0.0,0.0,0.0,0.0,0.0,0.0,0.0,0.0,0.0,1.0,0.0,0.0,0.0,0.0,0.0,0.0,0.0,0.0,0.0,1.0,0.0,0.0,0.0,-63.79,-33.04,70.8,1.35,0.199,1187.0,1.0,0.0067396798652064,0.016849199663016,0.0244313395113732
0.0,0.0,0.0,0.0,0.0,0.0,1.0,0.0,0.0,0.0,0.0,0.0,0.0,0.0,0.0,0.0,0.0,0.0,0.0,0.0,0.0,0.0,0.0,1.0,0.0,0.0,0.0,-63.11,-26.72,47.7,1.35,0.199,1187.0,1.0,0.0067396798652064,0.0202190395956192,0.0278011794439764
0.0,0.0,0.0,1.0,0.0,0.0,0.0,0.0,0.0,0.0,0.0,0.0,0.0,0.0,0.0,0.0,0.0,0.0,0.0,0.0,0.0,0.0,0.0,1.0,0.0,0.0,0.0,-60.71,-20.74,16.8,1.35,0.199,1187.0,1.0,0.0067396798652064,0.02106149957877,0.0286436394271272
0.0,0.0,0.0,0.0,1.0,0.0,0.0,0.0,0.0,0.0,0.0,0.0,0.0,0.0,0.0,0.0,0.0,0.0,0.0,0.0,0.0,0.0,0.0,0.0,0.0,0.0,1.0,-113.96,4.3,138.6,1.35,0.199,1187.0,1.0,0.0067396798652064,0.0134793597304128,0.02106149957877
0.0,0.0,0.0,0.0,0.0,0.0,0.0,0.0,0.0,0.0,0.0,0.0,0.0,0.0,1.0,0.0,0.0,0.0,0.0,0.0,0.0,0.0,0.0,0.0,0.0,0.0,1.0,-139.36,53.88,47.4,1.35,0.199,1187.0,1.0,0.0067396798652064,0.0151642796967144,0.0227464195450716
0.0,0.0,0.0,0.0,0.0,0.0,0.0,0.0,0.0,0.0,0.0,0.0,0.0,0.0,1.0,0.0,0.0,0.0,0.0,0.0,0.0,0.0,0.0,0.0,0.0,0.0,1.0,-65.7,-14.04,178.1,1.35,0.199,1187.0,1.0,0.0067396798652064,0.0151642796967144,0.0227464195450716
0.0,0.0,1.0,0.0,0.0,0.0,0.0,0.0,0.0,0.0,0.0,0.0,0.0,0.0,0.0,0.0,0.0,0.0,0.0,0.0,0.0,0.0,0.0,0.0,0.0,0.0,1.0,-89.75,-4.08,143.7,1.35,0.199,1187.0,1.0,0.0075821398483572,0.0092670598146588,0.0176916596461668
0.0,0.0,0.0,1.0,0.0,0.0,0.0,0.0,0.0,0.0,0.0,0.0,0.0,0.0,0.0,0.0,0.0,0.0,0.0,0.0,0.0,0.0,0.0,0.0,0.0,0.0,1.0,-104.49,153.28,64.3,1.35,0.199,1187.0,1.0,0.0067396798652064,0.0151642796967144,0.0227464195450716
0.0,0.0,1.0,0.0,0.0,0.0,0.0,0.0,0.0,0.0,0.0,0.0,0.0,0.0,0.0,0.0,0.0,0.0,0.0,0.0,0.0,0.0,0.0,0.0,0.0,1.0,0.0,-74.61,127.01,72.2,1.35,0.199,1187.0,1.0,0.0075821398483572,0.008424599831508,0.016849199663016
0.0,0.0,0.0,0.0,0.0,0.0,0.0,0.0,0.0,1.0,0.0,0.0,0.0,0.0,0.0,0.0,0.0,0.0,0.0,0.0,0.0,0.0,0.0,1.0,0.0,0.0,0.0,-53.91,-35.47,18.7,1.35,0.199,1187.0,0.5,0.0067396798652064,0.0176916596461668,0.025273799494524
0.0,0.0,0.0,1.0,0.0,0.0,0.0,0.0,0.0,0.0,0.0,0.0,0.0,0.0,0.0,0.0,0.0,0.0,0.0,0.0,0.0,0.0,0.0,1.0,0.0,0.0,0.0,-63.63,-39.59,60.8,1.35,0.199,1187.0,1.0,0.0067396798652064,0.0160067396798652,0.0235888795282224
0.0,0.0,0.0,0.0,0.0,0.0,0.0,0.0,0.0,0.0,0.0,0.0,0.0,1.0,0.0,0.0,0.0,0.0,0.0,0.0,0.0,0.0,0.0,1.0,0.0,0.0,0.0,-67.49,-38.87,115.5,1.35,0.199,1187.0,1.0,0.0067396798652064,0.0151642796967144,0.0227464195450716
0.0,0.0,0.0,0.0,0.0,0.0,0.0,1.0,0.0,0.0,0.0,0.0,0.0,0.0,0.0,0.0,0.0,0.0,0.0,0.0,0.0,0.0,0.0,1.0,0.0,0.0,0.0,-61.26,-42.8,0.0,1.35,0.199,1187.0,1.0,0.0075821398483572,0.016849199663016,0.025273799494524
0.0,0.0,0.0,0.0,0.0,0.0,0.0,0.0,0.0,1.0,0.0,0.0,0.0,0.0,0.0,0.0,0.0,0.0,0.0,0.0,0.0,0.0,0.0,1.0,0.0,0.0,0.0,-60.84,-40.0,1.6,1.35,0.199,1187.0,1.0,0.0067396798652064,0.016849199663016,0.0244313395113732
0.0,0.0,0.0,1.0,0.0,0.0,0.0,0.0,0.0,0.0,0.0,0.0,0.0,0.0,0.0,0.0,0.0,0.0,0.0,0.0,0.0,0.0,0.0,1.0,0.0,0.0,0.0,-61.19,-27.16,70.0,1.35,0.199,1187.0,1.0,0.0067396798652064,0.0176916596461668,0.025273799494524
0.0,0.0,0.0,1.0,0.0,0.0,0.0,0.0,0.0,0.0,0.0,0.0,0.0,0.0,0.0,0.0,0.0,0.0,0.0,0.0,0.0,0.0,0.0,1.0,0.0,0.0,0.0,-72.99,-33.0,112.1,1.35,0.199,1187.0,1.0,0.0067396798652064,0.0134793597304128,0.02106149957877
0.0,0.0,0.0,0.0,0.0,0.0,0.0,1.0,0.0,0.0,0.0,0.0,0.0,0.0,0.0,0.0,0.0,0.0,0.0,0.0,0.0,0.0,0.0,1.0,0.0,0.0,0.0,-76.59,-43.16,21.6,1.35,0.199,1187.0,1.0,0.0075821398483572,0.0109519797809604,0.0193765796124684
0.0,0.0,0.0,0.0,0.0,0.0,0.0,0.0,0.0,1.0,0.0,0.0,0.0,0.0,0.0,0.0,0.0,0.0,0.0,0.0,0.0,0.0,0.0,0.0,0.0,1.0,0.0,-70.35,133.54,11.5,1.35,0.199,1187.0,1.0,0.0067396798652064,0.0176916596461668,0.025273799494524
0.0,0.0,1.0,0.0,0.0,0.0,0.0,0.0,0.0,0.0,0.0,0.0,0.0,0.0,0.0,0.0,0.0,0.0,0.0,0.0,0.0,0.0,0.0,0.0,0.0,0.0,1.0,-150.38,-165.58,53.0,1.35,0.199,1187.0,1.0,0.0075821398483572,0.0143218197135636,0.0227464195450716
0.0,0.0,0.0,1.0,0.0,0.0,0.0,0.0,0.0,0.0,0.0,0.0,0.0,0.0,0.0,0.0,0.0,0.0,0.0,0.0,0.0,0.0,0.0,0.0,0.0,0.0,1.0,-57.87,-21.12,162.4,1.35,0.199,1187.0,1.0,0.0067396798652064,0.012636899747262,0.0202190395956192
0.0,0.0,0.0,0.0,0.0,0.0,0.0,0.0,0.0,0.0,0.0,0.0,0.0,0.0,0.0,0.0,1.0,0.0,0.0,0.0,0.0,0.0,0.0,0.0,0.0,0.0,1.0,-75.86,-8.39,70.6,1.35,0.199,1187.0,1.0,0.0075821398483572,0.0134793597304128,0.0219039595619208
0.0,0.0,0.0,0.0,0.0,0.0,0.0,0.0,0.0,0.0,0.0,0.0,0.0,0.0,0.0,0.0,0.0,0.0,0.0,1.0,0.0,0.0,0.0,0.0,0.0,0.0,1.0,-106.37,131.99,6.7,1.35,0.199,1187.0,1.0,0.0067396798652064,0.0193765796124684,0.0269587194608256
0.0,0.0,1.0,0.0,0.0,0.0,0.0,0.0,0.0,0.0,0.0,0.0,0.0,0.0,0.0,0.0,0.0,0.0,0.0,0.0,0.0,0.0,0.0,0.0,0.0,1.0,0.0,-78.67,169.33,48.4,1.35,0.199,1187.0,1.0,0.0075821398483572,0.0101095197978096,0.0185341196293176
0.0,0.0,0.0,0.0,0.0,0.0,0.0,0.0,1.0,0.0,0.0,0.0,0.0,0.0,0.0,0.0,0.0,0.0,0.0,0.0,0.0,0.0,0.0,1.0,0.0,0.0,0.0,-49.19,-45.95,173.8,1.35,0.199,1187.0,1.0,0.0067396798652064,0.0117944397641112,0.0193765796124684
0.0,0.0,0.0,0.0,0.0,0.0,0.0,0.0,1.0,0.0,0.0,0.0,0.0,0.0,0.0,0.0,0.0,0.0,0.0,0.0,0.0,0.0,0.0,1.0,0.0,0.0,0.0,-64.87,-43.5,116.4,1.35,0.199,1187.0,1.0,0.0067396798652064,0.0160067396798652,0.0235888795282224
1.0,0.0,0.0,0.0,0.0,0.0,0.0,0.0,0.0,0.0,0.0,0.0,0.0,0.0,0.0,0.0,0.0,0.0,0.0,0.0,0.0,0.0,0.0,1.0,0.0,0.0,0.0,-64.13,-37.29,2.0,1.35,0.199,1187.0,1.0,0.0058972198820556,0.0185341196293176,0.025273799494524
0.0,0.0,0.0,0.0,0.0,0.0,0.0,0.0,1.0,0.0,0.0,0.0,0.0,0.0,0.0,0.0,0.0,0.0,0.0,0.0,0.0,0.0,0.0,1.0,0.0,0.0,0.0,-67.57,-43.32,56.3,1.35,0.199,1187.0,1.0,0.0067396798652064,0.0185341196293176,0.0261162594776748
0.0,0.0,0.0,1.0,0.0,0.0,0.0,0.0,0.0,0.0,0.0,0.0,0.0,0.0,0.0,0.0,0.0,0.0,0.0,0.0,0.0,0.0,0.0,1.0,0.0,0.0,0.0,-59.85,-49.05,101.2,1.35,0.199,1187.0,1.0,0.0067396798652064,0.0176916596461668,0.025273799494524
0.0,0.0,1.0,0.0,0.0,0.0,0.0,0.0,0.0,0.0,0.0,0.0,0.0,0.0,0.0,0.0,0.0,0.0,0.0,0.0,0.0,0.0,0.0,1.0,0.0,0.0,0.0,-62.42,-48.77,16.6,1.35,0.199,1187.0,1.0,0.0075821398483572,0.0193765796124684,0.0278011794439764
1.0,0.0,0.0,0.0,0.0,0.0,0.0,0.0,0.0,0.0,0.0,0.0,0.0,0.0,0.0,0.0,0.0,0.0,0.0,0.0,0.0,0.0,0.0,1.0,0.0,0.0,0.0,-58.51,-42.03,0.0,1.35,0.199,1187.0,1.0,0.0058972198820556,0.0185341196293176,0.025273799494524
0.0,0.0,0.0,0.0,0.0,0.0,0.0,0.0,0.0,0.0,0.0,0.0,0.0,0.0,1.0,0.0,0.0,0.0,0.0,0.0,0.0,0.0,0.0,1.0,0.0,0.0,0.0,-63.16,-42.09,94.6,1.35,0.199,1187.0,1.0,0.0067396798652064,0.0151642796967144,0.0227464195450716
0.0,0.0,0.0,0.0,0.0,0.0,0.0,0.0,0.0,0.0,0.0,0.0,0.0,0.0,1.0,0.0,0.0,0.0,0.0,0.0,0.0,0.0,0.0,1.0,0.0,0.0,0.0,-62.99,-45.0,92.7,1.35,0.199,1187.0,1.0,0.0067396798652064,0.0151642796967144,0.0227464195450716
0.0,0.0,0.0,0.0,0.0,0.0,0.0,0.0,0.0,0.0,0.0,0.0,0.0,0.0,0.0,0.0,0.0,0.0,0.0,1.0,0.0,0.0,0.0,1.0,0.0,0.0,0.0,-57.2,-52.54,4.4,1.35,0.199,1187.0,1.0,0.0067396798652064,0.02106149957877,0.0286436394271272
0.0,0.0,0.0,0.0,0.0,0.0,0.0,1.0,0.0,0.0,0.0,0.0,0.0,0.0,0.0,0.0,0.0,0.0,0.0,0.0,0.0,0.0,0.0,1.0,0.0,0.0,0.0,-61.36,-42.11,0.8,1.35,0.199,1187.0,1.0,0.0075821398483572,0.0160067396798652,0.0244313395113732
0.0,0.0,0.0,0.0,0.0,0.0,0.0,0.0,0.0,0.0,0.0,0.0,0.0,0.0,1.0,0.0,0.0,0.0,0.0,0.0,0.0,0.0,0.0,1.0,0.0,0.0,0.0,-67.82,-36.06,155.5,1.35,0.199,1187.0,1.0,0.0067396798652064,0.0134793597304128,0.02106149957877
0.0,0.0,0.0,0.0,0.0,1.0,0.0,0.0,0.0,0.0,0.0,0.0,0.0,0.0,0.0,0.0,0.0,0.0,0.0,0.0,0.0,0.0,0.0,1.0,0.0,0.0,0.0,-66.69,-39.07,11.8,1.35,0.199,1187.0,1.0,0.0050547598989048,0.016849199663016,0.0227464195450716
0.0,0.0,0.0,0.0,0.0,0.0,0.0,1.0,0.0,0.0,0.0,0.0,0.0,0.0,0.0,0.0,0.0,0.0,0.0,0.0,0.0,0.0,0.0,1.0,0.0,0.0,0.0,-70.26,-41.86,2.0,1.35,0.199,1187.0,1.0,0.0075821398483572,0.0160067396798652,0.0244313395113732
0.0,0.0,0.0,0.0,0.0,0.0,0.0,0.0,1.0,0.0,0.0,0.0,0.0,0.0,0.0,0.0,0.0,0.0,0.0,0.0,0.0,0.0,0.0,1.0,0.0,0.0,0.0,-63.35,-43.52,88.0,1.35,0.199,1187.0,1.0,0.0067396798652064,0.0151642796967144,0.0227464195450716
0.0,0.0,0.0,1.0,0.0,0.0,0.0,0.0,0.0,0.0,0.0,0.0,0.0,0.0,0.0,0.0,0.0,0.0,0.0,0.0,0.0,0.0,0.0,1.0,0.0,0.0,0.0,-67.45,-30.21,150.7,1.35,0.199,1187.0,0.5,0.0067396798652064,0.0160067396798652,0.0235888795282224
0.0,0.0,0.0,0.0,0.0,0.0,0.0,0.0,0.0,0.0,0.0,1.0,0.0,0.0,0.0,0.0,0.0,0.0,0.0,0.0,0.0,0.0,0.0,1.0,0.0,0.0,0.0,-113.29,18.72,36.2,1.35,0.199,1187.0,1.0,0.0067396798652064,0.0176916596461668,0.025273799494524
0.0,0.0,0.0,0.0,0.0,0.0,0.0,0.0,0.0,1.0,0.0,0.0,0.0,0.0,0.0,0.0,0.0,0.0,0.0,0.0,0.0,0.0,0.0,1.0,0.0,0.0,0.0,-53.93,-47.76,59.8,1.35,0.199,1187.0,1.0,0.0067396798652064,0.0160067396798652,0.0235888795282224
0.0,0.0,0.0,0.0,0.0,0.0,0.0,0.0,0.0,0.0,0.0,0.0,0.0,0.0,0.0,1.0,0.0,0.0,0.0,0.0,0.0,0.0,0.0,1.0,0.0,0.0,0.0,-60.85,-47.26,103.2,1.35,0.199,1187.0,1.0,0.0067396798652064,0.0101095197978096,0.0176916596461668
0.0,0.0,0.0,0.0,0.0,0.0,0.0,0.0,0.0,0.0,1.0,0.0,0.0,0.0,0.0,0.0,0.0,0.0,0.0,0.0,0.0,0.0,0.0,1.0,0.0,0.0,0.0,-63.99,-40.42,70.8,1.35,0.199,1187.0,1.0,0.0067396798652064,0.0134793597304128,0.02106149957877
0.0,0.0,0.0,0.0,0.0,0.0,0.0,1.0,0.0,0.0,0.0,0.0,0.0,0.0,0.0,0.0,0.0,0.0,0.0,0.0,0.0,0.0,0.0,1.0,0.0,0.0,0.0,-65.23,-49.52,0.0,1.35,0.199,1187.0,1.0,0.0075821398483572,0.0176916596461668,0.0261162594776748
0.0,0.0,1.0,0.0,0.0,0.0,0.0,0.0,0.0,0.0,0.0,0.0,0.0,0.0,0.0,0.0,0.0,0.0,0.0,0.0,0.0,0.0,0.0,1.0,0.0,0.0,0.0,-61.81,-43.63,30.5,1.35,0.199,1187.0,1.0,0.0075821398483572,0.016849199663016,0.025273799494524
0.0,0.0,1.0,0.0,0.0,0.0,0.0,0.0,0.0,0.0,0.0,0.0,0.0,0.0,0.0,0.0,0.0,0.0,0.0,0.0,0.0,0.0,0.0,1.0,0.0,0.0,0.0,-59.78,-40.32,80.5,1.35,0.199,1187.0,0.5,0.0075821398483572,0.0143218197135636,0.0227464195450716
0.0,0.0,0.0,0.0,0.0,0.0,0.0,0.0,0.0,1.0,0.0,0.0,0.0,0.0,0.0,0.0,0.0,0.0,0.0,0.0,0.0,0.0,0.0,1.0,0.0,0.0,0.0,-67.96,-47.91,6.4,1.35,0.199,1187.0,1.0,0.0067396798652064,0.02106149957877,0.0286436394271272
0.0,0.0,0.0,0.0,0.0,0.0,0.0,1.0,0.0,0.0,0.0,0.0,0.0,0.0,0.0,0.0,0.0,0.0,0.0,0.0,0.0,0.0,0.0,1.0,0.0,0.0,0.0,-58.02,-41.48,0.0,1.35,0.199,1187.0,1.0,0.0075821398483572,0.0143218197135636,0.0227464195450716
0.0,0.0,0.0,0.0,0.0,0.0,0.0,0.0,0.0,0.0,0.0,0.0,0.0,0.0,0.0,1.0,0.0,0.0,0.0,0.0,0.0,0.0,0.0,1.0,0.0,0.0,0.0,-60.19,-23.46,54.2,1.35,0.199,1187.0,1.0,0.0067396798652064,0.0151642796967144,0.0227464195450716
0.0,0.0,0.0,0.0,0.0,0.0,0.0,0.0,0.0,0.0,0.0,0.0,0.0,0.0,1.0,0.0,0.0,0.0,0.0,0.0,0.0,0.0,0.0,1.0,0.0,0.0,0.0,-70.73,-6.53,153.3,1.35,0.199,1187.0,0.5,0.0067396798652064,0.0143218197135636,0.0219039595619208
0.0,0.0,0.0,0.0,0.0,0.0,0.0,0.0,0.0,0.0,0.0,0.0,0.0,0.0,0.0,0.0,0.0,0.0,0.0,1.0,0.0,0.0,0.0,0.0,0.0,1.0,0.0,-116.19,5.33,17.7,1.35,0.199,1187.0,1.0,0.0067396798652064,0.0160067396798652,0.0235888795282224
0.0,0.0,0.0,0.0,0.0,0.0,0.0,0.0,0.0,1.0,0.0,0.0,0.0,0.0,0.0,0.0,0.0,0.0,0.0,0.0,0.0,0.0,0.0,0.0,0.0,0.0,1.0,-110.53,144.89,27.2,1.35,0.199,1187.0,1.0,0.0067396798652064,0.0109519797809604,0.0185341196293176
0.0,0.0,0.0,1.0,0.0,0.0,0.0,0.0,0.0,0.0,0.0,0.0,0.0,0.0,0.0,0.0,0.0,0.0,0.0,0.0,0.0,0.0,0.0,0.0,0.0,0.0,1.0,-139.14,-67.55,189.7,1.35,0.199,1187.0,1.0,0.0067396798652064,0.0092670598146588,0.016849199663016
0.0,0.0,0.0,0.0,0.0,0.0,0.0,0.0,1.0,0.0,0.0,0.0,0.0,0.0,0.0,0.0,0.0,0.0,0.0,0.0,0.0,0.0,0.0,0.0,0.0,0.0,1.0,-58.64,-44.15,163.2,1.35,0.199,1187.0,0.5,0.0067396798652064,0.0092670598146588,0.016849199663016
0.0,0.0,0.0,0.0,0.0,0.0,0.0,0.0,0.0,0.0,0.0,0.0,0.0,0.0,0.0,0.0,0.0,0.0,1.0,0.0,0.0,0.0,0.0,0.0,0.0,0.0,1.0,-105.33,148.82,102.4,1.35,0.199,1187.0,1.0,0.0067396798652064,0.0151642796967144,0.0227464195450716
0.0,0.0,0.0,0.0,0.0,0.0,0.0,0.0,0.0,0.0,0.0,0.0,0.0,0.0,0.0,1.0,0.0,0.0,0.0,0.0,0.0,0.0,0.0,0.0,0.0,0.0,1.0,-106.67,158.22,37.6,1.35,0.199,1187.0,1.0,0.0067396798652064,0.0109519797809604,0.0185341196293176
0.0,0.0,0.0,0.0,0.0,0.0,0.0,0.0,0.0,1.0,0.0,0.0,0.0,0.0,0.0,0.0,0.0,0.0,0.0,0.0,0.0,0.0,1.0,0.0,0.0,0.0,0.0,-55.49,-38.91,13.4,1.35,0.199,1187.0,1.0,0.0067396798652064,0.012636899747262,0.0202190395956192
0.0,0.0,0.0,0.0,0.0,0.0,0.0,0.0,0.0,0.0,0.0,1.0,0.0,0.0,0.0,0.0,0.0,0.0,0.0,0.0,0.0,0.0,1.0,0.0,0.0,0.0,0.0,-71.88,-21.94,121.9,1.35,0.199,1187.0,1.0,0.0075821398483572,0.0117944397641112,0.0202190395956192
0.0,0.0,0.0,0.0,0.0,0.0,0.0,0.0,0.0,0.0,0.0,0.0,0.0,0.0,1.0,0.0,0.0,0.0,0.0,0.0,0.0,0.0,1.0,0.0,0.0,0.0,0.0,-89.05,-15.21,129.5,1.35,0.199,1187.0,1.0,0.0067396798652064,0.0151642796967144,0.0227464195450716
0.0,0.0,0.0,0.0,0.0,0.0,0.0,0.0,0.0,1.0,0.0,0.0,0.0,0.0,0.0,0.0,0.0,0.0,0.0,0.0,0.0,0.0,0.0,0.0,0.0,1.0,0.0,-68.04,163.82,10.5,1.35,0.199,1187.0,1.0,0.0067396798652064,0.0143218197135636,0.0219039595619208
0.0,0.0,0.0,0.0,0.0,0.0,0.0,0.0,0.0,0.0,0.0,0.0,0.0,0.0,0.0,1.0,0.0,0.0,0.0,0.0,0.0,0.0,0.0,0.0,0.0,1.0,0.0,-69.65,161.25,57.9,1.35,0.199,1187.0,1.0,0.0067396798652064,0.0092670598146588,0.016849199663016
0.0,0.0,0.0,0.0,0.0,0.0,0.0,0.0,0.0,0.0,0.0,0.0,0.0,0.0,0.0,0.0,0.0,1.0,0.0,0.0,0.0,0.0,0.0,1.0,0.0,0.0,0.0,-58.66,-33.42,32.0,1.35,0.199,1187.0,0.5,0.0075821398483572,0.016849199663016,0.025273799494524
0.0,0.0,0.0,0.0,0.0,0.0,0.0,0.0,0.0,0.0,0.0,0.0,0.0,0.0,0.0,0.0,0.0,1.0,0.0,0.0,0.0,0.0,0.0,1.0,0.0,0.0,0.0,-68.46,-52.79,11.0,1.35,0.199,1187.0,1.0,0.0075821398483572,0.0143218197135636,0.0227464195450716
0.0,0.0,1.0,0.0,0.0,0.0,0.0,0.0,0.0,0.0,0.0,0.0,0.0,0.0,0.0,0.0,0.0,0.0,0.0,0.0,0.0,0.0,0.0,1.0,0.0,0.0,0.0,-65.43,-40.92,17.0,1.35,0.199,1187.0,1.0,0.0075821398483572,0.0151642796967144,0.0235888795282224
0.0,0.0,0.0,0.0,0.0,0.0,0.0,0.0,0.0,0.0,0.0,0.0,0.0,0.0,1.0,0.0,0.0,0.0,0.0,0.0,0.0,0.0,0.0,1.0,0.0,0.0,0.0,-59.71,-45.66,21.4,1.35,0.199,1187.0,1.0,0.0067396798652064,0.02106149957877,0.0286436394271272
0.0,0.0,0.0,0.0,0.0,0.0,0.0,0.0,0.0,0.0,0.0,1.0,0.0,0.0,0.0,0.0,0.0,0.0,0.0,0.0,0.0,0.0,0.0,1.0,0.0,0.0,0.0,-78.16,-28.45,1.6,1.35,0.199,1187.0,1.0,0.0067396798652064,0.0202190395956192,0.0278011794439764
0.0,0.0,0.0,0.0,0.0,0.0,0.0,0.0,0.0,0.0,0.0,0.0,0.0,0.0,0.0,0.0,0.0,1.0,0.0,0.0,0.0,0.0,0.0,1.0,0.0,0.0,0.0,-65.77,-42.25,1.5,1.35,0.199,1187.0,1.0,0.0075821398483572,0.0143218197135636,0.0227464195450716
0.0,0.0,0.0,0.0,0.0,0.0,0.0,0.0,0.0,1.0,0.0,0.0,0.0,0.0,0.0,0.0,0.0,0.0,0.0,0.0,0.0,0.0,0.0,1.0,0.0,0.0,0.0,-64.13,-41.12,0.0,1.35,0.199,1187.0,1.0,0.0067396798652064,0.016849199663016,0.0244313395113732
0.0,0.0,0.0,0.0,0.0,0.0,0.0,0.0,0.0,0.0,0.0,0.0,0.0,0.0,1.0,0.0,0.0,0.0,0.0,0.0,0.0,0.0,0.0,1.0,0.0,0.0,0.0,-62.02,-48.22,34.5,1.35,0.199,1187.0,1.0,0.0067396798652064,0.016849199663016,0.0244313395113732
0.0,0.0,0.0,0.0,0.0,0.0,0.0,0.0,0.0,1.0,0.0,0.0,0.0,0.0,0.0,0.0,0.0,0.0,0.0,0.0,0.0,0.0,0.0,1.0,0.0,0.0,0.0,-60.91,-48.27,3.0,1.35,0.199,1187.0,0.5,0.0067396798652064,0.016849199663016,0.0244313395113732
1.0,0.0,0.0,0.0,0.0,0.0,0.0,0.0,0.0,0.0,0.0,0.0,0.0,0.0,0.0,0.0,0.0,0.0,0.0,0.0,0.0,0.0,0.0,1.0,0.0,0.0,0.0,-65.84,-38.92,3.3,1.35,0.199,1187.0,1.0,0.0058972198820556,0.0176916596461668,0.0244313395113732
0.0,0.0,0.0,0.0,0.0,0.0,0.0,0.0,0.0,0.0,0.0,0.0,0.0,0.0,0.0,0.0,1.0,0.0,0.0,0.0,0.0,0.0,0.0,1.0,0.0,0.0,0.0,-66.24,-42.54,0.0,1.35,0.199,1187.0,1.0,0.0075821398483572,0.0143218197135636,0.0227464195450716
0.0,0.0,0.0,0.0,0.0,0.0,0.0,0.0,0.0,0.0,0.0,0.0,0.0,0.0,0.0,0.0,0.0,0.0,0.0,1.0,0.0,0.0,0.0,1.0,0.0,0.0,0.0,-58.35,-49.08,10.0,1.35,0.199,1187.0,1.0,0.0067396798652064,0.02106149957877,0.0286436394271272
0.0,0.0,0.0,1.0,0.0,0.0,0.0,0.0,0.0,0.0,0.0,0.0,0.0,0.0,0.0,0.0,0.0,0.0,0.0,0.0,0.0,0.0,0.0,1.0,0.0,0.0,0.0,-62.33,-44.52,0.8,1.35,0.199,1187.0,1.0,0.0067396798652064,0.02106149957877,0.0286436394271272
0.0,0.0,0.0,0.0,0.0,0.0,0.0,0.0,0.0,1.0,0.0,0.0,0.0,0.0,0.0,0.0,0.0,0.0,0.0,0.0,0.0,0.0,0.0,1.0,0.0,0.0,0.0,-55.85,-48.88,0.0,1.35,0.199,1187.0,1.0,0.0067396798652064,0.016849199663016,0.0244313395113732
0.0,0.0,0.0,0.0,0.0,0.0,0.0,0.0,0.0,1.0,0.0,0.0,0.0,0.0,0.0,0.0,0.0,0.0,0.0,0.0,0.0,0.0,0.0,1.0,0.0,0.0,0.0,-77.94,-37.02,38.8,1.35,0.199,1187.0,1.0,0.0067396798652064,0.0160067396798652,0.0235888795282224
0.0,0.0,0.0,0.0,1.0,0.0,0.0,0.0,0.0,0.0,0.0,0.0,0.0,0.0,0.0,0.0,0.0,0.0,0.0,0.0,0.0,0.0,0.0,1.0,0.0,0.0,0.0,-112.07,-19.26,82.5,1.35,0.199,1187.0,1.0,0.0067396798652064,0.0160067396798652,0.0235888795282224
0.0,0.0,0.0,1.0,0.0,0.0,0.0,0.0,0.0,0.0,0.0,0.0,0.0,0.0,0.0,0.0,0.0,0.0,0.0,0.0,0.0,0.0,0.0,0.0,0.0,0.0,1.0,-99.66,91.06,12.4,1.35,0.199,1187.0,1.0,0.0067396798652064,0.012636899747262,0.0202190395956192
0.0,0.0,0.0,0.0,0.0,0.0,0.0,0.0,1.0,0.0,0.0,0.0,0.0,0.0,0.0,0.0,0.0,0.0,0.0,0.0,0.0,0.0,0.0,0.0,0.0,0.0,1.0,-75.87,142.13,60.2,1.35,0.199,1187.0,0.5,0.0075821398483572,0.012636899747262,0.02106149957877
0.0,0.0,1.0,0.0,0.0,0.0,0.0,0.0,0.0,0.0,0.0,0.0,0.0,0.0,0.0,0.0,0.0,0.0,0.0,0.0,0.0,0.0,0.0,0.0,0.0,0.0,1.0,111.88,-17.81,121.0,1.35,0.199,1187.0,1.0,0.0067396798652064,0.0092670598146588,0.016849199663016
0.0,0.0,0.0,0.0,0.0,0.0,0.0,1.0,0.0,0.0,0.0,0.0,0.0,0.0,0.0,0.0,0.0,0.0,0.0,0.0,0.0,0.0,0.0,0.0,0.0,0.0,1.0,-97.34,116.94,13.4,1.35,0.199,1187.0,0.5,0.008424599831508,0.0134793597304128,0.0227464195450716
0.0,0.0,0.0,0.0,0.0,0.0,0.0,0.0,0.0,0.0,0.0,0.0,1.0,0.0,0.0,0.0,0.0,0.0,0.0,0.0,0.0,0.0,0.0,0.0,0.0,1.0,0.0,-60.59,146.16,68.6,1.35,0.199,1187.0,1.0,0.0075821398483572,0.0109519797809604,0.0193765796124684
0.0,0.0,0.0,0.0,0.0,0.0,0.0,1.0,0.0,0.0,0.0,0.0,0.0,0.0,0.0,0.0,0.0,0.0,0.0,0.0,0.0,0.0,0.0,1.0,0.0,0.0,0.0,-51.97,-46.55,42.3,1.35,0.199,1187.0,1.0,0.0075821398483572,0.0101095197978096,0.0185341196293176
0.0,0.0,0.0,1.0,0.0,0.0,0.0,0.0,0.0,0.0,0.0,0.0,0.0,0.0,0.0,0.0,0.0,0.0,0.0,0.0,0.0,0.0,0.0,1.0,0.0,0.0,0.0,-57.74,-37.29,142.0,1.35,0.199,1187.0,1.0,0.0067396798652064,0.0160067396798652,0.0235888795282224
0.0,0.0,0.0,0.0,0.0,0.0,0.0,0.0,0.0,0.0,0.0,0.0,0.0,0.0,0.0,0.0,0.0,1.0,0.0,0.0,0.0,0.0,0.0,1.0,0.0,0.0,0.0,-68.25,-45.33,32.5,1.35,0.199,1187.0,1.0,0.0075821398483572,0.0151642796967144,0.0235888795282224
0.0,0.0,0.0,0.0,0.0,0.0,0.0,0.0,0.0,0.0,0.0,0.0,0.0,0.0,0.0,0.0,1.0,0.0,0.0,0.0,0.0,0.0,0.0,1.0,0.0,0.0,0.0,-59.64,-47.63,1.0,1.35,0.199,1187.0,1.0,0.0075821398483572,0.016849199663016,0.025273799494524
0.0,0.0,0.0,0.0,0.0,0.0,0.0,1.0,0.0,0.0,0.0,0.0,0.0,0.0,0.0,0.0,0.0,0.0,0.0,0.0,0.0,0.0,0.0,1.0,0.0,0.0,0.0,-68.18,-47.85,7.8,1.35,0.199,1187.0,1.0,0.0075821398483572,0.0151642796967144,0.0235888795282224
0.0,0.0,1.0,0.0,0.0,0.0,0.0,0.0,0.0,0.0,0.0,0.0,0.0,0.0,0.0,0.0,0.0,0.0,0.0,0.0,0.0,0.0,0.0,1.0,0.0,0.0,0.0,-59.48,-43.54,74.6,1.35,0.199,1187.0,1.0,0.0075821398483572,0.0160067396798652,0.0244313395113732
0.0,0.0,0.0,1.0,0.0,0.0,0.0,0.0,0.0,0.0,0.0,0.0,0.0,0.0,0.0,0.0,0.0,0.0,0.0,0.0,0.0,0.0,0.0,1.0,0.0,0.0,0.0,-69.02,-35.64,10.2,1.35,0.199,1187.0,0.5,0.0075821398483572,0.0193765796124684,0.0278011794439764
1.0,0.0,0.0,0.0,0.0,0.0,0.0,0.0,0.0,0.0,0.0,0.0,0.0,0.0,0.0,0.0,0.0,0.0,0.0,0.0,0.0,0.0,0.0,1.0,0.0,0.0,0.0,-65.86,-43.91,4.1,1.35,0.199,1187.0,1.0,0.0058972198820556,0.0151642796967144,0.0219039595619208
0.0,0.0,0.0,0.0,0.0,0.0,0.0,1.0,0.0,0.0,0.0,0.0,0.0,0.0,0.0,0.0,0.0,0.0,0.0,0.0,0.0,0.0,0.0,1.0,0.0,0.0,0.0,-58.29,-41.4,17.4,1.35,0.199,1187.0,1.0,0.0075821398483572,0.0160067396798652,0.0244313395113732
0.0,0.0,0.0,1.0,0.0,0.0,0.0,0.0,0.0,0.0,0.0,0.0,0.0,0.0,0.0,0.0,0.0,0.0,0.0,0.0,0.0,0.0,0.0,1.0,0.0,0.0,0.0,-58.52,-43.66,82.4,1.35,0.199,1187.0,1.0,0.0067396798652064,0.0160067396798652,0.0235888795282224
0.0,0.0,0.0,0.0,0.0,0.0,0.0,1.0,0.0,0.0,0.0,0.0,0.0,0.0,0.0,0.0,0.0,0.0,0.0,0.0,0.0,0.0,0.0,1.0,0.0,0.0,0.0,-66.1,-43.45,9.6,1.35,0.199,1187.0,1.0,0.0075821398483572,0.016849199663016,0.025273799494524
1.0,0.0,0.0,0.0,0.0,0.0,0.0,0.0,0.0,0.0,0.0,0.0,0.0,0.0,0.0,0.0,0.0,0.0,0.0,0.0,0.0,0.0,0.0,1.0,0.0,0.0,0.0,-60.26,-40.46,0.0,1.35,0.199,1187.0,1.0,0.0058972198820556,0.0160067396798652,0.0227464195450716
0.0,0.0,0.0,0.0,0.0,0.0,0.0,0.0,1.0,0.0,0.0,0.0,0.0,0.0,0.0,0.0,0.0,0.0,0.0,0.0,0.0,0.0,0.0,1.0,0.0,0.0,0.0,-71.1,-35.89,85.6,1.35,0.199,1187.0,1.0,0.0067396798652064,0.0176916596461668,0.025273799494524
0.0,0.0,0.0,0.0,0.0,0.0,0.0,0.0,0.0,0.0,0.0,0.0,0.0,0.0,1.0,0.0,0.0,0.0,0.0,0.0,0.0,0.0,0.0,1.0,0.0,0.0,0.0,-53.0,-48.59,155.8,1.35,0.199,1187.0,1.0,0.0067396798652064,0.0143218197135636,0.0219039595619208
0.0,0.0,0.0,0.0,0.0,0.0,0.0,0.0,0.0,0.0,0.0,0.0,0.0,0.0,0.0,0.0,0.0,0.0,0.0,1.0,0.0,0.0,0.0,1.0,0.0,0.0,0.0,-106.32,4.6,90.6,1.35,0.199,1187.0,1.0,0.0067396798652064,0.0151642796967144,0.0227464195450716
0.0,0.0,0.0,0.0,0.0,1.0,0.0,0.0,0.0,0.0,0.0,0.0,0.0,0.0,0.0,0.0,0.0,0.0,0.0,0.0,0.0,0.0,0.0,0.0,0.0,1.0,0.0,-131.66,-134.02,35.5,1.35,0.199,1187.0,1.0,0.0050547598989048,0.0134793597304128,0.0193765796124684
0.0,0.0,0.0,0.0,0.0,0.0,0.0,0.0,0.0,0.0,0.0,0.0,0.0,0.0,0.0,0.0,1.0,0.0,0.0,0.0,0.0,0.0,0.0,0.0,0.0,1.0,0.0,-131.11,177.88,81.3,1.35,0.199,1187.0,1.0,0.0075821398483572,0.008424599831508,0.016849199663016
0.0,0.0,0.0,1.0,0.0,0.0,0.0,0.0,0.0,0.0,0.0,0.0,0.0,0.0,0.0,0.0,0.0,0.0,0.0,0.0,0.0,0.0,0.0,1.0,0.0,0.0,0.0,-60.25,-37.33,113.1,1.35,0.199,1187.0,0.5,0.0067396798652064,0.0134793597304128,0.02106149957877
0.0,0.0,0.0,0.0,0.0,0.0,0.0,0.0,0.0,0.0,0.0,1.0,0.0,0.0,0.0,0.0,0.0,0.0,0.0,0.0,0.0,0.0,0.0,1.0,0.0,0.0,0.0,-63.15,-36.35,116.1,1.35,0.199,1187.0,1.0,0.0075821398483572,0.0134793597304128,0.0219039595619208
0.0,0.0,0.0,0.0,0.0,0.0,0.0,0.0,0.0,0.0,0.0,0.0,0.0,0.0,0.0,1.0,0.0,0.0,0.0,0.0,0.0,0.0,0.0,1.0,0.0,0.0,0.0,-60.77,-47.93,17.5,1.35,0.199,1187.0,1.0,0.0067396798652064,0.0143218197135636,0.0219039595619208
0.0,0.0,0.0,0.0,0.0,1.0,0.0,0.0,0.0,0.0,0.0,0.0,0.0,0.0,0.0,0.0,0.0,0.0,0.0,0.0,0.0,0.0,0.0,1.0,0.0,0.0,0.0,-57.55,-47.19,1.0,1.35,0.199,1187.0,1.0,0.0050547598989048,0.0219039595619208,0.0278011794439764
0.0,0.0,0.0,0.0,0.0,0.0,0.0,0.0,1.0,0.0,0.0,0.0,0.0,0.0,0.0,0.0,0.0,0.0,0.0,0.0,0.0,0.0,0.0,1.0,0.0,0.0,0.0,-63.56,-41.33,132.8,1.35,0.199,1187.0,0.5,0.0067396798652064,0.012636899747262,0.0202190395956192
0.0,0.0,0.0,0.0,1.0,0.0,0.0,0.0,0.0,0.0,0.0,0.0,0.0,0.0,0.0,0.0,0.0,0.0,0.0,0.0,0.0,0.0,0.0,1.0,0.0,0.0,0.0,-59.63,-49.95,60.7,1.35,0.199,1187.0,1.0,0.0067396798652064,0.0151642796967144,0.0227464195450716
0.0,0.0,0.0,0.0,0.0,0.0,0.0,0.0,0.0,0.0,0.0,0.0,0.0,0.0,0.0,0.0,0.0,1.0,0.0,0.0,0.0,0.0,0.0,1.0,0.0,0.0,0.0,-59.21,-43.66,0.0,1.35,0.199,1187.0,0.5,0.0075821398483572,0.016849199663016,0.025273799494524
0.0,0.0,0.0,0.0,0.0,0.0,0.0,0.0,0.0,0.0,0.0,1.0,0.0,0.0,0.0,0.0,0.0,0.0,0.0,0.0,0.0,0.0,0.0,1.0,0.0,0.0,0.0,-58.13,-45.14,55.1,1.35,0.199,1187.0,1.0,0.0075821398483572,0.016849199663016,0.025273799494524
0.0,0.0,0.0,0.0,0.0,1.0,0.0,0.0,0.0,0.0,0.0,0.0,0.0,0.0,0.0,0.0,0.0,0.0,0.0,0.0,0.0,0.0,0.0,1.0,0.0,0.0,0.0,-63.45,-46.03,32.9,1.35,0.199,1187.0,1.0,0.0050547598989048,0.0134793597304128,0.0193765796124684
0.0,0.0,0.0,0.0,0.0,0.0,0.0,1.0,0.0,0.0,0.0,0.0,0.0,0.0,0.0,0.0,0.0,0.0,0.0,0.0,0.0,0.0,0.0,1.0,0.0,0.0,0.0,-64.74,-47.54,4.6,1.35,0.199,1187.0,0.5,0.0075821398483572,0.0134793597304128,0.0219039595619208
0.0,0.0,0.0,0.0,0.0,0.0,0.0,0.0,0.0,1.0,0.0,0.0,0.0,0.0,0.0,0.0,0.0,0.0,0.0,0.0,0.0,0.0,0.0,1.0,0.0,0.0,0.0,-64.66,-36.26,0.0,1.35,0.199,1187.0,1.0,0.0067396798652064,0.0202190395956192,0.0278011794439764
0.0,0.0,1.0,0.0,0.0,0.0,0.0,0.0,0.0,0.0,0.0,0.0,0.0,0.0,0.0,0.0,0.0,0.0,0.0,0.0,0.0,0.0,0.0,1.0,0.0,0.0,0.0,-61.06,-41.33,70.1,1.35,0.199,1187.0,1.0,0.0075821398483572,0.0143218197135636,0.0227464195450716
0.0,0.0,0.0,0.0,0.0,0.0,0.0,0.0,0.0,0.0,0.0,0.0,0.0,0.0,1.0,0.0,0.0,0.0,0.0,0.0,0.0,0.0,0.0,1.0,0.0,0.0,0.0,-67.65,-43.63,114.8,1.35,0.199,1187.0,1.0,0.0067396798652064,0.0176916596461668,0.025273799494524
0.0,0.0,0.0,0.0,0.0,0.0,0.0,1.0,0.0,0.0,0.0,0.0,0.0,0.0,0.0,0.0,0.0,0.0,0.0,0.0,0.0,0.0,0.0,1.0,0.0,0.0,0.0,-64.07,-43.15,0.0,1.35,0.199,1187.0,1.0,0.0075821398483572,0.0185341196293176,0.0269587194608256
1.0,0.0,0.0,0.0,0.0,0.0,0.0,0.0,0.0,0.0,0.0,0.0,0.0,0.0,0.0,0.0,0.0,0.0,0.0,0.0,0.0,0.0,0.0,1.0,0.0,0.0,0.0,-64.88,-40.63,7.1,1.35,0.199,1187.0,1.0,0.0058972198820556,0.0193765796124684,0.0261162594776748
0.0,0.0,0.0,0.0,0.0,0.0,0.0,0.0,1.0,0.0,0.0,0.0,0.0,0.0,0.0,0.0,0.0,0.0,0.0,0.0,0.0,0.0,0.0,1.0,0.0,0.0,0.0,-70.27,-17.04,160.3,1.35,0.199,1187.0,1.0,0.0067396798652064,0.012636899747262,0.0202190395956192
0.0,0.0,0.0,1.0,0.0,0.0,0.0,0.0,0.0,0.0,0.0,0.0,0.0,0.0,0.0,0.0,0.0,0.0,0.0,0.0,0.0,0.0,0.0,1.0,0.0,0.0,0.0,-110.65,-12.31,127.6,1.35,0.199,1187.0,1.0,0.0067396798652064,0.016849199663016,0.0244313395113732
0.0,0.0,0.0,0.0,0.0,0.0,1.0,0.0,0.0,0.0,0.0,0.0,0.0,0.0,0.0,0.0,0.0,0.0,0.0,0.0,0.0,0.0,0.0,1.0,0.0,0.0,0.0,-134.04,-1.07,58.4,1.35,0.199,1187.0,1.0,0.0067396798652064,0.012636899747262,0.0202190395956192
1.0,0.0,0.0,0.0,0.0,0.0,0.0,0.0,0.0,0.0,0.0,0.0,0.0,0.0,0.0,0.0,0.0,0.0,0.0,0.0,0.0,0.0,0.0,0.0,0.0,1.0,0.0,-60.69,131.38,14.6,1.35,0.199,1187.0,1.0,0.0067396798652064,0.0109519797809604,0.0185341196293176
0.0,0.0,0.0,0.0,0.0,0.0,0.0,0.0,0.0,0.0,0.0,0.0,1.0,0.0,0.0,0.0,0.0,0.0,0.0,0.0,0.0,0.0,0.0,0.0,0.0,1.0,0.0,-66.85,148.58,23.9,1.35,0.199,1187.0,1.0,0.0075821398483572,0.0117944397641112,0.0202190395956192
0.0,0.0,0.0,0.0,0.0,0.0,0.0,0.0,1.0,0.0,0.0,0.0,0.0,0.0,0.0,0.0,0.0,0.0,0.0,0.0,0.0,0.0,1.0,0.0,0.0,0.0,0.0,-54.52,-25.95,154.5,1.35,0.199,1187.0,1.0,0.0067396798652064,0.0160067396798652,0.0235888795282224
0.0,0.0,0.0,1.0,0.0,0.0,0.0,0.0,0.0,0.0,0.0,0.0,0.0,0.0,0.0,0.0,0.0,0.0,0.0,0.0,0.0,0.0,1.0,0.0,0.0,0.0,0.0,-63.33,-15.76,113.9,1.35,0.199,1187.0,1.0,0.0067396798652064,0.0134793597304128,0.02106149957877
0.0,0.0,0.0,0.0,0.0,0.0,0.0,0.0,1.0,0.0,0.0,0.0,0.0,0.0,0.0,0.0,0.0,0.0,0.0,0.0,0.0,0.0,1.0,0.0,0.0,0.0,0.0,-101.48,7.3,19.8,1.35,0.199,1187.0,1.0,0.0067396798652064,0.0117944397641112,0.0193765796124684
0.0,0.0,0.0,0.0,1.0,0.0,0.0,0.0,0.0,0.0,0.0,0.0,0.0,0.0,0.0,0.0,0.0,0.0,0.0,0.0,0.0,0.0,0.0,0.0,0.0,1.0,0.0,-65.62,-28.68,131.4,1.35,0.199,1187.0,1.0,0.0075821398483572,0.0134793597304128,0.0219039595619208
0.0,0.0,0.0,1.0,0.0,0.0,0.0,0.0,0.0,0.0,0.0,0.0,0.0,0.0,0.0,0.0,0.0,0.0,0.0,0.0,0.0,0.0,0.0,0.0,0.0,1.0,0.0,-121.16,360.0,215.9,1.35,0.199,1187.0,1.0,0.0067396798652064,0.0058972198820556,0.0134793597304128
