0.0,0.0,0.0,0.0,0.0,0.0,0.0,0.0,0.0,0.0,0.0,0.0,0.0,0.0,0.0,0.0,0.0,1.0,0.0,0.0,0.0,0.0,0.0,0.0,0.0,1.0,0.0,360.0,123.29,131.0,1.25,0.183,669.0,1.0,0.0104633781763826,0.0134529147982062,0.0254110612855007
0.0,0.0,0.0,0.0,0.0,0.0,0.0,0.0,1.0,0.0,0.0,0.0,0.0,0.0,0.0,0.0,0.0,0.0,0.0,0.0,0.0,0.0,0.0,0.0,0.0,1.0,0.0,-104.82,-27.98,171.2,1.25,0.183,669.0,1.0,0.0119581464872944,0.0209267563527653,0.0343796711509716
0.0,0.0,0.0,0.0,0.0,0.0,0.0,0.0,0.0,0.0,0.0,0.0,0.0,0.0,0.0,0.0,1.0,0.0,0.0,0.0,0.0,0.0,0.0,0.0,0.0,1.0,0.0,-142.0,162.07,68.7,1.25,0.183,669.0,1.0,0.0134529147982062,0.0179372197309417,0.0328849028400597
0.0,0.0,0.0,0.0,1.0,0.0,0.0,0.0,0.0,0.0,0.0,0.0,0.0,0.0,0.0,0.0,0.0,0.0,0.0,0.0,0.0,0.0,0.0,1.0,0.0,0.0,0.0,-54.92,-38.96,70.7,1.25,0.183,669.0,1.0,0.0119581464872944,0.0209267563527653,0.0343796711509716
0.0,0.0,0.0,1.0,0.0,0.0,0.0,0.0,0.0,0.0,0.0,0.0,0.0,0.0,0.0,0.0,0.0,0.0,0.0,0.0,0.0,0.0,0.0,1.0,0.0,0.0,0.0,-63.18,-32.56,116.2,1.25,0.183,669.0,1.0,0.0119581464872944,0.0343796711509716,0.0478325859491778
0.0,0.0,1.0,0.0,0.0,0.0,0.0,0.0,0.0,0.0,0.0,0.0,0.0,0.0,0.0,0.0,0.0,0.0,0.0,0.0,0.0,0.0,0.0,1.0,0.0,0.0,0.0,-59.15,-47.34,48.4,1.25,0.183,669.0,1.0,0.0134529147982062,0.0254110612855007,0.0403587443946188
0.0,0.0,0.0,0.0,0.0,0.0,0.0,0.0,0.0,1.0,0.0,0.0,0.0,0.0,0.0,0.0,0.0,0.0,0.0,0.0,0.0,0.0,0.0,1.0,0.0,0.0,0.0,-63.18,-41.44,31.9,1.25,0.183,669.0,1.0,0.0119581464872944,0.0343796711509716,0.0478325859491778
0.0,0.0,0.0,0.0,1.0,0.0,0.0,0.0,0.0,0.0,0.0,0.0,0.0,0.0,0.0,0.0,0.0,0.0,0.0,0.0,0.0,0.0,0.0,1.0,0.0,0.0,0.0,-62.57,-42.28,40.5,1.25,0.183,669.0,1.0,0.0119581464872944,0.0358744394618834,0.0493273542600896
1.0,0.0,0.0,0.0,0.0,0.0,0.0,0.0,0.0,0.0,0.0,0.0,0.0,0.0,0.0,0.0,0.0,0.0,0.0,0.0,0.0,0.0,0.0,1.0,0.0,0.0,0.0,-63.3,-41.52,58.5,1.25,0.183,669.0,1.0,0.0104633781763826,0.0194319880418535,0.0313901345291479
0.0,0.0,0.0,1.0,0.0,0.0,0.0,0.0,0.0,0.0,0.0,0.0,0.0,0.0,0.0,0.0,0.0,0.0,0.0,0.0,0.0,0.0,0.0,1.0,0.0,0.0,0.0,-58.73,-48.91,75.4,1.25,0.183,669.0,1.0,0.0119581464872944,0.0284005979073243,0.0418535127055306
0.0,0.0,0.0,0.0,0.0,0.0,0.0,0.0,0.0,1.0,0.0,0.0,0.0,0.0,0.0,0.0,0.0,0.0,0.0,0.0,0.0,0.0,0.0,1.0,0.0,0.0,0.0,-66.06,-35.5,4.0,1.25,0.183,669.0,1.0,0.0119581464872944,0.0313901345291479,0.0448430493273542
0.0,0.0,0.0,0.0,0.0,1.0,0.0,0.0,0.0,0.0,0.0,0.0,0.0,0.0,0.0,0.0,0.0,0.0,0.0,0.0,0.0,0.0,0.0,1.0,0.0,0.0,0.0,-61.1,-39.36,19.6,1.25,0.183,669.0,1.0,0.0089686098654708,0.0239162929745889,0.0343796711509716
0.0,0.0,1.0,0.0,0.0,0.0,0.0,0.0,0.0,0.0,0.0,0.0,0.0,0.0,0.0,0.0,0.0,0.0,0.0,0.0,0.0,0.0,0.0,1.0,0.0,0.0,0.0,-64.08,-42.98,60.5,1.25,0.183,669.0,1.0,0.0119581464872944,0.0284005979073243,0.0418535127055306
0.0,0.0,0.0,0.0,0.0,0.0,0.0,0.0,0.0,0.0,0.0,0.0,0.0,0.0,1.0,0.0,0.0,0.0,0.0,0.0,0.0,0.0,0.0,1.0,0.0,0.0,0.0,-61.35,-39.05,79.2,1.25,0.183,669.0,1.0,0.0119581464872944,0.0373692077727952,0.0508221225710014
1.0,0.0,0.0,0.0,0.0,0.0,0.0,0.0,0.0,0.0,0.0,0.0,0.0,0.0,0.0,0.0,0.0,0.0,0.0,0.0,0.0,0.0,0.0,1.0,0.0,0.0,0.0,-65.19,-33.31,34.0,1.25,0.183,669.0,1.0,0.0104633781763826,0.0239162929745889,0.0358744394618834
0.0,0.0,0.0,0.0,0.0,0.0,0.0,0.0,0.0,0.0,0.0,0.0,0.0,0.0,1.0,0.0,0.0,0.0,0.0,0.0,0.0,0.0,0.0,1.0,0.0,0.0,0.0,-72.5,-50.4,192.0,1.25,0.183,669.0,1.0,0.0119581464872944,0.0224215246636771,0.0358744394618834
0.0,0.0,0.0,0.0,0.0,0.0,0.0,0.0,0.0,0.0,0.0,0.0,0.0,0.0,0.0,0.0,1.0,0.0,0.0,0.0,0.0,0.0,0.0,1.0,0.0,0.0,0.0,-88.36,-21.58,84.0,1.25,0.183,669.0,1.0,0.0134529147982062,0.0209267563527653,0.0358744394618834
0.0,0.0,0.0,0.0,0.0,0.0,0.0,0.0,0.0,0.0,0.0,0.0,0.0,0.0,1.0,0.0,0.0,0.0,0.0,0.0,0.0,0.0,0.0,0.0,0.0,1.0,0.0,51.26,61.57,133.6,1.25,0.183,669.0,1.0,0.0134529147982062,0.0284005979073243,0.0433482810164424
0.0,0.0,0.0,0.0,0.0,0.0,0.0,0.0,0.0,0.0,0.0,0.0,1.0,0.0,0.0,0.0,0.0,0.0,0.0,0.0,0.0,0.0,0.0,0.0,0.0,0.0,1.0,-76.37,153.07,45.7,1.25,0.183,669.0,1.0,0.0134529147982062,0.014947683109118,0.0298953662182361
1.0,0.0,0.0,0.0,0.0,0.0,0.0,0.0,0.0,0.0,0.0,0.0,0.0,0.0,0.0,0.0,0.0,0.0,0.0,0.0,0.0,0.0,0.0,0.0,0.0,0.0,1.0,-57.86,-30.29,118.9,1.25,0.183,669.0,1.0,0.0104633781763826,0.0119581464872944,0.0239162929745889
0.0,0.0,1.0,0.0,0.0,0.0,0.0,0.0,0.0,0.0,0.0,0.0,0.0,0.0,0.0,0.0,0.0,0.0,0.0,0.0,0.0,0.0,0.0,0.0,0.0,0.0,1.0,-84.12,-4.11,153.8,1.25,0.183,669.0,1.0,0.0134529147982062,0.0134529147982062,0.0284005979073243
0.0,0.0,0.0,0.0,0.0,0.0,0.0,0.0,0.0,0.0,0.0,0.0,0.0,0.0,0.0,1.0,0.0,0.0,0.0,0.0,0.0,0.0,0.0,0.0,0.0,0.0,1.0,-86.96,116.5,18.5,1.25,0.183,669.0,1.0,0.0119581464872944,0.0194319880418535,0.0328849028400597
0.0,0.0,0.0,0.0,0.0,0.0,0.0,0.0,0.0,0.0,0.0,0.0,0.0,0.0,0.0,0.0,1.0,0.0,0.0,0.0,0.0,0.0,0.0,1.0,0.0,0.0,0.0,-60.84,-35.33,83.0,1.25,0.183,669.0,1.0,0.0134529147982062,0.0164424514200298,0.0313901345291479
0.0,0.0,0.0,0.0,0.0,0.0,0.0,0.0,0.0,0.0,0.0,0.0,0.0,0.0,0.0,0.0,1.0,0.0,0.0,0.0,0.0,0.0,0.0,1.0,0.0,0.0,0.0,-58.75,-40.22,1.0,1.25,0.183,669.0,1.0,0.0134529147982062,0.0313901345291479,0.046337817638266
0.0,0.0,0.0,0.0,0.0,0.0,0.0,0.0,0.0,0.0,0.0,0.0,0.0,0.0,0.0,0.0,0.0,1.0,0.0,0.0,0.0,0.0,0.0,1.0,0.0,0.0,0.0,-59.42,-54.1,15.9,1.25,0.183,669.0,1.0,0.0134529147982062,0.0254110612855007,0.0403587443946188
1.0,0.0,0.0,0.0,0.0,0.0,0.0,0.0,0.0,0.0,0.0,0.0,0.0,0.0,0.0,0.0,0.0,0.0,0.0,0.0,0.0,0.0,0.0,1.0,0.0,0.0,0.0,-60.21,-41.47,67.9,1.25,0.183,669.0,1.0,0.0104633781763826,0.0254110612855007,0.0373692077727952
1.0,0.0,0.0,0.0,0.0,0.0,0.0,0.0,0.0,0.0,0.0,0.0,0.0,0.0,0.0,0.0,0.0,0.0,0.0,0.0,0.0,0.0,0.0,1.0,0.0,0.0,0.0,-64.17,-41.65,15.1,1.25,0.183,669.0,1.0,0.0104633781763826,0.0239162929745889,0.0358744394618834
0.0,0.0,0.0,0.0,0.0,0.0,0.0,0.0,0.0,1.0,0.0,0.0,0.0,0.0,0.0,0.0,0.0,0.0,0.0,0.0,0.0,0.0,0.0,1.0,0.0,0.0,0.0,-69.13,-38.04,39.6,1.25,0.183,669.0,1.0,0.0119581464872944,0.0239162929745889,0.0373692077727952
0.0,0.0,1.0,0.0,0.0,0.0,0.0,0.0,0.0,0.0,0.0,0.0,0.0,0.0,0.0,0.0,0.0,0.0,0.0,0.0,0.0,0.0,0.0,1.0,0.0,0.0,0.0,-66.46,-26.95,97.8,1.25,0.183,669.0,1.0,0.0134529147982062,0.0194319880418535,0.0343796711509716
0.0,0.0,0.0,0.0,0.0,1.0,0.0,0.0,0.0,0.0,0.0,0.0,0.0,0.0,0.0,0.0,0.0,0.0,0.0,0.0,0.0,0.0,0.0,1.0,0.0,0.0,0.0,-84.62,-10.5,54.0,1.25,0.183,669.0,1.0,0.0089686098654708,0.0194319880418535,0.0298953662182361
0.0,0.0,0.0,0.0,0.0,1.0,0.0,0.0,0.0,0.0,0.0,0.0,0.0,0.0,0.0,0.0,0.0,0.0,0.0,0.0,0.0,0.0,0.0,0.0,0.0,1.0,0.0,99.03,156.06,30.7,1.25,0.183,669.0,1.0,0.0089686098654708,0.014947683109118,0.0254110612855007
0.0,0.0,0.0,0.0,0.0,0.0,0.0,0.0,0.0,0.0,0.0,0.0,0.0,0.0,0.0,0.0,0.0,1.0,0.0,0.0,0.0,0.0,0.0,1.0,0.0,0.0,0.0,-65.34,-34.77,76.5,1.25,0.183,669.0,1.0,0.0134529147982062,0.0164424514200298,0.0313901345291479
0.0,0.0,0.0,0.0,0.0,0.0,1.0,0.0,0.0,0.0,0.0,0.0,0.0,0.0,0.0,0.0,0.0,0.0,0.0,0.0,0.0,0.0,0.0,1.0,0.0,0.0,0.0,-59.74,-45.01,147.1,1.25,0.183,669.0,1.0,0.0119581464872944,0.0239162929745889,0.0373692077727952
1.0,0.0,0.0,0.0,0.0,0.0,0.0,0.0,0.0,0.0,0.0,0.0,0.0,0.0,0.0,0.0,0.0,0.0,0.0,0.0,0.0,0.0,0.0,1.0,0.0,0.0,0.0,-65.83,-33.69,57.2,1.25,0.183,669.0,1.0,0.0104633781763826,0.0194319880418535,0.0313901345291479
0.0,0.0,0.0,0.0,0.0,0.0,0.0,0.0,0.0,1.0,0.0,0.0,0.0,0.0,0.0,0.0,0.0,0.0,0.0,0.0,0.0,0.0,0.0,1.0,0.0,0.0,0.0,-68.14,-43.17,5.3,1.25,0.183,669.0,1.0,0.0119581464872944,0.0224215246636771,0.0358744394618834
0.0,0.0,0.0,0.0,0.0,1.0,0.0,0.0,0.0,0.0,0.0,0.0,0.0,0.0,0.0,0.0,0.0,0.0,0.0,0.0,0.0,0.0,0.0,1.0,0.0,0.0,0.0,-60.59,-42.2,33.4,1.25,0.183,669.0,1.0,0.0089686098654708,0.0209267563527653,0.0313901345291479
0.0,0.0,0.0,0.0,0.0,0.0,0.0,0.0,1.0,0.0,0.0,0.0,0.0,0.0,0.0,0.0,0.0,0.0,0.0,0.0,0.0,0.0,0.0,1.0,0.0,0.0,0.0,-60.12,-46.85,136.4,1.25,0.183,669.0,1.0,0.0119581464872944,0.0224215246636771,0.0358744394618834
0.0,0.0,0.0,0.0,0.0,0.0,0.0,0.0,1.0,0.0,0.0,0.0,0.0,0.0,0.0,0.0,0.0,0.0,0.0,0.0,0.0,0.0,0.0,1.0,0.0,0.0,0.0,-61.08,-43.74,68.9,1.25,0.183,669.0,1.0,0.0119581464872944,0.0269058295964125,0.0403587443946188
0.0,0.0,0.0,0.0,0.0,0.0,0.0,0.0,0.0,1.0,0.0,0.0,0.0,0.0,0.0,0.0,0.0,0.0,0.0,0.0,0.0,0.0,0.0,1.0,0.0,0.0,0.0,-60.32,-44.42,43.9,1.25,0.183,669.0,1.0,0.0119581464872944,0.0269058295964125,0.0403587443946188
0.0,0.0,0.0,0.0,0.0,0.0,0.0,0.0,0.0,1.0,0.0,0.0,0.0,0.0,0.0,0.0,0.0,0.0,0.0,0.0,0.0,0.0,0.0,1.0,0.0,0.0,0.0,-63.65,-45.29,132.2,1.25,0.183,669.0,1.0,0.0119581464872944,0.0254110612855007,0.038863976083707
0.0,0.0,0.0,1.0,0.0,0.0,0.0,0.0,0.0,0.0,0.0,0.0,0.0,0.0,0.0,0.0,0.0,0.0,0.0,0.0,0.0,0.0,0.0,1.0,0.0,0.0,0.0,-51.51,-47.84,88.5,1.25,0.183,669.0,1.0,0.0119581464872944,0.0254110612855007,0.038863976083707
0.0,0.0,0.0,1.0,0.0,0.0,0.0,0.0,0.0,0.0,0.0,0.0,0.0,0.0,0.0,0.0,0.0,0.0,0.0,0.0,0.0,0.0,0.0,1.0,0.0,0.0,0.0,-67.49,-35.7,11.2,1.25,0.183,669.0,1.0,0.0134529147982062,0.0313901345291479,0.046337817638266
1.0,0.0,0.0,0.0,0.0,0.0,0.0,0.0,0.0,0.0,0.0,0.0,0.0,0.0,0.0,0.0,0.0,0.0,0.0,0.0,0.0,0.0,0.0,1.0,0.0,0.0,0.0,-60.14,-39.5,42.9,1.25,0.183,669.0,1.0,0.0104633781763826,0.0254110612855007,0.0373692077727952
0.0,0.0,0.0,0.0,0.0,1.0,0.0,0.0,0.0,0.0,0.0,0.0,0.0,0.0,0.0,0.0,0.0,0.0,0.0,0.0,0.0,0.0,0.0,1.0,0.0,0.0,0.0,-63.83,-44.5,34.3,1.25,0.183,669.0,1.0,0.0089686098654708,0.0209267563527653,0.0313901345291479
0.0,0.0,0.0,1.0,0.0,0.0,0.0,0.0,0.0,0.0,0.0,0.0,0.0,0.0,0.0,0.0,0.0,0.0,0.0,0.0,0.0,0.0,0.0,1.0,0.0,0.0,0.0,-60.28,-41.08,75.5,1.25,0.183,669.0,1.0,0.0119581464872944,0.0328849028400597,0.046337817638266
0.0,0.0,0.0,0.0,0.0,0.0,0.0,0.0,0.0,0.0,0.0,0.0,0.0,0.0,0.0,0.0,0.0,1.0,0.0,0.0,0.0,0.0,0.0,1.0,0.0,0.0,0.0,-61.93,-44.03,24.5,1.25,0.183,669.0,1.0,0.0134529147982062,0.0284005979073243,0.0433482810164424
0.0,0.0,0.0,0.0,0.0,0.0,0.0,0.0,0.0,0.0,0.0,0.0,0.0,0.0,0.0,0.0,0.0,0.0,1.0,0.0,0.0,0.0,0.0,1.0,0.0,0.0,0.0,-61.32,-49.55,175.5,1.25,0.183,669.0,1.0,0.0119581464872944,0.0298953662182361,0.0433482810164424
0.0,0.0,0.0,0.0,0.0,0.0,0.0,0.0,0.0,1.0,0.0,0.0,0.0,0.0,0.0,0.0,0.0,0.0,0.0,0.0,0.0,0.0,0.0,1.0,0.0,0.0,0.0,-53.04,-47.39,104.9,1.25,0.183,669.0,1.0,0.0119581464872944,0.0254110612855007,0.038863976083707
1.0,0.0,0.0,0.0,0.0,0.0,0.0,0.0,0.0,0.0,0.0,0.0,0.0,0.0,0.0,0.0,0.0,0.0,0.0,0.0,0.0,0.0,0.0,1.0,0.0,0.0,0.0,-67.45,-37.91,4.2,1.25,0.183,669.0,1.0,0.0104633781763826,0.0298953662182361,0.0418535127055306
1.0,0.0,0.0,0.0,0.0,0.0,0.0,0.0,0.0,0.0,0.0,0.0,0.0,0.0,0.0,0.0,0.0,0.0,0.0,0.0,0.0,0.0,0.0,1.0,0.0,0.0,0.0,-63.32,-35.84,62.4,1.25,0.183,669.0,1.0,0.0104633781763826,0.0254110612855007,0.0373692077727952
0.0,0.0,0.0,1.0,0.0,0.0,0.0,0.0,0.0,0.0,0.0,0.0,0.0,0.0,0.0,0.0,0.0,0.0,0.0,0.0,0.0,0.0,0.0,1.0,0.0,0.0,0.0,-82.37,-33.62,118.2,1.25,0.183,669.0,1.0,0.0119581464872944,0.0269058295964125,0.0403587443946188
0.0,0.0,0.0,0.0,0.0,0.0,1.0,0.0,0.0,0.0,0.0,0.0,0.0,0.0,0.0,0.0,0.0,0.0,0.0,0.0,0.0,0.0,0.0,1.0,0.0,0.0,0.0,-133.72,-8.68,132.8,1.25,0.183,669.0,1.0,0.0119581464872944,0.0284005979073243,0.0418535127055306
0.0,0.0,0.0,1.0,0.0,0.0,0.0,0.0,0.0,0.0,0.0,0.0,0.0,0.0,0.0,0.0,0.0,0.0,0.0,0.0,0.0,0.0,0.0,0.0,0.0,1.0,0.0,-120.13,174.98,124.8,1.25,0.183,669.0,1.0,0.0119581464872944,0.0209267563527653,0.0343796711509716
0.0,0.0,0.0,0.0,0.0,0.0,0.0,0.0,0.0,0.0,0.0,0.0,0.0,0.0,0.0,1.0,0.0,0.0,0.0,0.0,0.0,0.0,0.0,0.0,0.0,1.0,0.0,-68.87,162.64,66.3,1.25,0.183,669.0,1.0,0.0119581464872944,0.0134529147982062,0.0269058295964125
0.0,0.0,0.0,0.0,0.0,0.0,0.0,0.0,0.0,0.0,0.0,1.0,0.0,0.0,0.0,0.0,0.0,0.0,0.0,0.0,0.0,0.0,0.0,1.0,0.0,0.0,0.0,-53.99,-42.02,148.3,1.25,0.183,669.0,1.0,0.0134529147982062,0.0179372197309417,0.0328849028400597
0.0,0.0,1.0,0.0,0.0,0.0,0.0,0.0,0.0,0.0,0.0,0.0,0.0,0.0,0.0,0.0,0.0,0.0,0.0,0.0,0.0,0.0,0.0,1.0,0.0,0.0,0.0,-62.99,-44.62,128.5,1.25,0.183,669.0,1.0,0.0119581464872944,0.0224215246636771,0.0358744394618834
1.0,0.0,0.0,0.0,0.0,0.0,0.0,0.0,0.0,0.0,0.0,0.0,0.0,0.0,0.0,0.0,0.0,0.0,0.0,0.0,0.0,0.0,0.0,1.0,0.0,0.0,0.0,-62.83,-41.39,28.7,1.25,0.183,669.0,1.0,0.0104633781763826,0.0254110612855007,0.0373692077727952
0.0,0.0,0.0,0.0,0.0,0.0,0.0,0.0,0.0,1.0,0.0,0.0,0.0,0.0,0.0,0.0,0.0,0.0,0.0,0.0,0.0,0.0,0.0,1.0,0.0,0.0,0.0,-64.33,-43.54,44.1,1.25,0.183,669.0,1.0,0.0119581464872944,0.0284005979073243,0.0418535127055306
1.0,0.0,0.0,0.0,0.0,0.0,0.0,0.0,0.0,0.0,0.0,0.0,0.0,0.0,0.0,0.0,0.0,0.0,0.0,0.0,0.0,0.0,0.0,1.0,0.0,0.0,0.0,-59.06,-40.91,56.7,1.25,0.183,669.0,1.0,0.0104633781763826,0.0239162929745889,0.0358744394618834
0.0,0.0,0.0,1.0,0.0,0.0,0.0,0.0,0.0,0.0,0.0,0.0,0.0,0.0,0.0,0.0,0.0,0.0,0.0,0.0,0.0,0.0,0.0,1.0,0.0,0.0,0.0,-58.75,-51.31,96.8,1.25,0.183,669.0,1.0,0.0119581464872944,0.0269058295964125,0.0403587443946188
0.0,0.0,0.0,1.0,0.0,0.0,0.0,0.0,0.0,0.0,0.0,0.0,0.0,0.0,0.0,0.0,0.0,0.0,0.0,0.0,0.0,0.0,0.0,1.0,0.0,0.0,0.0,-67.1,-38.91,41.9,1.25,0.183,669.0,1.0,0.0119581464872944,0.0313901345291479,0.0448430493273542
0.0,0.0,0.0,0.0,0.0,0.0,0.0,1.0,0.0,0.0,0.0,0.0,0.0,0.0,0.0,0.0,0.0,0.0,0.0,0.0,0.0,0.0,0.0,1.0,0.0,0.0,0.0,-60.27,-42.34,66.1,1.25,0.183,669.0,1.0,0.0134529147982062,0.0269058295964125,0.0418535127055306
0.0,0.0,0.0,0.0,0.0,0.0,0.0,0.0,0.0,0.0,0.0,0.0,0.0,0.0,0.0,1.0,0.0,0.0,0.0,0.0,0.0,0.0,0.0,1.0,0.0,0.0,0.0,-60.26,-37.29,52.7,1.25,0.183,669.0,1.0,0.0119581464872944,0.0269058295964125,0.0403587443946188
0.0,0.0,0.0,0.0,0.0,0.0,0.0,0.0,0.0,0.0,0.0,0.0,0.0,1.0,0.0,0.0,0.0,0.0,0.0,0.0,0.0,0.0,0.0,1.0,0.0,0.0,0.0,-70.86,-39.01,65.3,1.25,0.183,669.0,1.0,0.0119581464872944,0.0343796711509716,0.0478325859491778
0.0,0.0,0.0,0.0,0.0,0.0,0.0,0.0,0.0,1.0,0.0,0.0,0.0,0.0,0.0,0.0,0.0,0.0,0.0,0.0,0.0,0.0,0.0,1.0,0.0,0.0,0.0,-59.14,-45.09,40.5,1.25,0.183,669.0,1.0,0.0119581464872944,0.0313901345291479,0.0448430493273542
0.0,0.0,0.0,0.0,0.0,0.0,0.0,0.0,0.0,1.0,0.0,0.0,0.0,0.0,0.0,0.0,0.0,0.0,0.0,0.0,0.0,0.0,0.0,1.0,0.0,0.0,0.0,-63.32,-43.19,74.2,1.25,0.183,669.0,1.0,0.0119581464872944,0.0284005979073243,0.0418535127055306
0.0,0.0,0.0,0.0,0.0,0.0,0.0,0.0,0.0,0.0,0.0,0.0,0.0,0.0,0.0,0.0,0.0,0.0,0.0,1.0,0.0,0.0,0.0,1.0,0.0,0.0,0.0,-55.48,-52.78,29.3,1.25,0.183,669.0,1.0,0.0119581464872944,0.0328849028400597,0.046337817638266
0.0,0.0,0.0,0.0,0.0,0.0,0.0,0.0,0.0,0.0,0.0,0.0,0.0,0.0,0.0,0.0,0.0,0.0,1.0,0.0,0.0,0.0,0.0,1.0,0.0,0.0,0.0,-66.26,-31.18,21.6,1.25,0.183,669.0,1.0,0.0119581464872944,0.038863976083707,0.0523168908819133
0.0,0.0,0.0,0.0,0.0,0.0,0.0,0.0,0.0,0.0,0.0,0.0,0.0,0.0,0.0,0.0,1.0,0.0,0.0,0.0,0.0,0.0,0.0,1.0,0.0,0.0,0.0,-61.33,-43.67,65.2,1.25,0.183,669.0,1.0,0.0134529147982062,0.0239162929745889,0.038863976083707
0.0,0.0,0.0,0.0,0.0,0.0,0.0,0.0,0.0,0.0,0.0,0.0,0.0,1.0,0.0,0.0,0.0,0.0,0.0,0.0,0.0,0.0,0.0,1.0,0.0,0.0,0.0,-64.57,-41.17,5.1,1.25,0.183,669.0,1.0,0.0119581464872944,0.0284005979073243,0.0418535127055306
0.0,0.0,0.0,0.0,0.0,0.0,0.0,0.0,0.0,0.0,0.0,0.0,0.0,0.0,0.0,0.0,0.0,1.0,0.0,0.0,0.0,0.0,0.0,1.0,0.0,0.0,0.0,-62.33,-41.86,0.0,1.25,0.183,669.0,1.0,0.0134529147982062,0.0269058295964125,0.0418535127055306
0.0,0.0,0.0,0.0,0.0,0.0,0.0,0.0,0.0,1.0,0.0,0.0,0.0,0.0,0.0,0.0,0.0,0.0,0.0,0.0,0.0,0.0,1.0,0.0,0.0,0.0,0.0,-60.94,360.0,51.5,1.25,0.183,669.0,1.0,0.0104633781763826,0.0254110612855007,0.0373692077727952
0.0,0.0,0.0,0.0,0.0,0.0,0.0,1.0,0.0,0.0,0.0,0.0,0.0,0.0,0.0,0.0,0.0,0.0,0.0,0.0,0.0,0.0,1.0,0.0,0.0,0.0,0.0,360.0,-39.79,40.4,1.25,0.183,669.0,1.0,0.0104633781763826,0.0224215246636771,0.0343796711509716
0.0,0.0,0.0,0.0,0.0,0.0,0.0,0.0,0.0,0.0,0.0,0.0,0.0,0.0,0.0,1.0,0.0,0.0,0.0,0.0,0.0,0.0,1.0,0.0,0.0,0.0,0.0,-56.89,-42.18,42.8,1.25,0.183,669.0,1.0,0.0119581464872944,0.0224215246636771,0.0358744394618834
0.0,0.0,0.0,0.0,0.0,0.0,0.0,0.0,0.0,0.0,0.0,0.0,0.0,0.0,1.0,0.0,0.0,0.0,0.0,0.0,0.0,0.0,1.0,0.0,0.0,0.0,0.0,-90.61,-2.64,189.6,1.25,0.183,669.0,1.0,0.0119581464872944,0.0194319880418535,0.0328849028400597
0.0,0.0,0.0,0.0,0.0,1.0,0.0,0.0,0.0,0.0,0.0,0.0,0.0,0.0,0.0,0.0,0.0,0.0,0.0,0.0,0.0,0.0,0.0,0.0,0.0,1.0,0.0,81.27,26.04,61.7,1.25,0.183,669.0,1.0,0.0089686098654708,0.0179372197309417,0.0284005979073243
0.0,0.0,0.0,0.0,0.0,0.0,0.0,0.0,0.0,1.0,0.0,0.0,0.0,0.0,0.0,0.0,0.0,0.0,0.0,0.0,0.0,0.0,0.0,0.0,0.0,1.0,0.0,-86.21,144.05,92.9,1.25,0.183,669.0,1.0,0.0119581464872944,0.0194319880418535,0.0328849028400597
0.0,0.0,0.0,0.0,0.0,0.0,0.0,0.0,0.0,0.0,0.0,0.0,0.0,0.0,0.0,1.0,0.0,0.0,0.0,0.0,0.0,0.0,0.0,0.0,0.0,1.0,0.0,-95.41,164.58,49.9,1.25,0.183,669.0,1.0,0.0119581464872944,0.0194319880418535,0.0328849028400597
0.0,0.0,0.0,0.0,0.0,0.0,0.0,0.0,0.0,1.0,0.0,0.0,0.0,0.0,0.0,0.0,0.0,0.0,0.0,0.0,0.0,0.0,0.0,1.0,0.0,0.0,0.0,-55.6,-44.81,14.7,1.25,0.183,669.0,1.0,0.0119581464872944,0.0224215246636771,0.0358744394618834
0.0,0.0,1.0,0.0,0.0,0.0,0.0,0.0,0.0,0.0,0.0,0.0,0.0,0.0,0.0,0.0,0.0,0.0,0.0,0.0,0.0,0.0,0.0,1.0,0.0,0.0,0.0,-58.34,-37.8,100.0,1.25,0.183,669.0,1.0,0.0134529147982062,0.0284005979073243,0.0433482810164424
0.0,0.0,1.0,0.0,0.0,0.0,0.0,0.0,0.0,0.0,0.0,0.0,0.0,0.0,0.0,0.0,0.0,0.0,0.0,0.0,0.0,0.0,0.0,1.0,0.0,0.0,0.0,-55.62,-40.93,52.3,1.25,0.183,669.0,1.0,0.0134529147982062,0.0284005979073243,0.0433482810164424
0.0,0.0,0.0,0.0,0.0,0.0,0.0,0.0,0.0,0.0,0.0,0.0,0.0,0.0,0.0,0.0,0.0,1.0,0.0,0.0,0.0,0.0,0.0,1.0,0.0,0.0,0.0,-82.1,-44.9,71.2,1.25,0.183,669.0,1.0,0.0134529147982062,0.0209267563527653,0.0358744394618834
0.0,0.0,0.0,0.0,0.0,0.0,0.0,0.0,0.0,0.0,0.0,0.0,0.0,0.0,0.0,0.0,0.0,0.0,0.0,1.0,0.0,0.0,0.0,1.0,0.0,0.0,0.0,-64.84,-29.9,95.8,1.25,0.183,669.0,1.0,0.0134529147982062,0.0298953662182361,0.0448430493273542
0.0,0.0,0.0,0.0,0.0,0.0,0.0,0.0,0.0,0.0,0.0,0.0,0.0,0.0,1.0,0.0,0.0,0.0,0.0,0.0,0.0,0.0,0.0,1.0,0.0,0.0,0.0,-62.45,-15.8,174.5,1.25,0.183,669.0,1.0,0.0119581464872944,0.0224215246636771,0.0358744394618834
0.0,0.0,0.0,0.0,0.0,0.0,0.0,0.0,1.0,0.0,0.0,0.0,0.0,0.0,0.0,0.0,0.0,0.0,0.0,0.0,0.0,0.0,0.0,0.0,0.0,1.0,0.0,-100.12,0.08,182.4,1.25,0.183,669.0,1.0,0.0119581464872944,0.0194319880418535,0.0328849028400597
0.0,0.0,0.0,0.0,0.0,0.0,0.0,0.0,0.0,1.0,0.0,0.0,0.0,0.0,0.0,0.0,0.0,0.0,0.0,0.0,0.0,0.0,0.0,0.0,0.0,1.0,0.0,-96.58,360.0,171.6,1.25,0.183,669.0,1.0,0.0104633781763826,0.0134529147982062,0.0254110612855007
