0.0,0.0,0.0,0.0,0.0,1.0,0.0,0.0,0.0,0.0,0.0,0.0,0.0,0.0,0.0,0.0,0.0,0.0,0.0,0.0,0.0,0.0,0.0,1.0,0.0,0.0,0.0,360.0,-85.63,45.4,1.5,0.195,361.0,1.0,0.0110803324099723,0.0332409972299169,0.0470914127423822
0.0,0.0,0.0,0.0,0.0,0.0,0.0,0.0,0.0,0.0,0.0,0.0,0.0,0.0,0.0,1.0,0.0,0.0,0.0,0.0,0.0,0.0,0.0,1.0,0.0,0.0,0.0,-59.85,-43.23,100.6,1.5,0.195,361.0,1.0,0.0221606648199446,0.0304709141274238,0.0554016620498614
0.0,0.0,0.0,0.0,0.0,0.0,0.0,0.0,0.0,0.0,0.0,0.0,1.0,0.0,0.0,0.0,0.0,0.0,0.0,0.0,0.0,0.0,0.0,1.0,0.0,0.0,0.0,-59.66,-44.2,93.5,1.5,0.195,361.0,1.0,0.0249307479224376,0.0304709141274238,0.0581717451523545
0.0,0.0,0.0,0.0,0.0,0.0,0.0,0.0,0.0,1.0,0.0,0.0,0.0,0.0,0.0,0.0,0.0,0.0,0.0,0.0,0.0,0.0,0.0,1.0,0.0,0.0,0.0,-60.91,-39.92,21.3,1.5,0.195,361.0,1.0,0.0221606648199446,0.0526315789473684,0.077562326869806
0.0,0.0,0.0,0.0,0.0,0.0,0.0,0.0,0.0,1.0,0.0,0.0,0.0,0.0,0.0,0.0,0.0,0.0,0.0,0.0,0.0,0.0,0.0,1.0,0.0,0.0,0.0,-63.15,-36.93,55.3,1.5,0.195,361.0,1.0,0.0221606648199446,0.0637119113573407,0.0886426592797784
0.0,0.0,0.0,0.0,0.0,0.0,0.0,0.0,0.0,0.0,0.0,0.0,0.0,1.0,0.0,0.0,0.0,0.0,0.0,0.0,0.0,0.0,0.0,1.0,0.0,0.0,0.0,-60.34,-46.21,131.0,1.5,0.195,361.0,1.0,0.0221606648199446,0.0526315789473684,0.077562326869806
0.0,0.0,0.0,0.0,0.0,0.0,0.0,0.0,0.0,0.0,0.0,0.0,0.0,1.0,0.0,0.0,0.0,0.0,0.0,0.0,0.0,0.0,0.0,1.0,0.0,0.0,0.0,-59.5,-44.83,96.6,1.5,0.195,361.0,1.0,0.0221606648199446,0.0526315789473684,0.077562326869806
0.0,0.0,0.0,0.0,0.0,0.0,0.0,1.0,0.0,0.0,0.0,0.0,0.0,0.0,0.0,0.0,0.0,0.0,0.0,0.0,0.0,0.0,0.0,1.0,0.0,0.0,0.0,-61.74,-44.86,8.2,1.5,0.195,361.0,1.0,0.0249307479224376,0.0526315789473684,0.0803324099722991
0.0,0.0,0.0,0.0,0.0,0.0,1.0,0.0,0.0,0.0,0.0,0.0,0.0,0.0,0.0,0.0,0.0,0.0,0.0,0.0,0.0,0.0,0.0,1.0,0.0,0.0,0.0,-55.26,-44.46,106.0,1.5,0.195,361.0,1.0,0.0249307479224376,0.0581717451523545,0.0858725761772853
0.0,0.0,0.0,0.0,0.0,0.0,0.0,0.0,0.0,0.0,0.0,1.0,0.0,0.0,0.0,0.0,0.0,0.0,0.0,0.0,0.0,0.0,0.0,1.0,0.0,0.0,0.0,-69.0,-45.49,79.8,1.5,0.195,361.0,1.0,0.0249307479224376,0.0498614958448753,0.077562326869806
0.0,0.0,0.0,0.0,0.0,0.0,0.0,1.0,0.0,0.0,0.0,0.0,0.0,0.0,0.0,0.0,0.0,0.0,0.0,0.0,0.0,0.0,0.0,1.0,0.0,0.0,0.0,-63.17,-38.95,22.6,1.5,0.195,361.0,1.0,0.0249307479224376,0.0526315789473684,0.0803324099722991
0.0,0.0,0.0,0.0,0.0,0.0,0.0,0.0,0.0,0.0,0.0,0.0,0.0,0.0,0.0,0.0,1.0,0.0,0.0,0.0,0.0,0.0,0.0,1.0,0.0,0.0,0.0,-58.45,-44.59,54.5,1.5,0.195,361.0,1.0,0.0249307479224376,0.0526315789473684,0.0803324099722991
0.0,0.0,0.0,0.0,0.0,0.0,0.0,0.0,0.0,0.0,0.0,0.0,0.0,0.0,0.0,1.0,0.0,0.0,0.0,0.0,0.0,0.0,0.0,1.0,0.0,0.0,0.0,-63.98,-41.96,43.5,1.5,0.195,361.0,1.0,0.0221606648199446,0.0498614958448753,0.074792243767313
0.0,0.0,0.0,0.0,1.0,0.0,0.0,0.0,0.0,0.0,0.0,0.0,0.0,0.0,0.0,0.0,0.0,0.0,0.0,0.0,0.0,0.0,0.0,1.0,0.0,0.0,0.0,-63.82,-36.53,104.1,1.5,0.195,361.0,1.0,0.0221606648199446,0.0609418282548476,0.0858725761772853
0.0,0.0,0.0,0.0,0.0,0.0,0.0,1.0,0.0,0.0,0.0,0.0,0.0,0.0,0.0,0.0,0.0,0.0,0.0,0.0,0.0,0.0,0.0,1.0,0.0,0.0,0.0,-63.32,-42.61,11.8,1.5,0.195,361.0,1.0,0.0249307479224376,0.0443213296398892,0.0720221606648199
0.0,0.0,0.0,0.0,0.0,0.0,0.0,0.0,0.0,0.0,0.0,0.0,0.0,0.0,1.0,0.0,0.0,0.0,0.0,0.0,0.0,0.0,0.0,1.0,0.0,0.0,0.0,-61.24,-42.99,153.6,1.5,0.195,361.0,1.0,0.0221606648199446,0.0498614958448753,0.074792243767313
0.0,0.0,0.0,0.0,0.0,0.0,0.0,0.0,0.0,0.0,0.0,0.0,0.0,1.0,0.0,0.0,0.0,0.0,0.0,0.0,0.0,0.0,0.0,1.0,0.0,0.0,0.0,-69.01,-38.99,129.6,1.5,0.195,361.0,1.0,0.0221606648199446,0.0498614958448753,0.074792243767313
1.0,0.0,0.0,0.0,0.0,0.0,0.0,0.0,0.0,0.0,0.0,0.0,0.0,0.0,0.0,0.0,0.0,0.0,0.0,0.0,0.0,0.0,0.0,1.0,0.0,0.0,0.0,-68.43,-37.78,4.3,1.5,0.195,361.0,1.0,0.0193905817174515,0.0609418282548476,0.0831024930747922
0.0,0.0,0.0,0.0,0.0,0.0,0.0,0.0,1.0,0.0,0.0,0.0,0.0,0.0,0.0,0.0,0.0,0.0,0.0,0.0,0.0,0.0,0.0,1.0,0.0,0.0,0.0,-63.42,-44.42,124.6,1.5,0.195,361.0,1.0,0.0221606648199446,0.0470914127423822,0.0720221606648199
1.0,0.0,0.0,0.0,0.0,0.0,0.0,0.0,0.0,0.0,0.0,0.0,0.0,0.0,0.0,0.0,0.0,0.0,0.0,0.0,0.0,0.0,0.0,1.0,0.0,0.0,0.0,-61.75,-29.03,92.9,1.5,0.195,361.0,1.0,0.0193905817174515,0.0332409972299169,0.0554016620498614
1.0,0.0,0.0,0.0,0.0,0.0,0.0,0.0,0.0,0.0,0.0,0.0,0.0,0.0,0.0,0.0,0.0,0.0,0.0,0.0,0.0,0.0,0.0,1.0,0.0,0.0,0.0,-94.59,2.19,83.3,1.5,0.195,361.0,1.0,0.0193905817174515,0.0304709141274238,0.0526315789473684
0.0,0.0,0.0,0.0,0.0,1.0,0.0,0.0,0.0,0.0,0.0,0.0,0.0,0.0,0.0,0.0,0.0,0.0,0.0,0.0,0.0,0.0,0.0,0.0,0.0,1.0,0.0,64.83,39.89,67.7,1.5,0.195,361.0,1.0,0.0166204986149584,0.038781163434903,0.0581717451523545
0.0,0.0,0.0,0.0,0.0,0.0,0.0,0.0,0.0,0.0,0.0,0.0,0.0,0.0,1.0,0.0,0.0,0.0,0.0,0.0,0.0,0.0,0.0,0.0,0.0,1.0,0.0,-104.93,87.76,32.2,1.5,0.195,361.0,1.0,0.0193905817174515,0.0277008310249307,0.0498614958448753
0.0,0.0,0.0,0.0,0.0,0.0,0.0,0.0,0.0,0.0,1.0,0.0,0.0,0.0,0.0,0.0,0.0,0.0,0.0,0.0,0.0,0.0,0.0,1.0,0.0,0.0,0.0,-68.77,-45.34,129.3,1.5,0.195,361.0,1.0,0.0221606648199446,0.0415512465373961,0.0664819944598338
0.0,0.0,1.0,0.0,0.0,0.0,0.0,0.0,0.0,0.0,0.0,0.0,0.0,0.0,0.0,0.0,0.0,0.0,0.0,0.0,0.0,0.0,0.0,1.0,0.0,0.0,0.0,-58.43,-44.88,79.9,1.5,0.195,361.0,1.0,0.0193905817174515,0.0332409972299169,0.0554016620498614
0.0,0.0,0.0,1.0,0.0,0.0,0.0,0.0,0.0,0.0,0.0,0.0,0.0,0.0,0.0,0.0,0.0,0.0,0.0,0.0,0.0,0.0,0.0,1.0,0.0,0.0,0.0,-61.48,-45.4,100.3,1.5,0.195,361.0,1.0,0.0221606648199446,0.0443213296398892,0.0692520775623268
0.0,0.0,0.0,0.0,0.0,0.0,0.0,0.0,0.0,0.0,0.0,0.0,0.0,0.0,0.0,0.0,0.0,1.0,0.0,0.0,0.0,0.0,0.0,1.0,0.0,0.0,0.0,-56.68,-48.22,6.4,1.5,0.195,361.0,1.0,0.0249307479224376,0.0470914127423822,0.074792243767313
0.0,0.0,0.0,0.0,0.0,0.0,0.0,0.0,0.0,0.0,0.0,0.0,0.0,0.0,1.0,0.0,0.0,0.0,0.0,0.0,0.0,0.0,0.0,1.0,0.0,0.0,0.0,-67.97,-40.19,137.1,1.5,0.195,361.0,1.0,0.0221606648199446,0.0554016620498614,0.0803324099722991
0.0,0.0,0.0,0.0,0.0,0.0,0.0,0.0,0.0,0.0,0.0,0.0,0.0,0.0,0.0,0.0,1.0,0.0,0.0,0.0,0.0,0.0,0.0,1.0,0.0,0.0,0.0,-68.99,-42.73,88.3,1.5,0.195,361.0,1.0,0.0249307479224376,0.0415512465373961,0.0692520775623268
0.0,0.0,0.0,0.0,0.0,0.0,0.0,0.0,0.0,1.0,0.0,0.0,0.0,0.0,0.0,0.0,0.0,0.0,0.0,0.0,0.0,0.0,0.0,1.0,0.0,0.0,0.0,-61.56,-37.59,27.1,1.5,0.195,361.0,1.0,0.0221606648199446,0.0664819944598338,0.0914127423822714
0.0,0.0,0.0,0.0,0.0,0.0,0.0,0.0,0.0,0.0,0.0,0.0,0.0,1.0,0.0,0.0,0.0,0.0,0.0,0.0,0.0,0.0,0.0,1.0,0.0,0.0,0.0,-62.16,-35.64,64.1,1.5,0.195,361.0,1.0,0.0221606648199446,0.0554016620498614,0.0803324099722991
0.0,0.0,0.0,1.0,0.0,0.0,0.0,0.0,0.0,0.0,0.0,0.0,0.0,0.0,0.0,0.0,0.0,0.0,0.0,0.0,0.0,0.0,0.0,1.0,0.0,0.0,0.0,-72.0,-37.93,81.9,1.5,0.195,361.0,1.0,0.0221606648199446,0.0498614958448753,0.074792243767313
0.0,0.0,0.0,0.0,0.0,0.0,0.0,0.0,0.0,0.0,0.0,1.0,0.0,0.0,0.0,0.0,0.0,0.0,0.0,0.0,0.0,0.0,0.0,1.0,0.0,0.0,0.0,-58.86,-47.19,72.7,1.5,0.195,361.0,1.0,0.0249307479224376,0.0470914127423822,0.074792243767313
0.0,0.0,0.0,0.0,0.0,0.0,0.0,0.0,0.0,1.0,0.0,0.0,0.0,0.0,0.0,0.0,0.0,0.0,0.0,0.0,0.0,0.0,0.0,1.0,0.0,0.0,0.0,-59.24,-46.58,37.9,1.5,0.195,361.0,1.0,0.0221606648199446,0.0554016620498614,0.0803324099722991
0.0,0.0,0.0,0.0,0.0,0.0,0.0,0.0,0.0,0.0,0.0,0.0,0.0,0.0,1.0,0.0,0.0,0.0,0.0,0.0,0.0,0.0,0.0,1.0,0.0,0.0,0.0,-58.45,-44.61,149.6,1.5,0.195,361.0,1.0,0.0221606648199446,0.0498614958448753,0.074792243767313
0.0,0.0,0.0,0.0,0.0,0.0,0.0,0.0,0.0,0.0,0.0,0.0,0.0,1.0,0.0,0.0,0.0,0.0,0.0,0.0,0.0,0.0,0.0,1.0,0.0,0.0,0.0,-65.06,-43.7,105.0,1.5,0.195,361.0,1.0,0.0221606648199446,0.0470914127423822,0.0720221606648199
0.0,0.0,0.0,0.0,0.0,0.0,0.0,0.0,0.0,1.0,0.0,0.0,0.0,0.0,0.0,0.0,0.0,0.0,0.0,0.0,0.0,0.0,0.0,1.0,0.0,0.0,0.0,-69.09,-35.18,31.7,1.5,0.195,361.0,1.0,0.0221606648199446,0.0443213296398892,0.0692520775623268
0.0,0.0,0.0,0.0,0.0,0.0,0.0,0.0,0.0,0.0,0.0,0.0,0.0,1.0,0.0,0.0,0.0,0.0,0.0,0.0,0.0,0.0,0.0,1.0,0.0,0.0,0.0,-64.58,-38.38,65.3,1.5,0.195,361.0,1.0,0.0221606648199446,0.0554016620498614,0.0803324099722991
0.0,0.0,1.0,0.0,0.0,0.0,0.0,0.0,0.0,0.0,0.0,0.0,0.0,0.0,0.0,0.0,0.0,0.0,0.0,0.0,0.0,0.0,0.0,1.0,0.0,0.0,0.0,-66.02,-41.1,93.6,1.5,0.195,361.0,1.0,0.0221606648199446,0.0498614958448753,0.074792243767313
0.0,0.0,0.0,1.0,0.0,0.0,0.0,0.0,0.0,0.0,0.0,0.0,0.0,0.0,0.0,0.0,0.0,0.0,0.0,0.0,0.0,0.0,0.0,1.0,0.0,0.0,0.0,-59.74,-44.35,110.5,1.5,0.195,361.0,1.0,0.0221606648199446,0.0526315789473684,0.077562326869806
0.0,0.0,0.0,0.0,0.0,0.0,0.0,0.0,0.0,0.0,0.0,0.0,0.0,0.0,0.0,0.0,0.0,0.0,0.0,1.0,0.0,0.0,0.0,1.0,0.0,0.0,0.0,-62.76,-46.95,48.3,1.5,0.195,361.0,1.0,0.0221606648199446,0.0581717451523545,0.0831024930747922
0.0,0.0,1.0,0.0,0.0,0.0,0.0,0.0,0.0,0.0,0.0,0.0,0.0,0.0,0.0,0.0,0.0,0.0,0.0,0.0,0.0,0.0,0.0,1.0,0.0,0.0,0.0,-63.17,-42.63,76.9,1.5,0.195,361.0,1.0,0.0249307479224376,0.0526315789473684,0.0803324099722991
0.0,0.0,0.0,0.0,0.0,0.0,0.0,0.0,0.0,0.0,0.0,0.0,0.0,1.0,0.0,0.0,0.0,0.0,0.0,0.0,0.0,0.0,0.0,1.0,0.0,0.0,0.0,-65.52,-38.0,128.2,1.5,0.195,361.0,1.0,0.0221606648199446,0.0526315789473684,0.077562326869806
0.0,0.0,0.0,0.0,0.0,0.0,0.0,0.0,0.0,0.0,0.0,0.0,0.0,1.0,0.0,0.0,0.0,0.0,0.0,0.0,0.0,0.0,0.0,1.0,0.0,0.0,0.0,-64.72,-30.72,72.6,1.5,0.195,361.0,1.0,0.0193905817174515,0.0332409972299169,0.0554016620498614
0.0,0.0,0.0,0.0,0.0,0.0,0.0,0.0,0.0,0.0,0.0,0.0,0.0,1.0,0.0,0.0,0.0,0.0,0.0,0.0,0.0,0.0,0.0,1.0,0.0,0.0,0.0,-86.66,-28.3,125.1,1.5,0.195,361.0,1.0,0.0221606648199446,0.0415512465373961,0.0664819944598338
0.0,0.0,0.0,0.0,0.0,0.0,0.0,0.0,0.0,0.0,0.0,0.0,0.0,0.0,0.0,0.0,1.0,0.0,0.0,0.0,0.0,0.0,0.0,0.0,0.0,1.0,0.0,-80.18,360.0,106.7,1.5,0.195,361.0,1.0,0.0166204986149584,0.0249307479224376,0.0443213296398892
