1.0,0.0,0.0,0.0,0.0,0.0,0.0,0.0,0.0,0.0,0.0,0.0,0.0,0.0,0.0,0.0,0.0,0.0,0.0,0.0,0.0,0.0,0.0,0.0,0.0,1.0,0.0,360.0,143.66,50.1,1.3,0.195,1100.0,1.0,0.0045454545454545,0.0118181818181818,0.0172727272727272
0.0,0.0,0.0,0.0,0.0,0.0,0.0,0.0,0.0,0.0,0.0,1.0,0.0,0.0,0.0,0.0,0.0,0.0,0.0,0.0,0.0,0.0,0.0,0.0,0.0,1.0,0.0,-104.16,138.5,72.4,1.3,0.195,1100.0,1.0,0.0081818181818181,0.0154545454545454,0.0245454545454545
0.0,0.0,0.0,0.0,0.0,0.0,0.0,0.0,0.0,0.0,0.0,0.0,0.0,0.0,0.0,0.0,0.0,0.0,0.0,1.0,0.0,0.0,0.0,0.0,1.0,0.0,0.0,-121.82,153.68,6.3,1.3,0.195,1100.0,1.0,0.0072727272727272,0.0209090909090909,0.029090909090909
0.0,0.0,0.0,0.0,0.0,0.0,0.0,0.0,0.0,0.0,0.0,0.0,0.0,0.0,0.0,0.0,0.0,0.0,1.0,0.0,0.0,0.0,0.0,0.0,1.0,0.0,0.0,-140.33,175.31,20.4,1.3,0.195,1100.0,1.0,0.0072727272727272,0.0218181818181818,0.03
0.0,0.0,0.0,0.0,0.0,0.0,0.0,0.0,0.0,1.0,0.0,0.0,0.0,0.0,0.0,0.0,0.0,0.0,0.0,0.0,0.0,0.0,0.0,0.0,1.0,0.0,0.0,-141.73,134.99,4.0,1.3,0.195,1100.0,1.0,0.0072727272727272,0.02,0.0281818181818181
0.0,0.0,0.0,0.0,0.0,0.0,0.0,0.0,0.0,0.0,0.0,0.0,0.0,0.0,0.0,0.0,0.0,0.0,0.0,1.0,0.0,0.0,0.0,0.0,1.0,0.0,0.0,-120.17,122.97,6.4,1.3,0.195,1100.0,1.0,0.0072727272727272,0.0181818181818181,0.0263636363636363
0.0,0.0,0.0,0.0,0.0,0.0,0.0,0.0,1.0,0.0,0.0,0.0,0.0,0.0,0.0,0.0,0.0,0.0,0.0,0.0,0.0,0.0,0.0,0.0,1.0,0.0,0.0,-87.5,136.52,53.5,1.3,0.195,1100.0,1.0,0.0072727272727272,0.0172727272727272,0.0254545454545454
0.0,0.0,0.0,0.0,0.0,0.0,0.0,0.0,0.0,0.0,0.0,0.0,0.0,0.0,0.0,1.0,0.0,0.0,0.0,0.0,0.0,0.0,0.0,0.0,1.0,0.0,0.0,-145.18,129.04,9.8,1.3,0.195,1100.0,1.0,0.0072727272727272,0.0145454545454545,0.0227272727272727
0.0,0.0,0.0,1.0,0.0,0.0,0.0,0.0,0.0,0.0,0.0,0.0,0.0,0.0,0.0,0.0,0.0,0.0,0.0,0.0,0.0,0.0,0.0,0.0,0.0,0.0,1.0,-81.32,118.56,64.4,1.3,0.195,1100.0,1.0,0.0081818181818181,0.0172727272727272,0.0263636363636363
0.0,0.0,0.0,0.0,0.0,0.0,0.0,0.0,0.0,0.0,0.0,0.0,1.0,0.0,0.0,0.0,0.0,0.0,0.0,0.0,0.0,0.0,0.0,0.0,0.0,0.0,1.0,-53.27,-28.41,32.2,1.3,0.195,1100.0,1.0,0.0081818181818181,0.0181818181818181,0.0272727272727272
0.0,0.0,0.0,0.0,1.0,0.0,0.0,0.0,0.0,0.0,0.0,0.0,0.0,0.0,0.0,0.0,0.0,0.0,0.0,0.0,0.0,0.0,0.0,0.0,0.0,0.0,1.0,-66.66,-31.43,172.4,1.3,0.195,1100.0,1.0,0.0072727272727272,0.0136363636363636,0.0218181818181818
0.0,0.0,0.0,0.0,0.0,0.0,0.0,0.0,1.0,0.0,0.0,0.0,0.0,0.0,0.0,0.0,0.0,0.0,0.0,0.0,0.0,0.0,0.0,0.0,0.0,0.0,1.0,-94.37,-52.39,154.5,1.3,0.195,1100.0,1.0,0.0072727272727272,0.0109090909090909,0.019090909090909
0.0,0.0,0.0,0.0,0.0,0.0,0.0,0.0,0.0,0.0,0.0,0.0,0.0,0.0,0.0,0.0,0.0,0.0,1.0,0.0,0.0,0.0,0.0,0.0,0.0,0.0,1.0,-144.73,103.19,72.0,1.3,0.195,1100.0,1.0,0.0072727272727272,0.0172727272727272,0.0254545454545454
0.0,0.0,0.0,0.0,0.0,0.0,0.0,0.0,0.0,0.0,0.0,0.0,0.0,0.0,0.0,1.0,0.0,0.0,0.0,0.0,0.0,0.0,0.0,0.0,0.0,0.0,1.0,-92.08,165.36,42.4,1.3,0.195,1100.0,1.0,0.0072727272727272,0.0163636363636363,0.0245454545454545
0.0,0.0,0.0,0.0,0.0,0.0,0.0,0.0,0.0,0.0,0.0,0.0,0.0,0.0,0.0,0.0,0.0,0.0,1.0,0.0,0.0,0.0,0.0,0.0,0.0,1.0,0.0,-59.11,-38.47,13.6,1.3,0.195,1100.0,1.0,0.0072727272727272,0.0227272727272727,0.0309090909090909
0.0,0.0,0.0,1.0,0.0,0.0,0.0,0.0,0.0,0.0,0.0,0.0,0.0,0.0,0.0,0.0,0.0,0.0,0.0,0.0,0.0,0.0,1.0,0.0,0.0,0.0,0.0,-61.47,360.0,137.1,1.3,0.195,1100.0,1.0,0.0063636363636363,0.0154545454545454,0.0227272727272727
0.0,0.0,0.0,0.0,0.0,0.0,0.0,0.0,0.0,0.0,0.0,0.0,0.0,1.0,0.0,0.0,0.0,0.0,0.0,0.0,0.0,0.0,1.0,0.0,0.0,0.0,0.0,360.0,-48.19,3.8,1.3,0.195,1100.0,1.0,0.0054545454545454,0.02,0.0263636363636363
0.0,0.0,0.0,0.0,0.0,0.0,0.0,0.0,1.0,0.0,0.0,0.0,0.0,0.0,0.0,0.0,0.0,0.0,0.0,0.0,0.0,0.0,1.0,0.0,0.0,0.0,0.0,-61.98,-35.3,65.8,1.3,0.195,1100.0,1.0,0.0072727272727272,0.0136363636363636,0.0218181818181818
1.0,0.0,0.0,0.0,0.0,0.0,0.0,0.0,0.0,0.0,0.0,0.0,0.0,0.0,0.0,0.0,0.0,0.0,0.0,0.0,0.0,0.0,1.0,0.0,0.0,0.0,0.0,-62.6,-26.25,93.6,1.3,0.195,1100.0,1.0,0.0063636363636363,0.01,0.0172727272727272
0.0,0.0,0.0,0.0,0.0,0.0,0.0,0.0,1.0,0.0,0.0,0.0,0.0,0.0,0.0,0.0,0.0,0.0,0.0,0.0,0.0,0.0,1.0,0.0,0.0,0.0,0.0,-70.95,-21.97,71.8,1.3,0.195,1100.0,1.0,0.0072727272727272,0.0136363636363636,0.0218181818181818
0.0,0.0,0.0,0.0,0.0,1.0,0.0,0.0,0.0,0.0,0.0,0.0,0.0,0.0,0.0,0.0,0.0,0.0,0.0,0.0,0.0,0.0,1.0,0.0,0.0,0.0,0.0,58.96,-149.77,32.6,1.3,0.195,1100.0,1.0,0.0054545454545454,0.0118181818181818,0.0181818181818181
0.0,0.0,0.0,1.0,0.0,0.0,0.0,0.0,0.0,0.0,0.0,0.0,0.0,0.0,0.0,0.0,0.0,0.0,0.0,0.0,0.0,0.0,1.0,0.0,0.0,0.0,0.0,-61.26,-19.8,143.5,1.3,0.195,1100.0,1.0,0.0072727272727272,0.0136363636363636,0.0218181818181818
0.0,0.0,0.0,0.0,0.0,0.0,0.0,0.0,0.0,0.0,0.0,0.0,0.0,0.0,0.0,0.0,1.0,0.0,0.0,0.0,0.0,0.0,1.0,0.0,0.0,0.0,0.0,-63.78,-31.52,92.2,1.3,0.195,1100.0,1.0,0.0081818181818181,0.0127272727272727,0.0218181818181818
0.0,0.0,0.0,0.0,0.0,1.0,0.0,0.0,0.0,0.0,0.0,0.0,0.0,0.0,0.0,0.0,0.0,0.0,0.0,0.0,0.0,0.0,0.0,0.0,0.0,1.0,0.0,75.1,-172.26,1.5,1.3,0.195,1100.0,1.0,0.0054545454545454,0.019090909090909,0.0254545454545454
0.0,0.0,0.0,1.0,0.0,0.0,0.0,0.0,0.0,0.0,0.0,0.0,0.0,0.0,0.0,0.0,0.0,0.0,0.0,0.0,0.0,0.0,0.0,0.0,1.0,0.0,0.0,-140.87,130.5,41.7,1.3,0.195,1100.0,1.0,0.0072727272727272,0.0145454545454545,0.0227272727272727
0.0,0.0,0.0,1.0,0.0,0.0,0.0,0.0,0.0,0.0,0.0,0.0,0.0,0.0,0.0,0.0,0.0,0.0,0.0,0.0,0.0,0.0,0.0,0.0,1.0,0.0,0.0,-68.82,128.94,41.0,1.3,0.195,1100.0,1.0,0.0072727272727272,0.019090909090909,0.0272727272727272
0.0,0.0,0.0,0.0,0.0,0.0,0.0,0.0,0.0,0.0,0.0,0.0,0.0,0.0,0.0,0.0,0.0,0.0,1.0,0.0,0.0,0.0,0.0,0.0,0.0,0.0,1.0,-86.43,68.92,23.9,1.3,0.195,1100.0,1.0,0.0072727272727272,0.019090909090909,0.0272727272727272
0.0,0.0,0.0,0.0,0.0,0.0,0.0,0.0,0.0,0.0,0.0,0.0,0.0,0.0,0.0,0.0,1.0,0.0,0.0,0.0,0.0,0.0,0.0,0.0,0.0,0.0,1.0,-77.46,167.43,53.5,1.3,0.195,1100.0,1.0,0.0081818181818181,0.0136363636363636,0.0227272727272727
0.0,0.0,0.0,0.0,0.0,1.0,0.0,0.0,0.0,0.0,0.0,0.0,0.0,0.0,0.0,0.0,0.0,0.0,0.0,0.0,0.0,0.0,0.0,0.0,0.0,1.0,0.0,87.05,-4.21,47.5,1.3,0.195,1100.0,1.0,0.0054545454545454,0.0127272727272727,0.019090909090909
0.0,0.0,0.0,0.0,0.0,0.0,0.0,0.0,0.0,0.0,0.0,0.0,0.0,0.0,0.0,0.0,0.0,1.0,0.0,0.0,0.0,0.0,0.0,0.0,0.0,1.0,0.0,-75.03,121.44,14.8,1.3,0.195,1100.0,1.0,0.0081818181818181,0.009090909090909,0.0181818181818181
0.0,0.0,0.0,0.0,0.0,0.0,0.0,0.0,0.0,0.0,0.0,0.0,0.0,0.0,1.0,0.0,0.0,0.0,0.0,0.0,0.0,0.0,0.0,0.0,0.0,1.0,0.0,-128.0,45.66,104.9,1.3,0.195,1100.0,1.0,0.0072727272727272,0.0172727272727272,0.0254545454545454
0.0,0.0,0.0,0.0,0.0,0.0,0.0,0.0,0.0,0.0,0.0,1.0,0.0,0.0,0.0,0.0,0.0,0.0,0.0,0.0,0.0,0.0,0.0,0.0,0.0,1.0,0.0,-132.46,125.23,31.2,1.3,0.195,1100.0,1.0,0.0072727272727272,0.0136363636363636,0.0218181818181818
0.0,0.0,0.0,0.0,0.0,0.0,0.0,0.0,0.0,0.0,0.0,0.0,0.0,0.0,0.0,0.0,0.0,0.0,0.0,1.0,0.0,0.0,0.0,1.0,0.0,0.0,0.0,-59.72,-45.09,116.1,1.3,0.195,1100.0,1.0,0.0072727272727272,0.0209090909090909,0.029090909090909
0.0,0.0,0.0,0.0,0.0,0.0,0.0,0.0,0.0,0.0,0.0,0.0,0.0,1.0,0.0,0.0,0.0,0.0,0.0,0.0,0.0,0.0,0.0,1.0,0.0,0.0,0.0,-63.68,-42.09,92.9,1.3,0.195,1100.0,1.0,0.009090909090909,0.0163636363636363,0.0263636363636363
1.0,0.0,0.0,0.0,0.0,0.0,0.0,0.0,0.0,0.0,0.0,0.0,0.0,0.0,0.0,0.0,0.0,0.0,0.0,0.0,0.0,0.0,0.0,1.0,0.0,0.0,0.0,-64.21,-42.77,4.3,1.3,0.195,1100.0,1.0,0.0063636363636363,0.0263636363636363,0.0336363636363636
0.0,0.0,0.0,0.0,0.0,0.0,0.0,0.0,0.0,0.0,0.0,0.0,0.0,0.0,1.0,0.0,0.0,0.0,0.0,0.0,0.0,0.0,0.0,1.0,0.0,0.0,0.0,-60.84,-45.53,35.7,1.3,0.195,1100.0,1.0,0.0072727272727272,0.0163636363636363,0.0245454545454545
0.0,0.0,0.0,0.0,0.0,0.0,0.0,0.0,0.0,0.0,0.0,1.0,0.0,0.0,0.0,0.0,0.0,0.0,0.0,0.0,0.0,0.0,0.0,1.0,0.0,0.0,0.0,-65.29,-32.01,60.1,1.3,0.195,1100.0,1.0,0.0081818181818181,0.019090909090909,0.0281818181818181
0.0,0.0,0.0,0.0,0.0,0.0,0.0,0.0,0.0,0.0,0.0,1.0,0.0,0.0,0.0,0.0,0.0,0.0,0.0,0.0,0.0,0.0,0.0,1.0,0.0,0.0,0.0,-65.57,360.0,27.5,1.3,0.195,1100.0,1.0,0.0072727272727272,0.0145454545454545,0.0227272727272727
0.0,0.0,0.0,0.0,0.0,0.0,0.0,0.0,0.0,0.0,0.0,0.0,0.0,0.0,1.0,0.0,0.0,0.0,0.0,0.0,0.0,0.0,0.0,0.0,0.0,1.0,0.0,360.0,-21.72,123.3,1.3,0.195,1100.0,1.0,0.0054545454545454,0.0109090909090909,0.0172727272727272
1.0,0.0,0.0,0.0,0.0,0.0,0.0,0.0,0.0,0.0,0.0,0.0,0.0,0.0,0.0,0.0,0.0,0.0,0.0,0.0,0.0,0.0,0.0,0.0,0.0,1.0,0.0,-87.63,360.0,55.4,1.3,0.195,1100.0,1.0,0.0054545454545454,0.0072727272727272,0.0136363636363636
0.0,0.0,0.0,0.0,0.0,0.0,0.0,0.0,1.0,0.0,0.0,0.0,0.0,0.0,0.0,0.0,0.0,0.0,0.0,0.0,0.0,0.0,0.0,0.0,0.0,0.0,1.0,360.0,159.01,120.7,1.3,0.195,1100.0,1.0,0.0054545454545454,0.009090909090909,0.0154545454545454
0.0,0.0,0.0,0.0,0.0,0.0,0.0,1.0,0.0,0.0,0.0,0.0,0.0,0.0,0.0,0.0,0.0,0.0,0.0,0.0,0.0,0.0,0.0,0.0,0.0,0.0,1.0,-58.3,132.76,85.8,1.3,0.195,1100.0,1.0,0.0081818181818181,0.0109090909090909,0.02
0.0,0.0,0.0,0.0,0.0,1.0,0.0,0.0,0.0,0.0,0.0,0.0,0.0,0.0,0.0,0.0,0.0,0.0,0.0,0.0,0.0,0.0,0.0,0.0,0.0,0.0,1.0,93.98,-14.18,14.2,1.3,0.195,1100.0,1.0,0.0054545454545454,0.0163636363636363,0.0227272727272727
0.0,0.0,1.0,0.0,0.0,0.0,0.0,0.0,0.0,0.0,0.0,0.0,0.0,0.0,0.0,0.0,0.0,0.0,0.0,0.0,0.0,0.0,0.0,0.0,1.0,0.0,0.0,-58.64,133.96,1.2,1.3,0.195,1100.0,1.0,0.0081818181818181,0.0209090909090909,0.03
0.0,0.0,0.0,0.0,0.0,0.0,0.0,0.0,1.0,0.0,0.0,0.0,0.0,0.0,0.0,0.0,0.0,0.0,0.0,0.0,0.0,0.0,0.0,0.0,1.0,0.0,0.0,-96.74,153.14,23.7,1.3,0.195,1100.0,1.0,0.0072727272727272,0.0181818181818181,0.0263636363636363
0.0,0.0,0.0,0.0,0.0,1.0,0.0,0.0,0.0,0.0,0.0,0.0,0.0,0.0,0.0,0.0,0.0,0.0,0.0,0.0,0.0,0.0,0.0,0.0,1.0,0.0,0.0,-160.11,171.76,0.0,1.3,0.195,1100.0,1.0,0.0063636363636363,0.0181818181818181,0.0254545454545454
0.0,0.0,0.0,0.0,1.0,0.0,0.0,0.0,0.0,0.0,0.0,0.0,0.0,0.0,0.0,0.0,0.0,0.0,0.0,0.0,0.0,0.0,0.0,0.0,1.0,0.0,0.0,-95.04,140.77,5.8,1.3,0.195,1100.0,1.0,0.0072727272727272,0.019090909090909,0.0272727272727272
0.0,0.0,0.0,0.0,1.0,0.0,0.0,0.0,0.0,0.0,0.0,0.0,0.0,0.0,0.0,0.0,0.0,0.0,0.0,0.0,0.0,0.0,0.0,0.0,1.0,0.0,0.0,-102.34,114.24,0.0,1.3,0.195,1100.0,1.0,0.0072727272727272,0.0145454545454545,0.0227272727272727
0.0,0.0,0.0,0.0,0.0,0.0,0.0,0.0,0.0,0.0,0.0,0.0,0.0,0.0,0.0,0.0,0.0,0.0,0.0,1.0,0.0,0.0,0.0,0.0,1.0,0.0,0.0,-115.63,126.43,7.4,1.3,0.195,1100.0,1.0,0.0072727272727272,0.02,0.0281818181818181
0.0,0.0,0.0,0.0,0.0,0.0,1.0,0.0,0.0,0.0,0.0,0.0,0.0,0.0,0.0,0.0,0.0,0.0,0.0,0.0,0.0,0.0,0.0,0.0,1.0,0.0,0.0,-80.24,116.01,25.7,1.3,0.195,1100.0,1.0,0.0072727272727272,0.0218181818181818,0.03
0.0,0.0,0.0,0.0,0.0,0.0,0.0,0.0,0.0,0.0,0.0,0.0,0.0,0.0,0.0,1.0,0.0,0.0,0.0,0.0,0.0,0.0,0.0,0.0,0.0,0.0,1.0,-105.35,160.82,16.8,1.3,0.195,1100.0,1.0,0.0072727272727272,0.0209090909090909,0.029090909090909
0.0,0.0,0.0,0.0,0.0,0.0,0.0,0.0,0.0,0.0,0.0,1.0,0.0,0.0,0.0,0.0,0.0,0.0,0.0,0.0,0.0,0.0,0.0,0.0,0.0,0.0,1.0,75.56,-62.17,112.8,1.3,0.195,1100.0,1.0,0.0081818181818181,0.0109090909090909,0.02
0.0,0.0,0.0,1.0,0.0,0.0,0.0,0.0,0.0,0.0,0.0,0.0,0.0,0.0,0.0,0.0,0.0,0.0,0.0,0.0,0.0,0.0,0.0,0.0,0.0,0.0,1.0,-118.82,157.68,103.8,1.3,0.195,1100.0,1.0,0.0072727272727272,0.0145454545454545,0.0227272727272727
0.0,0.0,0.0,0.0,0.0,1.0,0.0,0.0,0.0,0.0,0.0,0.0,0.0,0.0,0.0,0.0,0.0,0.0,0.0,0.0,0.0,0.0,0.0,0.0,0.0,0.0,1.0,84.33,-63.88,54.6,1.3,0.195,1100.0,1.0,0.0054545454545454,0.0118181818181818,0.0181818181818181
0.0,0.0,0.0,0.0,0.0,0.0,0.0,0.0,0.0,1.0,0.0,0.0,0.0,0.0,0.0,0.0,0.0,0.0,0.0,0.0,0.0,0.0,0.0,0.0,0.0,0.0,1.0,56.34,48.54,72.9,1.3,0.195,1100.0,1.0,0.0072727272727272,0.0172727272727272,0.0254545454545454
0.0,0.0,1.0,0.0,0.0,0.0,0.0,0.0,0.0,0.0,0.0,0.0,0.0,0.0,0.0,0.0,0.0,0.0,0.0,0.0,0.0,0.0,0.0,0.0,1.0,0.0,0.0,-151.94,156.57,36.7,1.3,0.195,1100.0,1.0,0.0081818181818181,0.0209090909090909,0.03
0.0,0.0,0.0,0.0,0.0,0.0,0.0,0.0,0.0,0.0,0.0,0.0,0.0,0.0,0.0,0.0,0.0,1.0,0.0,0.0,0.0,0.0,0.0,0.0,1.0,0.0,0.0,-84.0,114.25,11.6,1.3,0.195,1100.0,1.0,0.0081818181818181,0.0172727272727272,0.0263636363636363
0.0,0.0,0.0,0.0,0.0,0.0,0.0,0.0,0.0,0.0,0.0,0.0,0.0,0.0,0.0,0.0,0.0,1.0,0.0,0.0,0.0,0.0,0.0,0.0,1.0,0.0,0.0,-108.09,-11.84,19.3,1.3,0.195,1100.0,1.0,0.0081818181818181,0.0118181818181818,0.0209090909090909
0.0,0.0,0.0,0.0,0.0,1.0,0.0,0.0,0.0,0.0,0.0,0.0,0.0,0.0,0.0,0.0,0.0,0.0,0.0,0.0,0.0,0.0,0.0,0.0,1.0,0.0,0.0,-167.72,173.21,3.4,1.3,0.195,1100.0,1.0,0.0054545454545454,0.0218181818181818,0.0281818181818181
0.0,0.0,0.0,0.0,0.0,0.0,0.0,1.0,0.0,0.0,0.0,0.0,0.0,0.0,0.0,0.0,0.0,0.0,0.0,0.0,0.0,0.0,0.0,0.0,1.0,0.0,0.0,-116.75,137.36,4.2,1.3,0.195,1100.0,1.0,0.0081818181818181,0.0163636363636363,0.0254545454545454
0.0,0.0,0.0,0.0,0.0,0.0,0.0,0.0,0.0,0.0,0.0,0.0,0.0,0.0,0.0,0.0,0.0,1.0,0.0,0.0,0.0,0.0,0.0,0.0,1.0,0.0,0.0,-125.14,172.9,0.0,1.3,0.195,1100.0,1.0,0.0081818181818181,0.0181818181818181,0.0272727272727272
0.0,0.0,0.0,1.0,0.0,0.0,0.0,0.0,0.0,0.0,0.0,0.0,0.0,0.0,0.0,0.0,0.0,0.0,0.0,0.0,0.0,0.0,0.0,0.0,1.0,0.0,0.0,-140.49,151.96,39.5,1.3,0.195,1100.0,1.0,0.0072727272727272,0.02,0.0281818181818181
0.0,0.0,0.0,0.0,0.0,0.0,0.0,0.0,0.0,0.0,0.0,0.0,0.0,0.0,0.0,0.0,0.0,1.0,0.0,0.0,0.0,0.0,0.0,0.0,1.0,0.0,0.0,-77.31,127.84,5.7,1.3,0.195,1100.0,1.0,0.0081818181818181,0.0154545454545454,0.0245454545454545
0.0,1.0,0.0,0.0,0.0,0.0,0.0,0.0,0.0,0.0,0.0,0.0,0.0,0.0,0.0,0.0,0.0,0.0,0.0,0.0,0.0,0.0,0.0,0.0,1.0,0.0,0.0,-118.02,2.04,31.1,1.3,0.195,1100.0,1.0,0.0072727272727272,0.0154545454545454,0.0236363636363636
1.0,0.0,0.0,0.0,0.0,0.0,0.0,0.0,0.0,0.0,0.0,0.0,0.0,0.0,0.0,0.0,0.0,0.0,0.0,0.0,0.0,0.0,0.0,0.0,1.0,0.0,0.0,-155.78,129.98,23.3,1.3,0.195,1100.0,1.0,0.0063636363636363,0.0127272727272727,0.02
0.0,0.0,0.0,0.0,0.0,0.0,0.0,0.0,0.0,1.0,0.0,0.0,0.0,0.0,0.0,0.0,0.0,0.0,0.0,0.0,0.0,0.0,0.0,0.0,1.0,0.0,0.0,-69.75,162.65,103.6,1.3,0.195,1100.0,1.0,0.0072727272727272,0.0118181818181818,0.02
0.0,0.0,0.0,0.0,0.0,0.0,0.0,0.0,0.0,0.0,0.0,0.0,0.0,0.0,0.0,1.0,0.0,0.0,0.0,0.0,0.0,0.0,0.0,0.0,1.0,0.0,0.0,-47.21,129.51,43.3,1.3,0.195,1100.0,1.0,0.0072727272727272,0.0163636363636363,0.0245454545454545
0.0,0.0,0.0,0.0,0.0,0.0,1.0,0.0,0.0,0.0,0.0,0.0,0.0,0.0,0.0,0.0,0.0,0.0,0.0,0.0,0.0,0.0,0.0,0.0,1.0,0.0,0.0,-147.95,163.17,56.7,1.3,0.195,1100.0,1.0,0.0072727272727272,0.0163636363636363,0.0245454545454545
0.0,0.0,0.0,0.0,0.0,0.0,0.0,0.0,0.0,0.0,0.0,0.0,1.0,0.0,0.0,0.0,0.0,0.0,0.0,0.0,0.0,0.0,0.0,0.0,1.0,0.0,0.0,-50.12,134.95,93.9,1.3,0.195,1100.0,1.0,0.0081818181818181,0.0127272727272727,0.0218181818181818
0.0,0.0,1.0,0.0,0.0,0.0,0.0,0.0,0.0,0.0,0.0,0.0,0.0,0.0,0.0,0.0,0.0,0.0,0.0,0.0,0.0,0.0,0.0,0.0,0.0,0.0,1.0,-71.56,116.32,3.8,1.3,0.195,1100.0,1.0,0.0081818181818181,0.019090909090909,0.0281818181818181
0.0,0.0,0.0,0.0,0.0,0.0,0.0,0.0,0.0,0.0,0.0,0.0,0.0,0.0,0.0,1.0,0.0,0.0,0.0,0.0,0.0,0.0,0.0,0.0,0.0,0.0,1.0,-58.02,-15.58,83.4,1.3,0.195,1100.0,1.0,0.0072727272727272,0.0136363636363636,0.0218181818181818
0.0,0.0,0.0,0.0,0.0,0.0,0.0,0.0,0.0,0.0,0.0,0.0,0.0,0.0,0.0,0.0,1.0,0.0,0.0,0.0,0.0,0.0,0.0,0.0,0.0,0.0,1.0,-99.1,0.39,72.3,1.3,0.195,1100.0,1.0,0.0081818181818181,0.0118181818181818,0.0209090909090909
1.0,0.0,0.0,0.0,0.0,0.0,0.0,0.0,0.0,0.0,0.0,0.0,0.0,0.0,0.0,0.0,0.0,0.0,0.0,0.0,0.0,0.0,0.0,0.0,0.0,0.0,1.0,-93.74,22.14,4.4,1.3,0.195,1100.0,1.0,0.0063636363636363,0.019090909090909,0.0263636363636363
0.0,0.0,0.0,1.0,0.0,0.0,0.0,0.0,0.0,0.0,0.0,0.0,0.0,0.0,0.0,0.0,0.0,0.0,0.0,0.0,0.0,0.0,0.0,0.0,0.0,0.0,1.0,38.51,57.49,150.2,1.3,0.195,1100.0,1.0,0.0072727272727272,0.0109090909090909,0.019090909090909
0.0,0.0,0.0,0.0,0.0,1.0,0.0,0.0,0.0,0.0,0.0,0.0,0.0,0.0,0.0,0.0,0.0,0.0,0.0,0.0,0.0,0.0,0.0,0.0,0.0,0.0,1.0,58.6,28.82,76.5,1.3,0.195,1100.0,1.0,0.0054545454545454,0.0081818181818181,0.0145454545454545
0.0,0.0,1.0,0.0,0.0,0.0,0.0,0.0,0.0,0.0,0.0,0.0,0.0,0.0,0.0,0.0,0.0,0.0,0.0,0.0,0.0,0.0,0.0,0.0,0.0,0.0,1.0,-68.99,-177.31,62.2,1.3,0.195,1100.0,1.0,0.0081818181818181,0.0127272727272727,0.0218181818181818
0.0,0.0,0.0,0.0,0.0,0.0,0.0,0.0,0.0,1.0,0.0,0.0,0.0,0.0,0.0,0.0,0.0,0.0,0.0,0.0,0.0,0.0,0.0,0.0,0.0,0.0,1.0,-116.03,-31.74,151.4,1.3,0.195,1100.0,1.0,0.0072727272727272,0.0109090909090909,0.019090909090909
0.0,0.0,0.0,0.0,0.0,0.0,0.0,0.0,1.0,0.0,0.0,0.0,0.0,0.0,0.0,0.0,0.0,0.0,0.0,0.0,0.0,0.0,0.0,0.0,0.0,0.0,1.0,-91.63,-2.36,92.7,1.3,0.195,1100.0,1.0,0.0072727272727272,0.0109090909090909,0.019090909090909
0.0,0.0,0.0,0.0,0.0,0.0,0.0,0.0,0.0,0.0,0.0,0.0,0.0,0.0,0.0,0.0,0.0,0.0,1.0,0.0,0.0,0.0,0.0,0.0,0.0,0.0,1.0,-111.47,109.47,30.5,1.3,0.195,1100.0,1.0,0.0072727272727272,0.019090909090909,0.0272727272727272
0.0,0.0,1.0,0.0,0.0,0.0,0.0,0.0,0.0,0.0,0.0,0.0,0.0,0.0,0.0,0.0,0.0,0.0,0.0,0.0,0.0,0.0,0.0,0.0,1.0,0.0,0.0,-133.44,165.96,25.5,1.3,0.195,1100.0,1.0,0.0072727272727272,0.0181818181818181,0.0263636363636363
0.0,1.0,0.0,0.0,0.0,0.0,0.0,0.0,0.0,0.0,0.0,0.0,0.0,0.0,0.0,0.0,0.0,0.0,0.0,0.0,0.0,0.0,0.0,0.0,1.0,0.0,0.0,-159.81,166.62,9.5,1.3,0.195,1100.0,1.0,0.0072727272727272,0.0136363636363636,0.0218181818181818
0.0,0.0,0.0,0.0,0.0,0.0,0.0,0.0,0.0,0.0,0.0,0.0,0.0,0.0,0.0,0.0,0.0,1.0,0.0,0.0,0.0,0.0,0.0,0.0,1.0,0.0,0.0,-96.44,177.83,27.9,1.3,0.195,1100.0,1.0,0.0081818181818181,0.0154545454545454,0.0245454545454545
0.0,0.0,1.0,0.0,0.0,0.0,0.0,0.0,0.0,0.0,0.0,0.0,0.0,0.0,0.0,0.0,0.0,0.0,0.0,0.0,0.0,0.0,0.0,0.0,1.0,0.0,0.0,-117.94,141.98,35.1,1.3,0.195,1100.0,1.0,0.0081818181818181,0.0209090909090909,0.03
0.0,0.0,0.0,0.0,0.0,0.0,0.0,1.0,0.0,0.0,0.0,0.0,0.0,0.0,0.0,0.0,0.0,0.0,0.0,0.0,0.0,0.0,0.0,0.0,1.0,0.0,0.0,-129.23,158.2,0.0,1.3,0.195,1100.0,1.0,0.0081818181818181,0.0154545454545454,0.0245454545454545
0.0,0.0,0.0,0.0,0.0,0.0,0.0,0.0,0.0,0.0,0.0,0.0,0.0,0.0,1.0,0.0,0.0,0.0,0.0,0.0,0.0,0.0,0.0,0.0,1.0,0.0,0.0,-141.43,155.3,69.6,1.3,0.195,1100.0,1.0,0.0072727272727272,0.0163636363636363,0.0245454545454545
1.0,0.0,0.0,0.0,0.0,0.0,0.0,0.0,0.0,0.0,0.0,0.0,0.0,0.0,0.0,0.0,0.0,0.0,0.0,0.0,0.0,0.0,0.0,0.0,1.0,0.0,0.0,-67.24,144.32,28.4,1.3,0.195,1100.0,1.0,0.0063636363636363,0.0154545454545454,0.0227272727272727
0.0,0.0,0.0,0.0,0.0,0.0,0.0,0.0,0.0,0.0,0.0,0.0,0.0,0.0,0.0,0.0,0.0,1.0,0.0,0.0,0.0,0.0,0.0,0.0,1.0,0.0,0.0,-113.75,-52.94,54.0,1.3,0.195,1100.0,1.0,0.0081818181818181,0.01,0.019090909090909
0.0,1.0,0.0,0.0,0.0,0.0,0.0,0.0,0.0,0.0,0.0,0.0,0.0,0.0,0.0,0.0,0.0,0.0,0.0,0.0,0.0,0.0,0.0,0.0,1.0,0.0,0.0,-166.77,160.3,41.3,1.3,0.195,1100.0,1.0,0.0072727272727272,0.0118181818181818,0.02
0.0,0.0,1.0,0.0,0.0,0.0,0.0,0.0,0.0,0.0,0.0,0.0,0.0,0.0,0.0,0.0,0.0,0.0,0.0,0.0,0.0,0.0,0.0,0.0,0.0,1.0,0.0,-78.47,360.0,83.5,1.3,0.195,1100.0,1.0,0.0072727272727272,0.0127272727272727,0.0209090909090909
0.0,0.0,0.0,0.0,0.0,0.0,0.0,0.0,0.0,0.0,0.0,0.0,1.0,0.0,0.0,0.0,0.0,0.0,0.0,0.0,0.0,0.0,0.0,0.0,0.0,1.0,0.0,360.0,-53.59,72.1,1.3,0.195,1100.0,1.0,0.0063636363636363,0.01,0.0172727272727272
0.0,0.0,0.0,0.0,0.0,0.0,0.0,0.0,0.0,0.0,0.0,0.0,0.0,1.0,0.0,0.0,0.0,0.0,0.0,0.0,0.0,0.0,0.0,0.0,0.0,1.0,0.0,-123.99,96.07,117.6,1.3,0.195,1100.0,1.0,0.0081818181818181,0.0127272727272727,0.0218181818181818
0.0,0.0,0.0,0.0,0.0,0.0,0.0,0.0,0.0,0.0,0.0,0.0,1.0,0.0,0.0,0.0,0.0,0.0,0.0,0.0,0.0,0.0,0.0,0.0,0.0,1.0,0.0,-43.22,133.49,73.5,1.3,0.195,1100.0,1.0,0.0081818181818181,0.0109090909090909,0.02
0.0,0.0,0.0,0.0,0.0,0.0,0.0,0.0,0.0,0.0,0.0,0.0,0.0,0.0,0.0,0.0,0.0,1.0,0.0,0.0,0.0,0.0,0.0,0.0,1.0,0.0,0.0,-95.09,115.84,22.4,1.3,0.195,1100.0,1.0,0.0081818181818181,0.0118181818181818,0.0209090909090909
0.0,0.0,0.0,0.0,0.0,0.0,0.0,0.0,0.0,0.0,0.0,0.0,0.0,0.0,0.0,1.0,0.0,0.0,0.0,0.0,0.0,0.0,0.0,0.0,1.0,0.0,0.0,-73.39,153.14,36.2,1.3,0.195,1100.0,1.0,0.0072727272727272,0.0154545454545454,0.0236363636363636
0.0,0.0,0.0,0.0,0.0,0.0,0.0,0.0,0.0,1.0,0.0,0.0,0.0,0.0,0.0,0.0,0.0,0.0,0.0,0.0,0.0,0.0,0.0,1.0,0.0,0.0,0.0,-61.23,-35.74,30.4,1.3,0.195,1100.0,1.0,0.0072727272727272,0.0172727272727272,0.0254545454545454
0.0,0.0,0.0,0.0,0.0,0.0,0.0,0.0,1.0,0.0,0.0,0.0,0.0,0.0,0.0,0.0,0.0,0.0,0.0,0.0,0.0,0.0,0.0,1.0,0.0,0.0,0.0,-58.71,-47.38,160.4,1.3,0.195,1100.0,1.0,0.0072727272727272,0.0136363636363636,0.0218181818181818
0.0,0.0,1.0,0.0,0.0,0.0,0.0,0.0,0.0,0.0,0.0,0.0,0.0,0.0,0.0,0.0,0.0,0.0,0.0,0.0,0.0,0.0,0.0,1.0,0.0,0.0,0.0,-65.71,-36.32,95.0,1.3,0.195,1100.0,1.0,0.0081818181818181,0.0145454545454545,0.0236363636363636
0.0,0.0,0.0,0.0,0.0,0.0,0.0,0.0,0.0,0.0,0.0,0.0,0.0,0.0,0.0,0.0,0.0,1.0,0.0,0.0,0.0,0.0,0.0,1.0,0.0,0.0,0.0,-63.25,-45.42,7.2,1.3,0.195,1100.0,1.0,0.0081818181818181,0.0145454545454545,0.0236363636363636
0.0,0.0,0.0,0.0,0.0,0.0,0.0,0.0,1.0,0.0,0.0,0.0,0.0,0.0,0.0,0.0,0.0,0.0,0.0,0.0,0.0,0.0,0.0,1.0,0.0,0.0,0.0,-65.22,-21.1,136.8,1.3,0.195,1100.0,1.0,0.0072727272727272,0.0136363636363636,0.0218181818181818
1.0,0.0,0.0,0.0,0.0,0.0,0.0,0.0,0.0,0.0,0.0,0.0,0.0,0.0,0.0,0.0,0.0,0.0,0.0,0.0,0.0,0.0,0.0,1.0,0.0,0.0,0.0,-89.09,-9.83,76.4,1.3,0.195,1100.0,1.0,0.0063636363636363,0.01,0.0172727272727272
0.0,0.0,0.0,0.0,0.0,0.0,0.0,0.0,0.0,0.0,0.0,1.0,0.0,0.0,0.0,0.0,0.0,0.0,0.0,0.0,0.0,0.0,0.0,0.0,0.0,1.0,0.0,-90.92,112.77,34.9,1.3,0.195,1100.0,1.0,0.0081818181818181,0.0145454545454545,0.0236363636363636
0.0,0.0,0.0,0.0,0.0,0.0,0.0,0.0,0.0,0.0,0.0,0.0,1.0,0.0,0.0,0.0,0.0,0.0,0.0,0.0,0.0,0.0,1.0,0.0,0.0,0.0,0.0,-57.44,-27.34,92.7,1.3,0.195,1100.0,1.0,0.0081818181818181,0.0145454545454545,0.0236363636363636
0.0,0.0,0.0,0.0,0.0,0.0,0.0,0.0,1.0,0.0,0.0,0.0,0.0,0.0,0.0,0.0,0.0,0.0,0.0,0.0,0.0,0.0,1.0,0.0,0.0,0.0,0.0,-71.9,-13.61,113.3,1.3,0.195,1100.0,1.0,0.0072727272727272,0.0145454545454545,0.0227272727272727
0.0,0.0,0.0,0.0,0.0,0.0,0.0,0.0,0.0,1.0,0.0,0.0,0.0,0.0,0.0,0.0,0.0,0.0,0.0,0.0,0.0,0.0,1.0,0.0,0.0,0.0,0.0,-109.85,13.05,13.4,1.3,0.195,1100.0,1.0,0.0072727272727272,0.0136363636363636,0.0218181818181818
0.0,0.0,0.0,1.0,0.0,0.0,0.0,0.0,0.0,0.0,0.0,0.0,0.0,0.0,0.0,0.0,0.0,0.0,0.0,0.0,0.0,0.0,0.0,0.0,0.0,1.0,0.0,-58.77,-28.02,142.7,1.3,0.195,1100.0,1.0,0.0072727272727272,0.0136363636363636,0.0218181818181818
0.0,0.0,0.0,0.0,0.0,0.0,0.0,0.0,1.0,0.0,0.0,0.0,0.0,0.0,0.0,0.0,0.0,0.0,0.0,0.0,0.0,0.0,0.0,0.0,0.0,1.0,0.0,-100.47,360.0,180.9,1.3,0.195,1100.0,1.0,0.0063636363636363,0.0072727272727272,0.0145454545454545
0.0,0.0,0.0,0.0,0.0,0.0,0.0,0.0,0.0,0.0,0.0,0.0,0.0,0.0,0.0,1.0,0.0,0.0,0.0,0.0,0.0,0.0,0.0,0.0,0.0,0.0,1.0,360.0,-35.66,18.6,1.3,0.195,1100.0,1.0,0.0054545454545454,0.0163636363636363,0.0227272727272727
0.0,0.0,0.0,0.0,0.0,0.0,0.0,0.0,0.0,1.0,0.0,0.0,0.0,0.0,0.0,0.0,0.0,0.0,0.0,0.0,0.0,0.0,0.0,0.0,0.0,0.0,1.0,-55.03,-32.77,26.8,1.3,0.195,1100.0,1.0,0.0072727272727272,0.0127272727272727,0.0209090909090909
0.0,0.0,0.0,0.0,0.0,0.0,0.0,0.0,0.0,0.0,0.0,0.0,0.0,0.0,0.0,0.0,0.0,1.0,0.0,0.0,0.0,0.0,0.0,0.0,0.0,0.0,1.0,-103.21,-11.1,45.4,1.3,0.195,1100.0,1.0,0.0081818181818181,0.01,0.019090909090909
0.0,0.0,0.0,0.0,0.0,0.0,0.0,0.0,0.0,0.0,0.0,0.0,0.0,0.0,0.0,0.0,1.0,0.0,0.0,0.0,0.0,0.0,0.0,0.0,0.0,0.0,1.0,-103.13,-35.07,88.3,1.3,0.195,1100.0,1.0,0.0081818181818181,0.0118181818181818,0.0209090909090909
0.0,0.0,0.0,0.0,0.0,0.0,0.0,0.0,0.0,0.0,0.0,0.0,0.0,0.0,0.0,1.0,0.0,0.0,0.0,0.0,0.0,0.0,0.0,0.0,0.0,0.0,1.0,-92.99,360.0,62.1,1.3,0.195,1100.0,1.0,0.0063636363636363,0.0072727272727272,0.0145454545454545
0.0,0.0,0.0,0.0,0.0,0.0,0.0,0.0,0.0,0.0,0.0,0.0,0.0,0.0,1.0,0.0,0.0,0.0,0.0,0.0,0.0,0.0,0.0,0.0,0.0,1.0,0.0,360.0,9.69,230.2,1.3,0.195,1100.0,1.0,0.0054545454545454,0.0072727272727272,0.0136363636363636
0.0,0.0,0.0,0.0,0.0,0.0,0.0,0.0,0.0,1.0,0.0,0.0,0.0,0.0,0.0,0.0,0.0,0.0,0.0,0.0,0.0,0.0,0.0,0.0,0.0,0.0,1.0,-94.89,116.02,16.9,1.3,0.195,1100.0,1.0,0.0072727272727272,0.0118181818181818,0.02
0.0,0.0,0.0,0.0,0.0,0.0,0.0,0.0,0.0,0.0,0.0,0.0,0.0,0.0,0.0,1.0,0.0,0.0,0.0,0.0,0.0,0.0,0.0,0.0,0.0,0.0,1.0,-85.76,-19.49,37.5,1.3,0.195,1100.0,1.0,0.0072727272727272,0.0127272727272727,0.0209090909090909
0.0,0.0,0.0,0.0,0.0,0.0,0.0,0.0,0.0,0.0,0.0,0.0,0.0,0.0,0.0,0.0,0.0,1.0,0.0,0.0,0.0,0.0,0.0,0.0,1.0,0.0,0.0,-130.85,117.75,12.4,1.3,0.195,1100.0,1.0,0.0081818181818181,0.0145454545454545,0.0236363636363636
0.0,0.0,0.0,0.0,0.0,0.0,0.0,0.0,0.0,0.0,0.0,0.0,0.0,1.0,0.0,0.0,0.0,0.0,0.0,0.0,0.0,0.0,0.0,0.0,1.0,0.0,0.0,-128.71,159.86,0.8,1.3,0.195,1100.0,1.0,0.0081818181818181,0.02,0.029090909090909
0.0,0.0,0.0,0.0,0.0,0.0,0.0,0.0,0.0,0.0,0.0,0.0,1.0,0.0,0.0,0.0,0.0,0.0,0.0,0.0,0.0,0.0,0.0,0.0,1.0,0.0,0.0,-83.69,158.09,59.1,1.3,0.195,1100.0,1.0,0.0081818181818181,0.0127272727272727,0.0218181818181818
0.0,0.0,0.0,0.0,0.0,0.0,0.0,0.0,0.0,0.0,0.0,0.0,0.0,0.0,0.0,0.0,0.0,1.0,0.0,0.0,0.0,0.0,0.0,0.0,1.0,0.0,0.0,-140.18,125.27,16.9,1.3,0.195,1100.0,1.0,0.0081818181818181,0.0136363636363636,0.0227272727272727
0.0,0.0,0.0,0.0,0.0,0.0,0.0,0.0,0.0,0.0,0.0,0.0,0.0,0.0,0.0,0.0,1.0,0.0,0.0,0.0,0.0,0.0,0.0,0.0,0.0,1.0,0.0,-69.54,159.77,71.3,1.3,0.195,1100.0,1.0,0.0081818181818181,0.0118181818181818,0.0209090909090909
0.0,0.0,0.0,1.0,0.0,0.0,0.0,0.0,0.0,0.0,0.0,0.0,0.0,0.0,0.0,0.0,0.0,0.0,0.0,0.0,0.0,0.0,0.0,1.0,0.0,0.0,0.0,-58.28,-42.87,103.3,1.3,0.195,1100.0,1.0,0.0072727272727272,0.0154545454545454,0.0236363636363636
0.0,0.0,0.0,1.0,0.0,0.0,0.0,0.0,0.0,0.0,0.0,0.0,0.0,0.0,0.0,0.0,0.0,0.0,0.0,0.0,0.0,0.0,0.0,1.0,0.0,0.0,0.0,-64.66,-38.41,118.5,1.3,0.195,1100.0,1.0,0.0072727272727272,0.0172727272727272,0.0254545454545454
0.0,0.0,0.0,1.0,0.0,0.0,0.0,0.0,0.0,0.0,0.0,0.0,0.0,0.0,0.0,0.0,0.0,0.0,0.0,0.0,0.0,0.0,0.0,1.0,0.0,0.0,0.0,-66.1,-41.75,27.9,1.3,0.195,1100.0,1.0,0.0072727272727272,0.019090909090909,0.0272727272727272
0.0,0.0,0.0,0.0,0.0,0.0,0.0,0.0,0.0,0.0,0.0,0.0,0.0,0.0,0.0,0.0,0.0,0.0,0.0,1.0,0.0,0.0,0.0,1.0,0.0,0.0,0.0,-62.06,-48.1,0.0,1.3,0.195,1100.0,1.0,0.0072727272727272,0.02,0.0281818181818181
0.0,0.0,0.0,0.0,0.0,0.0,0.0,0.0,0.0,1.0,0.0,0.0,0.0,0.0,0.0,0.0,0.0,0.0,0.0,0.0,0.0,0.0,0.0,1.0,0.0,0.0,0.0,-64.04,-37.52,29.2,1.3,0.195,1100.0,1.0,0.0072727272727272,0.02,0.0281818181818181
0.0,0.0,0.0,1.0,0.0,0.0,0.0,0.0,0.0,0.0,0.0,0.0,0.0,0.0,0.0,0.0,0.0,0.0,0.0,0.0,0.0,0.0,0.0,1.0,0.0,0.0,0.0,-69.08,-46.05,37.6,1.3,0.195,1100.0,1.0,0.0072727272727272,0.0209090909090909,0.029090909090909
0.0,0.0,0.0,0.0,0.0,0.0,0.0,0.0,0.0,0.0,0.0,0.0,0.0,0.0,0.0,0.0,0.0,1.0,0.0,0.0,0.0,0.0,0.0,1.0,0.0,0.0,0.0,-62.86,-40.75,16.0,1.3,0.195,1100.0,1.0,0.0081818181818181,0.0136363636363636,0.0227272727272727
0.0,1.0,0.0,0.0,0.0,0.0,0.0,0.0,0.0,0.0,0.0,0.0,0.0,0.0,0.0,0.0,0.0,0.0,0.0,0.0,0.0,0.0,0.0,1.0,0.0,0.0,0.0,-60.75,-44.81,4.8,1.3,0.195,1100.0,1.0,0.0072727272727272,0.02,0.0281818181818181
0.0,0.0,0.0,0.0,0.0,0.0,0.0,0.0,0.0,0.0,0.0,0.0,0.0,0.0,1.0,0.0,0.0,0.0,0.0,0.0,0.0,0.0,0.0,1.0,0.0,0.0,0.0,-59.85,360.0,125.6,1.3,0.195,1100.0,1.0,0.0063636363636363,0.0154545454545454,0.0227272727272727
0.0,0.0,0.0,0.0,0.0,1.0,0.0,0.0,0.0,0.0,0.0,0.0,0.0,0.0,0.0,0.0,0.0,0.0,0.0,0.0,0.0,0.0,0.0,0.0,0.0,0.0,1.0,360.0,6.95,20.9,1.3,0.195,1100.0,1.0,0.0036363636363636,0.0154545454545454,0.02
0.0,0.0,0.0,0.0,0.0,1.0,0.0,0.0,0.0,0.0,0.0,0.0,0.0,0.0,0.0,0.0,0.0,0.0,0.0,0.0,0.0,0.0,0.0,0.0,0.0,0.0,1.0,89.82,15.15,39.5,1.3,0.195,1100.0,1.0,0.0054545454545454,0.0127272727272727,0.019090909090909
0.0,0.0,0.0,0.0,0.0,0.0,0.0,0.0,0.0,1.0,0.0,0.0,0.0,0.0,0.0,0.0,0.0,0.0,0.0,0.0,0.0,0.0,0.0,0.0,0.0,0.0,1.0,-114.68,99.12,38.5,1.3,0.195,1100.0,1.0,0.0072727272727272,0.0136363636363636,0.0218181818181818
1.0,0.0,0.0,0.0,0.0,0.0,0.0,0.0,0.0,0.0,0.0,0.0,0.0,0.0,0.0,0.0,0.0,0.0,0.0,0.0,0.0,0.0,0.0,0.0,0.0,0.0,1.0,-60.98,-70.26,75.3,1.3,0.195,1100.0,1.0,0.0063636363636363,0.0081818181818181,0.0154545454545454
0.0,0.0,0.0,0.0,0.0,0.0,0.0,0.0,0.0,0.0,0.0,1.0,0.0,0.0,0.0,0.0,0.0,0.0,0.0,0.0,0.0,0.0,0.0,0.0,0.0,0.0,1.0,-105.59,79.65,146.1,1.3,0.195,1100.0,1.0,0.0081818181818181,0.0109090909090909,0.02
0.0,0.0,0.0,0.0,0.0,0.0,0.0,0.0,0.0,0.0,0.0,0.0,1.0,0.0,0.0,0.0,0.0,0.0,0.0,0.0,0.0,0.0,0.0,0.0,0.0,0.0,1.0,-68.31,167.98,5.8,1.3,0.195,1100.0,1.0,0.009090909090909,0.0145454545454545,0.0245454545454545
0.0,0.0,0.0,0.0,0.0,0.0,0.0,0.0,0.0,0.0,0.0,0.0,1.0,0.0,0.0,0.0,0.0,0.0,0.0,0.0,0.0,0.0,0.0,0.0,0.0,1.0,0.0,-56.24,142.11,33.6,1.3,0.195,1100.0,1.0,0.0081818181818181,0.0109090909090909,0.02
0.0,0.0,0.0,0.0,0.0,0.0,0.0,0.0,1.0,0.0,0.0,0.0,0.0,0.0,0.0,0.0,0.0,0.0,0.0,0.0,0.0,0.0,0.0,0.0,0.0,1.0,0.0,-111.25,150.62,99.5,1.3,0.195,1100.0,1.0,0.0072727272727272,0.0145454545454545,0.0227272727272727
0.0,0.0,0.0,0.0,0.0,0.0,0.0,0.0,0.0,0.0,0.0,0.0,0.0,0.0,0.0,1.0,0.0,0.0,0.0,0.0,0.0,0.0,0.0,0.0,0.0,1.0,0.0,-85.56,155.1,5.6,1.3,0.195,1100.0,1.0,0.0081818181818181,0.0209090909090909,0.03
0.0,0.0,0.0,0.0,0.0,0.0,0.0,0.0,0.0,0.0,0.0,0.0,1.0,0.0,0.0,0.0,0.0,0.0,0.0,0.0,0.0,0.0,0.0,0.0,0.0,1.0,0.0,-65.68,143.54,52.7,1.3,0.195,1100.0,1.0,0.0081818181818181,0.0072727272727272,0.0163636363636363
0.0,0.0,1.0,0.0,0.0,0.0,0.0,0.0,0.0,0.0,0.0,0.0,0.0,0.0,0.0,0.0,0.0,0.0,0.0,0.0,0.0,0.0,0.0,0.0,0.0,1.0,0.0,-78.33,360.0,190.2,1.3,0.195,1100.0,1.0,0.0063636363636363,0.0081818181818181,0.0154545454545454
