0.0,0.0,0.0,1.0,0.0,0.0,0.0,0.0,0.0,0.0,0.0,0.0,0.0,0.0,0.0,0.0,0.0,0.0,0.0,0.0,0.0,0.0,0.0,0.0,0.0,1.0,0.0,360.0,153.61,205.3,1.45,0.192,620.0,1.0,0.0096774193548387,0.0112903225806451,0.0225806451612903
0.0,0.0,0.0,0.0,0.0,0.0,0.0,0.0,0.0,1.0,0.0,0.0,0.0,0.0,0.0,0.0,0.0,0.0,0.0,0.0,0.0,0.0,0.0,0.0,0.0,1.0,0.0,-72.45,141.93,34.0,1.45,0.192,620.0,1.0,0.0129032258064516,0.0225806451612903,0.0370967741935483
0.0,0.0,0.0,0.0,0.0,0.0,0.0,0.0,1.0,0.0,0.0,0.0,0.0,0.0,0.0,0.0,0.0,0.0,0.0,0.0,0.0,0.0,0.0,0.0,0.0,0.0,1.0,-130.18,150.1,132.0,1.45,0.192,620.0,1.0,0.0129032258064516,0.0225806451612903,0.0370967741935483
0.0,0.0,0.0,0.0,0.0,0.0,0.0,1.0,0.0,0.0,0.0,0.0,0.0,0.0,0.0,0.0,0.0,0.0,0.0,0.0,0.0,0.0,0.0,0.0,0.0,0.0,1.0,-53.33,137.65,112.5,1.45,0.192,620.0,1.0,0.014516129032258,0.0209677419354838,0.0370967741935483
0.0,0.0,0.0,0.0,0.0,1.0,0.0,0.0,0.0,0.0,0.0,0.0,0.0,0.0,0.0,0.0,0.0,0.0,0.0,0.0,0.0,0.0,0.0,0.0,0.0,0.0,1.0,94.17,-10.82,46.4,1.45,0.192,620.0,1.0,0.0096774193548387,0.0258064516129032,0.0370967741935483
0.0,0.0,1.0,0.0,0.0,0.0,0.0,0.0,0.0,0.0,0.0,0.0,0.0,0.0,0.0,0.0,0.0,0.0,0.0,0.0,0.0,0.0,0.0,0.0,1.0,0.0,0.0,-73.03,143.81,31.6,1.45,0.192,620.0,1.0,0.014516129032258,0.0258064516129032,0.0419354838709677
0.0,0.0,0.0,0.0,0.0,0.0,0.0,0.0,0.0,0.0,0.0,0.0,0.0,0.0,1.0,0.0,0.0,0.0,0.0,0.0,0.0,0.0,0.0,0.0,1.0,0.0,0.0,-82.49,129.13,107.0,1.45,0.192,620.0,0.5,0.0129032258064516,0.0290322580645161,0.0435483870967741
0.0,0.0,0.0,0.0,0.0,0.0,0.0,0.0,0.0,0.0,0.0,0.0,0.0,0.0,0.0,0.0,0.0,1.0,0.0,0.0,0.0,0.0,0.0,0.0,1.0,0.0,0.0,-141.68,163.5,0.0,1.45,0.192,620.0,1.0,0.014516129032258,0.0354838709677419,0.0516129032258064
0.0,0.0,0.0,0.0,0.0,0.0,0.0,0.0,0.0,1.0,0.0,0.0,0.0,0.0,0.0,0.0,0.0,0.0,0.0,0.0,0.0,0.0,0.0,0.0,1.0,0.0,0.0,-109.03,140.33,4.2,1.45,0.192,620.0,1.0,0.0129032258064516,0.0354838709677419,0.05
0.0,0.0,0.0,0.0,0.0,0.0,0.0,0.0,0.0,0.0,0.0,0.0,0.0,0.0,0.0,0.0,0.0,1.0,0.0,0.0,0.0,0.0,0.0,0.0,1.0,0.0,0.0,-101.61,122.71,14.7,1.45,0.192,620.0,1.0,0.014516129032258,0.0225806451612903,0.0387096774193548
0.0,0.0,0.0,0.0,0.0,1.0,0.0,0.0,0.0,0.0,0.0,0.0,0.0,0.0,0.0,0.0,0.0,0.0,0.0,0.0,0.0,0.0,0.0,0.0,0.0,0.0,1.0,63.01,20.59,18.9,1.45,0.192,620.0,1.0,0.0096774193548387,0.0241935483870967,0.0354838709677419
0.0,0.0,0.0,0.0,0.0,1.0,0.0,0.0,0.0,0.0,0.0,0.0,0.0,0.0,0.0,0.0,0.0,0.0,0.0,0.0,0.0,0.0,0.0,0.0,0.0,0.0,1.0,68.77,4.71,0.7,1.45,0.192,620.0,1.0,0.0096774193548387,0.0387096774193548,0.05
0.0,0.0,0.0,0.0,0.0,0.0,0.0,0.0,0.0,0.0,0.0,0.0,0.0,0.0,0.0,0.0,1.0,0.0,0.0,0.0,0.0,0.0,0.0,0.0,0.0,0.0,1.0,-122.21,-18.84,48.4,1.45,0.192,620.0,1.0,0.014516129032258,0.0209677419354838,0.0370967741935483
0.0,0.0,0.0,0.0,0.0,0.0,0.0,0.0,1.0,0.0,0.0,0.0,0.0,0.0,0.0,0.0,0.0,0.0,0.0,0.0,0.0,0.0,0.0,0.0,1.0,0.0,0.0,-133.21,119.88,64.8,1.45,0.192,620.0,0.5,0.0129032258064516,0.0209677419354838,0.0354838709677419
1.0,0.0,0.0,0.0,0.0,0.0,0.0,0.0,0.0,0.0,0.0,0.0,0.0,0.0,0.0,0.0,0.0,0.0,0.0,0.0,0.0,0.0,0.0,0.0,1.0,0.0,0.0,-87.72,146.63,29.2,1.45,0.192,620.0,1.0,0.0112903225806451,0.0258064516129032,0.0387096774193548
0.0,0.0,0.0,0.0,0.0,1.0,0.0,0.0,0.0,0.0,0.0,0.0,0.0,0.0,0.0,0.0,0.0,0.0,0.0,0.0,0.0,0.0,0.0,0.0,1.0,0.0,0.0,-171.44,-164.83,0.0,1.45,0.192,620.0,1.0,0.0096774193548387,0.0403225806451612,0.0516129032258064
0.0,0.0,0.0,0.0,0.0,0.0,0.0,0.0,0.0,0.0,0.0,0.0,0.0,0.0,0.0,0.0,0.0,1.0,0.0,0.0,0.0,0.0,0.0,0.0,1.0,0.0,0.0,-124.97,141.06,36.1,1.45,0.192,620.0,1.0,0.014516129032258,0.0274193548387096,0.0435483870967741
0.0,0.0,0.0,0.0,0.0,0.0,0.0,0.0,0.0,0.0,0.0,0.0,0.0,0.0,0.0,0.0,0.0,1.0,0.0,0.0,0.0,0.0,0.0,0.0,1.0,0.0,0.0,-72.22,120.92,0.9,1.45,0.192,620.0,1.0,0.014516129032258,0.0306451612903225,0.0467741935483871
0.0,0.0,0.0,0.0,0.0,0.0,0.0,0.0,0.0,0.0,0.0,0.0,0.0,0.0,1.0,0.0,0.0,0.0,0.0,0.0,0.0,0.0,0.0,0.0,1.0,0.0,0.0,-105.92,-17.05,86.8,1.45,0.192,620.0,1.0,0.0129032258064516,0.0306451612903225,0.0451612903225806
0.0,0.0,0.0,0.0,1.0,0.0,0.0,0.0,0.0,0.0,0.0,0.0,0.0,0.0,0.0,0.0,0.0,0.0,0.0,0.0,0.0,0.0,0.0,0.0,1.0,0.0,0.0,-155.61,140.31,34.1,1.45,0.192,620.0,1.0,0.0129032258064516,0.0290322580645161,0.0435483870967741
0.0,0.0,0.0,0.0,0.0,0.0,0.0,0.0,0.0,1.0,0.0,0.0,0.0,0.0,0.0,0.0,0.0,0.0,0.0,0.0,0.0,0.0,0.0,0.0,1.0,0.0,0.0,-144.54,112.68,36.7,1.45,0.192,620.0,1.0,0.0129032258064516,0.0290322580645161,0.0435483870967741
0.0,0.0,0.0,0.0,0.0,1.0,0.0,0.0,0.0,0.0,0.0,0.0,0.0,0.0,0.0,0.0,0.0,0.0,0.0,0.0,0.0,0.0,0.0,0.0,1.0,0.0,0.0,172.01,-173.64,16.1,1.45,0.192,620.0,1.0,0.0096774193548387,0.0274193548387096,0.0387096774193548
0.0,0.0,0.0,1.0,0.0,0.0,0.0,0.0,0.0,0.0,0.0,0.0,0.0,0.0,0.0,0.0,0.0,0.0,0.0,0.0,0.0,0.0,0.0,0.0,1.0,0.0,0.0,-74.45,153.89,164.5,1.45,0.192,620.0,1.0,0.0129032258064516,0.0225806451612903,0.0370967741935483
0.0,0.0,0.0,0.0,0.0,0.0,0.0,0.0,0.0,0.0,0.0,0.0,0.0,0.0,0.0,0.0,1.0,0.0,0.0,0.0,0.0,0.0,0.0,0.0,1.0,0.0,0.0,-133.29,171.53,15.5,1.45,0.192,620.0,1.0,0.014516129032258,0.0258064516129032,0.0419354838709677
0.0,0.0,1.0,0.0,0.0,0.0,0.0,0.0,0.0,0.0,0.0,0.0,0.0,0.0,0.0,0.0,0.0,0.0,0.0,0.0,0.0,0.0,0.0,0.0,0.0,0.0,1.0,-91.63,-3.83,127.0,1.45,0.192,620.0,1.0,0.014516129032258,0.0177419354838709,0.0338709677419354
0.0,0.0,0.0,0.0,1.0,0.0,0.0,0.0,0.0,0.0,0.0,0.0,0.0,0.0,0.0,0.0,0.0,0.0,0.0,0.0,0.0,0.0,0.0,0.0,0.0,0.0,1.0,-105.96,-9.01,75.9,1.45,0.192,620.0,1.0,0.0129032258064516,0.0241935483870967,0.0387096774193548
1.0,0.0,0.0,0.0,0.0,0.0,0.0,0.0,0.0,0.0,0.0,0.0,0.0,0.0,0.0,0.0,0.0,0.0,0.0,0.0,0.0,0.0,0.0,0.0,1.0,0.0,0.0,-161.02,168.93,37.7,1.45,0.192,620.0,1.0,0.0112903225806451,0.0225806451612903,0.0354838709677419
0.0,0.0,0.0,0.0,0.0,0.0,0.0,0.0,1.0,0.0,0.0,0.0,0.0,0.0,0.0,0.0,0.0,0.0,0.0,0.0,0.0,0.0,0.0,0.0,1.0,0.0,0.0,-82.44,157.39,189.7,1.45,0.192,620.0,1.0,0.0129032258064516,0.014516129032258,0.0290322580645161
0.0,0.0,0.0,0.0,0.0,1.0,0.0,0.0,0.0,0.0,0.0,0.0,0.0,0.0,0.0,0.0,0.0,0.0,0.0,0.0,0.0,0.0,0.0,0.0,1.0,0.0,0.0,74.92,-163.11,44.5,1.45,0.192,620.0,1.0,0.0096774193548387,0.014516129032258,0.0258064516129032
0.0,0.0,0.0,1.0,0.0,0.0,0.0,0.0,0.0,0.0,0.0,0.0,0.0,0.0,0.0,0.0,0.0,0.0,0.0,0.0,0.0,0.0,0.0,0.0,1.0,0.0,0.0,-95.82,131.64,107.4,1.45,0.192,620.0,0.5,0.0129032258064516,0.0274193548387096,0.0419354838709677
0.0,0.0,0.0,0.0,0.0,0.0,0.0,0.0,0.0,0.0,0.0,0.0,0.0,0.0,0.0,0.0,0.0,0.0,1.0,0.0,0.0,0.0,0.0,0.0,1.0,0.0,0.0,-116.92,147.87,51.7,1.45,0.192,620.0,1.0,0.0129032258064516,0.032258064516129,0.0467741935483871
0.0,1.0,0.0,0.0,0.0,0.0,0.0,0.0,0.0,0.0,0.0,0.0,0.0,0.0,0.0,0.0,0.0,0.0,0.0,0.0,0.0,0.0,0.0,0.0,1.0,0.0,0.0,-101.18,121.56,0.0,1.45,0.192,620.0,0.5,0.0129032258064516,0.0241935483870967,0.0387096774193548
0.0,0.0,0.0,0.0,0.0,1.0,0.0,0.0,0.0,0.0,0.0,0.0,0.0,0.0,0.0,0.0,0.0,0.0,0.0,0.0,0.0,0.0,0.0,0.0,1.0,0.0,0.0,-97.53,120.0,0.0,1.45,0.192,620.0,1.0,0.0096774193548387,0.0451612903225806,0.0564516129032258
0.0,0.0,0.0,0.0,0.0,0.0,0.0,0.0,0.0,0.0,0.0,0.0,0.0,0.0,0.0,0.0,0.0,1.0,0.0,0.0,0.0,0.0,0.0,0.0,1.0,0.0,0.0,-115.33,135.35,0.2,1.45,0.192,620.0,1.0,0.014516129032258,0.0274193548387096,0.0435483870967741
0.0,0.0,0.0,1.0,0.0,0.0,0.0,0.0,0.0,0.0,0.0,0.0,0.0,0.0,0.0,0.0,0.0,0.0,0.0,0.0,0.0,0.0,0.0,0.0,1.0,0.0,0.0,-99.67,116.92,55.4,1.45,0.192,620.0,1.0,0.0129032258064516,0.0370967741935483,0.0516129032258064
0.0,0.0,0.0,0.0,0.0,0.0,0.0,0.0,0.0,1.0,0.0,0.0,0.0,0.0,0.0,0.0,0.0,0.0,0.0,0.0,0.0,0.0,0.0,0.0,1.0,0.0,0.0,-77.16,157.56,4.7,1.45,0.192,620.0,1.0,0.0129032258064516,0.0338709677419354,0.0483870967741935
0.0,0.0,1.0,0.0,0.0,0.0,0.0,0.0,0.0,0.0,0.0,0.0,0.0,0.0,0.0,0.0,0.0,0.0,0.0,0.0,0.0,0.0,0.0,0.0,0.0,0.0,1.0,-69.22,-35.07,73.9,1.45,0.192,620.0,1.0,0.014516129032258,0.0209677419354838,0.0370967741935483
0.0,0.0,0.0,1.0,0.0,0.0,0.0,0.0,0.0,0.0,0.0,0.0,0.0,0.0,0.0,0.0,0.0,0.0,0.0,0.0,0.0,0.0,0.0,0.0,0.0,0.0,1.0,-117.83,155.46,117.1,1.45,0.192,620.0,1.0,0.014516129032258,0.0306451612903225,0.0467741935483871
0.0,0.0,0.0,0.0,0.0,0.0,0.0,0.0,0.0,0.0,0.0,0.0,1.0,0.0,0.0,0.0,0.0,0.0,0.0,0.0,0.0,0.0,0.0,0.0,0.0,0.0,1.0,-77.22,60.0,46.1,1.45,0.192,620.0,1.0,0.014516129032258,0.0354838709677419,0.0516129032258064
0.0,0.0,0.0,0.0,0.0,0.0,0.0,0.0,0.0,1.0,0.0,0.0,0.0,0.0,0.0,0.0,0.0,0.0,0.0,0.0,0.0,0.0,0.0,0.0,0.0,1.0,0.0,-109.37,13.17,88.0,1.45,0.192,620.0,1.0,0.0129032258064516,0.0193548387096774,0.0338709677419354
0.0,0.0,0.0,0.0,0.0,1.0,0.0,0.0,0.0,0.0,0.0,0.0,0.0,0.0,0.0,0.0,0.0,0.0,0.0,0.0,0.0,0.0,0.0,0.0,0.0,1.0,0.0,-100.6,-169.18,7.5,1.45,0.192,620.0,1.0,0.0096774193548387,0.0403225806451612,0.0516129032258064
0.0,0.0,0.0,0.0,0.0,0.0,0.0,0.0,1.0,0.0,0.0,0.0,0.0,0.0,0.0,0.0,0.0,0.0,0.0,0.0,0.0,0.0,0.0,0.0,0.0,1.0,0.0,-132.59,0.83,175.1,1.45,0.192,620.0,1.0,0.0129032258064516,0.0193548387096774,0.0338709677419354
0.0,0.0,0.0,0.0,0.0,0.0,0.0,0.0,0.0,0.0,0.0,1.0,0.0,0.0,0.0,0.0,0.0,0.0,0.0,0.0,0.0,1.0,0.0,0.0,0.0,0.0,0.0,-153.23,177.96,26.0,1.45,0.192,620.0,1.0,0.0129032258064516,0.0258064516129032,0.0403225806451612
0.0,0.0,1.0,0.0,0.0,0.0,0.0,0.0,0.0,0.0,0.0,0.0,0.0,0.0,0.0,0.0,0.0,0.0,0.0,0.0,0.0,0.0,0.0,0.0,0.0,0.0,1.0,-116.51,23.77,43.2,1.45,0.192,620.0,1.0,0.014516129032258,0.0354838709677419,0.0516129032258064
0.0,0.0,0.0,0.0,0.0,1.0,0.0,0.0,0.0,0.0,0.0,0.0,0.0,0.0,0.0,0.0,0.0,0.0,0.0,0.0,0.0,0.0,0.0,0.0,0.0,0.0,1.0,105.18,-4.32,0.0,1.45,0.192,620.0,1.0,0.0096774193548387,0.05,0.0612903225806451
1.0,0.0,0.0,0.0,0.0,0.0,0.0,0.0,0.0,0.0,0.0,0.0,0.0,0.0,0.0,0.0,0.0,0.0,0.0,0.0,0.0,0.0,0.0,0.0,1.0,0.0,0.0,-121.06,150.46,20.0,1.45,0.192,620.0,1.0,0.0112903225806451,0.0370967741935483,0.05
0.0,0.0,0.0,0.0,0.0,0.0,0.0,0.0,0.0,0.0,0.0,0.0,0.0,0.0,0.0,0.0,0.0,1.0,0.0,0.0,0.0,0.0,0.0,0.0,1.0,0.0,0.0,-137.61,130.96,47.6,1.45,0.192,620.0,1.0,0.014516129032258,0.0161290322580645,0.032258064516129
1.0,0.0,0.0,0.0,0.0,0.0,0.0,0.0,0.0,0.0,0.0,0.0,0.0,0.0,0.0,0.0,0.0,0.0,0.0,0.0,0.0,0.0,0.0,0.0,0.0,0.0,1.0,51.51,41.66,102.3,1.45,0.192,620.0,1.0,0.0112903225806451,0.0112903225806451,0.0241935483870967
0.0,0.0,0.0,0.0,0.0,1.0,0.0,0.0,0.0,0.0,0.0,0.0,0.0,0.0,0.0,0.0,0.0,0.0,0.0,0.0,0.0,0.0,0.0,0.0,0.0,0.0,1.0,68.28,17.91,83.2,1.45,0.192,620.0,1.0,0.0096774193548387,0.0161290322580645,0.0274193548387096
0.0,0.0,0.0,0.0,0.0,0.0,0.0,0.0,0.0,0.0,0.0,0.0,0.0,0.0,0.0,0.0,1.0,0.0,0.0,0.0,0.0,0.0,0.0,0.0,1.0,0.0,0.0,-115.16,129.6,41.6,1.45,0.192,620.0,1.0,0.014516129032258,0.0241935483870967,0.0403225806451612
0.0,0.0,0.0,0.0,0.0,0.0,0.0,0.0,0.0,0.0,0.0,0.0,0.0,0.0,1.0,0.0,0.0,0.0,0.0,0.0,0.0,0.0,0.0,0.0,1.0,0.0,0.0,-98.32,128.87,112.7,1.45,0.192,620.0,1.0,0.0129032258064516,0.0306451612903225,0.0451612903225806
0.0,0.0,0.0,0.0,0.0,0.0,0.0,0.0,0.0,0.0,0.0,0.0,0.0,0.0,0.0,0.0,0.0,0.0,0.0,1.0,0.0,0.0,0.0,0.0,0.0,1.0,0.0,-102.58,-35.91,35.0,1.45,0.192,620.0,1.0,0.0129032258064516,0.0306451612903225,0.0451612903225806
0.0,0.0,0.0,0.0,1.0,0.0,0.0,0.0,0.0,0.0,0.0,0.0,0.0,0.0,0.0,0.0,0.0,0.0,0.0,0.0,0.0,0.0,0.0,0.0,0.0,1.0,0.0,-156.43,177.69,16.1,1.45,0.192,620.0,1.0,0.0129032258064516,0.0241935483870967,0.0387096774193548
0.0,0.0,0.0,0.0,0.0,0.0,0.0,0.0,0.0,0.0,0.0,0.0,0.0,1.0,0.0,0.0,0.0,0.0,0.0,0.0,0.0,0.0,0.0,0.0,0.0,1.0,0.0,-124.32,128.59,100.9,1.45,0.192,620.0,1.0,0.0129032258064516,0.0306451612903225,0.0451612903225806
0.0,1.0,0.0,0.0,0.0,0.0,0.0,0.0,0.0,0.0,0.0,0.0,0.0,0.0,0.0,0.0,0.0,0.0,0.0,0.0,0.0,0.0,0.0,0.0,0.0,1.0,0.0,-140.41,-176.78,10.3,1.45,0.192,620.0,1.0,0.0129032258064516,0.0290322580645161,0.0435483870967741
0.0,0.0,0.0,0.0,0.0,0.0,0.0,0.0,0.0,0.0,0.0,0.0,0.0,1.0,0.0,0.0,0.0,0.0,0.0,0.0,0.0,0.0,0.0,0.0,0.0,0.0,1.0,-65.99,142.91,130.4,1.45,0.192,620.0,0.5,0.014516129032258,0.0241935483870967,0.0403225806451612
0.0,0.0,0.0,0.0,0.0,0.0,0.0,0.0,0.0,0.0,0.0,0.0,1.0,0.0,0.0,0.0,0.0,0.0,0.0,0.0,0.0,0.0,0.0,0.0,0.0,0.0,1.0,-56.3,142.74,82.5,1.45,0.192,620.0,1.0,0.014516129032258,0.0225806451612903,0.0387096774193548
0.0,0.0,0.0,0.0,0.0,0.0,0.0,0.0,1.0,0.0,0.0,0.0,0.0,0.0,0.0,0.0,0.0,0.0,0.0,0.0,0.0,0.0,0.0,0.0,0.0,0.0,1.0,77.78,-1.13,126.6,1.45,0.192,620.0,1.0,0.0129032258064516,0.0370967741935483,0.0516129032258064
0.0,0.0,0.0,0.0,0.0,0.0,0.0,0.0,0.0,0.0,0.0,0.0,0.0,0.0,0.0,0.0,0.0,0.0,0.0,1.0,0.0,0.0,0.0,0.0,0.0,0.0,1.0,-105.85,-8.49,71.6,1.45,0.192,620.0,1.0,0.0129032258064516,0.0403225806451612,0.0548387096774193
0.0,0.0,0.0,0.0,0.0,1.0,0.0,0.0,0.0,0.0,0.0,0.0,0.0,0.0,0.0,0.0,0.0,0.0,0.0,0.0,0.0,0.0,0.0,0.0,1.0,0.0,0.0,-95.18,142.83,0.0,1.45,0.192,620.0,1.0,0.0096774193548387,0.0403225806451612,0.0516129032258064
0.0,0.0,0.0,0.0,0.0,0.0,0.0,0.0,0.0,1.0,0.0,0.0,0.0,0.0,0.0,0.0,0.0,0.0,0.0,0.0,0.0,0.0,0.0,0.0,1.0,0.0,0.0,-143.98,145.73,27.5,1.45,0.192,620.0,1.0,0.0129032258064516,0.0241935483870967,0.0387096774193548
0.0,0.0,0.0,0.0,1.0,0.0,0.0,0.0,0.0,0.0,0.0,0.0,0.0,0.0,0.0,0.0,0.0,0.0,0.0,0.0,0.0,0.0,0.0,0.0,1.0,0.0,0.0,-112.42,144.56,27.9,1.45,0.192,620.0,1.0,0.0129032258064516,0.0290322580645161,0.0435483870967741
1.0,0.0,0.0,0.0,0.0,0.0,0.0,0.0,0.0,0.0,0.0,0.0,0.0,0.0,0.0,0.0,0.0,0.0,0.0,0.0,0.0,0.0,0.0,0.0,1.0,0.0,0.0,-149.78,151.1,5.8,1.45,0.192,620.0,1.0,0.0129032258064516,0.0241935483870967,0.0387096774193548
0.0,0.0,0.0,0.0,0.0,0.0,0.0,0.0,0.0,0.0,0.0,0.0,1.0,0.0,0.0,0.0,0.0,0.0,0.0,0.0,0.0,0.0,0.0,0.0,1.0,0.0,0.0,-66.24,154.22,29.3,1.45,0.192,620.0,1.0,0.014516129032258,0.032258064516129,0.0483870967741935
0.0,0.0,0.0,0.0,0.0,0.0,0.0,0.0,0.0,0.0,0.0,0.0,0.0,0.0,0.0,0.0,0.0,1.0,0.0,0.0,0.0,0.0,1.0,0.0,0.0,0.0,0.0,-58.05,-29.9,56.8,1.45,0.192,620.0,1.0,0.014516129032258,0.0225806451612903,0.0387096774193548
0.0,0.0,0.0,0.0,0.0,0.0,1.0,0.0,0.0,0.0,0.0,0.0,0.0,0.0,0.0,0.0,0.0,0.0,0.0,0.0,0.0,0.0,1.0,0.0,0.0,0.0,0.0,-66.37,-9.84,139.6,1.45,0.192,620.0,1.0,0.0129032258064516,0.0225806451612903,0.0370967741935483
0.0,0.0,0.0,0.0,0.0,0.0,0.0,0.0,1.0,0.0,0.0,0.0,0.0,0.0,0.0,0.0,0.0,0.0,0.0,0.0,0.0,0.0,1.0,0.0,0.0,0.0,0.0,-106.07,6.7,97.9,1.45,0.192,620.0,1.0,0.0129032258064516,0.0274193548387096,0.0419354838709677
0.0,0.0,0.0,0.0,0.0,0.0,0.0,0.0,0.0,0.0,0.0,0.0,0.0,0.0,0.0,0.0,0.0,1.0,0.0,0.0,0.0,0.0,0.0,0.0,1.0,0.0,0.0,-124.53,126.45,12.4,1.45,0.192,620.0,1.0,0.014516129032258,0.0258064516129032,0.0419354838709677
0.0,0.0,0.0,0.0,0.0,0.0,0.0,0.0,0.0,0.0,0.0,0.0,0.0,0.0,0.0,0.0,1.0,0.0,0.0,0.0,0.0,0.0,0.0,0.0,1.0,0.0,0.0,-133.72,142.98,23.2,1.45,0.192,620.0,0.5,0.014516129032258,0.0193548387096774,0.0354838709677419
0.0,0.0,0.0,0.0,0.0,0.0,0.0,0.0,1.0,0.0,0.0,0.0,0.0,0.0,0.0,0.0,0.0,0.0,0.0,0.0,0.0,0.0,0.0,0.0,1.0,0.0,0.0,-65.13,138.12,75.9,1.45,0.192,620.0,1.0,0.0129032258064516,0.032258064516129,0.0467741935483871
0.0,0.0,0.0,0.0,0.0,0.0,0.0,1.0,0.0,0.0,0.0,0.0,0.0,0.0,0.0,0.0,0.0,0.0,0.0,0.0,0.0,0.0,0.0,0.0,0.0,0.0,1.0,-58.91,132.15,62.9,1.45,0.192,620.0,1.0,0.014516129032258,0.0209677419354838,0.0370967741935483
0.0,0.0,0.0,0.0,0.0,1.0,0.0,0.0,0.0,0.0,0.0,0.0,0.0,0.0,0.0,0.0,0.0,0.0,0.0,0.0,0.0,0.0,0.0,0.0,0.0,0.0,1.0,108.62,-10.82,58.7,1.45,0.192,620.0,1.0,0.0096774193548387,0.0241935483870967,0.0354838709677419
0.0,0.0,0.0,0.0,1.0,0.0,0.0,0.0,0.0,0.0,0.0,0.0,0.0,0.0,0.0,0.0,0.0,0.0,0.0,0.0,0.0,0.0,0.0,0.0,0.0,0.0,1.0,-115.67,155.71,115.0,1.45,0.192,620.0,1.0,0.014516129032258,0.0241935483870967,0.0403225806451612
0.0,0.0,0.0,0.0,0.0,0.0,0.0,0.0,0.0,0.0,0.0,0.0,1.0,0.0,0.0,0.0,0.0,0.0,0.0,0.0,0.0,0.0,0.0,0.0,0.0,1.0,0.0,-68.74,139.36,99.4,1.45,0.192,620.0,1.0,0.014516129032258,0.0161290322580645,0.032258064516129
0.0,0.0,0.0,0.0,0.0,0.0,0.0,0.0,0.0,0.0,0.0,0.0,0.0,0.0,0.0,1.0,0.0,0.0,0.0,0.0,0.0,0.0,0.0,0.0,0.0,1.0,0.0,-83.51,-21.2,22.5,1.45,0.192,620.0,1.0,0.0129032258064516,0.0258064516129032,0.0403225806451612
0.0,0.0,0.0,0.0,0.0,0.0,0.0,0.0,0.0,0.0,0.0,0.0,0.0,0.0,0.0,0.0,1.0,0.0,0.0,0.0,0.0,0.0,0.0,0.0,0.0,1.0,0.0,-143.88,360.0,139.5,1.45,0.192,620.0,1.0,0.0129032258064516,0.0112903225806451,0.0258064516129032
0.0,0.0,0.0,0.0,0.0,0.0,0.0,0.0,0.0,0.0,0.0,0.0,0.0,0.0,0.0,0.0,0.0,1.0,0.0,0.0,0.0,0.0,0.0,0.0,0.0,1.0,0.0,360.0,125.66,168.9,1.45,0.192,620.0,1.0,0.0112903225806451,0.0064516129032258,0.0193548387096774
0.0,0.0,0.0,0.0,0.0,0.0,0.0,0.0,0.0,0.0,0.0,0.0,0.0,0.0,1.0,0.0,0.0,0.0,0.0,0.0,0.0,0.0,0.0,0.0,0.0,1.0,0.0,-62.29,131.64,238.1,1.45,0.192,620.0,1.0,0.0129032258064516,0.0161290322580645,0.0306451612903225
0.0,0.0,0.0,0.0,0.0,0.0,0.0,0.0,0.0,0.0,0.0,0.0,0.0,0.0,1.0,0.0,0.0,0.0,0.0,0.0,0.0,0.0,0.0,0.0,0.0,1.0,0.0,-120.21,155.0,90.4,1.45,0.192,620.0,1.0,0.0129032258064516,0.0258064516129032,0.0403225806451612
0.0,0.0,0.0,0.0,0.0,0.0,0.0,0.0,0.0,0.0,0.0,0.0,0.0,0.0,0.0,0.0,0.0,1.0,0.0,0.0,0.0,0.0,0.0,0.0,0.0,1.0,0.0,-61.05,-50.89,97.9,1.45,0.192,620.0,1.0,0.014516129032258,0.0161290322580645,0.032258064516129
0.0,0.0,0.0,0.0,0.0,0.0,0.0,0.0,0.0,0.0,1.0,0.0,0.0,0.0,0.0,0.0,0.0,0.0,0.0,0.0,0.0,0.0,0.0,0.0,0.0,1.0,0.0,-160.52,360.0,79.0,1.45,0.192,620.0,0.5,0.0112903225806451,0.0177419354838709,0.0306451612903225
