0.0,0.0,0.0,1.0,0.0,0.0,0.0,0.0,0.0,0.0,0.0,0.0,0.0,0.0,0.0,0.0,0.0,0.0,0.0,0.0,0.0,0.0,0.0,0.0,0.0,1.0,0.0,360.0,164.77,129.1,1.35,0.209,702.0,1.0,0.0071225071225071,0.0071225071225071,0.0156695156695156
0.0,0.0,0.0,0.0,0.0,0.0,1.0,0.0,0.0,0.0,0.0,0.0,0.0,0.0,0.0,0.0,0.0,0.0,0.0,0.0,0.0,0.0,0.0,1.0,0.0,0.0,0.0,-80.32,1.62,67.8,1.35,0.209,702.0,1.0,0.0099715099715099,0.0142450142450142,0.0256410256410256
0.0,0.0,0.0,0.0,0.0,0.0,0.0,1.0,0.0,0.0,0.0,0.0,0.0,0.0,0.0,0.0,0.0,0.0,0.0,0.0,0.0,0.0,0.0,1.0,0.0,0.0,0.0,-60.08,-35.67,44.9,1.35,0.209,702.0,1.0,0.0128205128205128,0.0213675213675213,0.0356125356125356
0.0,0.0,0.0,0.0,0.0,0.0,0.0,0.0,1.0,0.0,0.0,0.0,0.0,0.0,0.0,0.0,0.0,0.0,0.0,0.0,0.0,0.0,0.0,1.0,0.0,0.0,0.0,-60.45,-50.24,59.9,1.35,0.209,702.0,1.0,0.0113960113960113,0.0256410256410256,0.0384615384615384
0.0,0.0,0.0,0.0,0.0,0.0,0.0,0.0,0.0,0.0,0.0,0.0,0.0,1.0,0.0,0.0,0.0,0.0,0.0,0.0,0.0,0.0,0.0,1.0,0.0,0.0,0.0,-64.89,-35.05,101.7,1.35,0.209,702.0,1.0,0.0113960113960113,0.0313390313390313,0.0441595441595441
0.0,0.0,0.0,0.0,0.0,0.0,0.0,0.0,0.0,0.0,0.0,0.0,0.0,1.0,0.0,0.0,0.0,0.0,0.0,0.0,0.0,0.0,0.0,1.0,0.0,0.0,0.0,-58.72,-46.82,109.3,1.35,0.209,702.0,1.0,0.0113960113960113,0.0313390313390313,0.0441595441595441
1.0,0.0,0.0,0.0,0.0,0.0,0.0,0.0,0.0,0.0,0.0,0.0,0.0,0.0,0.0,0.0,0.0,0.0,0.0,0.0,0.0,0.0,0.0,1.0,0.0,0.0,0.0,-63.36,-50.16,0.4,1.35,0.209,702.0,1.0,0.0099715099715099,0.0284900284900284,0.0398860398860398
0.0,0.0,0.0,0.0,0.0,0.0,0.0,0.0,0.0,1.0,0.0,0.0,0.0,0.0,0.0,0.0,0.0,0.0,0.0,0.0,0.0,0.0,0.0,1.0,0.0,0.0,0.0,-55.93,-43.92,15.6,1.35,0.209,702.0,1.0,0.0113960113960113,0.0284900284900284,0.0413105413105413
0.0,0.0,1.0,0.0,0.0,0.0,0.0,0.0,0.0,0.0,0.0,0.0,0.0,0.0,0.0,0.0,0.0,0.0,0.0,0.0,0.0,0.0,0.0,1.0,0.0,0.0,0.0,-63.14,-37.76,80.2,1.35,0.209,702.0,1.0,0.0128205128205128,0.0242165242165242,0.0384615384615384
0.0,0.0,0.0,0.0,0.0,0.0,0.0,0.0,0.0,1.0,0.0,0.0,0.0,0.0,0.0,0.0,0.0,0.0,0.0,0.0,0.0,0.0,0.0,1.0,0.0,0.0,0.0,-67.82,-41.12,35.5,1.35,0.209,702.0,1.0,0.0113960113960113,0.027065527065527,0.0398860398860398
0.0,0.0,0.0,0.0,1.0,0.0,0.0,0.0,0.0,0.0,0.0,0.0,0.0,0.0,0.0,0.0,0.0,0.0,0.0,0.0,0.0,0.0,0.0,1.0,0.0,0.0,0.0,-63.87,-45.52,0.4,1.35,0.209,702.0,1.0,0.0128205128205128,0.0299145299145299,0.0441595441595441
0.0,0.0,0.0,0.0,0.0,0.0,0.0,0.0,0.0,0.0,0.0,0.0,0.0,0.0,0.0,0.0,1.0,0.0,0.0,0.0,0.0,0.0,0.0,1.0,0.0,0.0,0.0,-69.95,-34.25,66.3,1.35,0.209,702.0,1.0,0.0128205128205128,0.027065527065527,0.0413105413105413
0.0,0.0,0.0,0.0,0.0,0.0,0.0,0.0,0.0,0.0,0.0,0.0,0.0,0.0,1.0,0.0,0.0,0.0,0.0,0.0,0.0,0.0,0.0,1.0,0.0,0.0,0.0,-63.17,-45.72,90.8,1.35,0.209,702.0,1.0,0.0113960113960113,0.0256410256410256,0.0384615384615384
0.0,0.0,0.0,0.0,0.0,0.0,0.0,0.0,0.0,1.0,0.0,0.0,0.0,0.0,0.0,0.0,0.0,0.0,0.0,0.0,0.0,0.0,0.0,1.0,0.0,0.0,0.0,-64.52,-40.87,0.6,1.35,0.209,702.0,1.0,0.0128205128205128,0.0299145299145299,0.0441595441595441
0.0,0.0,0.0,0.0,0.0,0.0,0.0,0.0,0.0,0.0,0.0,0.0,0.0,1.0,0.0,0.0,0.0,0.0,0.0,0.0,0.0,0.0,0.0,1.0,0.0,0.0,0.0,-57.33,-41.81,25.5,1.35,0.209,702.0,1.0,0.0113960113960113,0.0327635327635327,0.0455840455840455
0.0,0.0,0.0,0.0,1.0,0.0,0.0,0.0,0.0,0.0,0.0,0.0,0.0,0.0,0.0,0.0,0.0,0.0,0.0,0.0,0.0,0.0,0.0,1.0,0.0,0.0,0.0,-62.76,-49.67,126.4,1.35,0.209,702.0,1.0,0.0113960113960113,0.0299145299145299,0.0427350427350427
0.0,0.0,0.0,0.0,0.0,0.0,0.0,0.0,0.0,1.0,0.0,0.0,0.0,0.0,0.0,0.0,0.0,0.0,0.0,0.0,0.0,0.0,0.0,1.0,0.0,0.0,0.0,-60.1,-41.44,3.3,1.35,0.209,702.0,1.0,0.0113960113960113,0.0313390313390313,0.0441595441595441
0.0,0.0,0.0,0.0,0.0,0.0,0.0,0.0,0.0,1.0,0.0,0.0,0.0,0.0,0.0,0.0,0.0,0.0,0.0,0.0,0.0,0.0,0.0,1.0,0.0,0.0,0.0,-65.55,-11.98,0.2,1.35,0.209,702.0,1.0,0.0113960113960113,0.027065527065527,0.0398860398860398
0.0,0.0,0.0,0.0,0.0,0.0,0.0,0.0,0.0,0.0,0.0,0.0,0.0,1.0,0.0,0.0,0.0,0.0,0.0,0.0,0.0,0.0,0.0,0.0,0.0,0.0,1.0,-94.17,7.41,116.3,1.35,0.209,702.0,1.0,0.0113960113960113,0.0242165242165242,0.037037037037037
0.0,0.0,0.0,0.0,0.0,0.0,0.0,0.0,1.0,0.0,0.0,0.0,0.0,0.0,0.0,0.0,0.0,0.0,0.0,0.0,0.0,0.0,0.0,0.0,0.0,0.0,1.0,-95.01,6.36,131.3,1.35,0.209,702.0,1.0,0.0113960113960113,0.0227920227920227,0.0356125356125356
0.0,0.0,0.0,0.0,0.0,0.0,1.0,0.0,0.0,0.0,0.0,0.0,0.0,0.0,0.0,0.0,0.0,0.0,0.0,0.0,0.0,0.0,0.0,0.0,0.0,0.0,1.0,-85.53,170.61,47.2,1.35,0.209,702.0,1.0,0.0113960113960113,0.0199430199430199,0.0327635327635327
0.0,0.0,1.0,0.0,0.0,0.0,0.0,0.0,0.0,0.0,0.0,0.0,0.0,0.0,0.0,0.0,0.0,0.0,0.0,0.0,0.0,0.0,0.0,0.0,0.0,0.0,1.0,-67.62,-23.07,172.2,1.35,0.209,702.0,1.0,0.0128205128205128,0.0128205128205128,0.027065527065527
0.0,0.0,0.0,0.0,0.0,0.0,0.0,0.0,0.0,0.0,0.0,0.0,0.0,0.0,0.0,0.0,1.0,0.0,0.0,0.0,0.0,0.0,0.0,0.0,0.0,0.0,1.0,-137.47,166.66,90.3,1.35,0.209,702.0,1.0,0.0128205128205128,0.0142450142450142,0.0284900284900284
0.0,0.0,0.0,0.0,0.0,0.0,0.0,1.0,0.0,0.0,0.0,0.0,0.0,0.0,0.0,0.0,0.0,0.0,0.0,0.0,0.0,0.0,0.0,0.0,0.0,0.0,1.0,-120.85,-20.8,75.9,1.35,0.209,702.0,1.0,0.0128205128205128,0.0199430199430199,0.0341880341880341
0.0,0.0,0.0,1.0,0.0,0.0,0.0,0.0,0.0,0.0,0.0,0.0,0.0,0.0,0.0,0.0,0.0,0.0,0.0,0.0,0.0,0.0,1.0,0.0,0.0,0.0,0.0,-49.57,-47.28,171.1,1.35,0.209,702.0,1.0,0.0113960113960113,0.0213675213675213,0.0341880341880341
0.0,0.0,0.0,0.0,0.0,0.0,0.0,0.0,0.0,0.0,0.0,0.0,1.0,0.0,0.0,0.0,0.0,0.0,0.0,0.0,0.0,0.0,1.0,0.0,0.0,0.0,0.0,-64.0,-16.01,41.7,1.35,0.209,702.0,1.0,0.0128205128205128,0.0185185185185185,0.0327635327635327
0.0,0.0,0.0,0.0,0.0,0.0,0.0,0.0,0.0,0.0,0.0,0.0,0.0,0.0,0.0,0.0,0.0,0.0,0.0,1.0,0.0,0.0,1.0,0.0,0.0,0.0,0.0,-103.82,-5.87,21.4,1.35,0.209,702.0,1.0,0.0113960113960113,0.0284900284900284,0.0413105413105413
0.0,0.0,0.0,0.0,0.0,0.0,0.0,0.0,0.0,0.0,0.0,0.0,0.0,1.0,0.0,0.0,0.0,0.0,0.0,0.0,0.0,0.0,0.0,1.0,0.0,0.0,0.0,-58.39,-39.71,85.0,1.35,0.209,702.0,1.0,0.0113960113960113,0.027065527065527,0.0398860398860398
0.0,0.0,0.0,0.0,0.0,0.0,0.0,0.0,0.0,0.0,0.0,0.0,0.0,0.0,0.0,0.0,0.0,0.0,0.0,1.0,0.0,0.0,0.0,1.0,0.0,0.0,0.0,-61.95,-45.77,120.8,1.35,0.209,702.0,1.0,0.0113960113960113,0.0256410256410256,0.0384615384615384
0.0,0.0,0.0,0.0,0.0,0.0,0.0,0.0,0.0,0.0,0.0,0.0,0.0,0.0,0.0,0.0,0.0,1.0,0.0,0.0,0.0,0.0,0.0,1.0,0.0,0.0,0.0,-62.39,-36.62,0.0,1.35,0.209,702.0,1.0,0.0128205128205128,0.0256410256410256,0.0398860398860398
0.0,0.0,0.0,0.0,0.0,0.0,0.0,0.0,0.0,1.0,0.0,0.0,0.0,0.0,0.0,0.0,0.0,0.0,0.0,0.0,0.0,0.0,0.0,1.0,0.0,0.0,0.0,-66.2,-36.73,13.2,1.35,0.209,702.0,1.0,0.0113960113960113,0.0313390313390313,0.0441595441595441
0.0,0.0,1.0,0.0,0.0,0.0,0.0,0.0,0.0,0.0,0.0,0.0,0.0,0.0,0.0,0.0,0.0,0.0,0.0,0.0,0.0,0.0,0.0,1.0,0.0,0.0,0.0,-62.92,-43.47,84.0,1.35,0.209,702.0,1.0,0.0128205128205128,0.0242165242165242,0.0384615384615384
0.0,0.0,0.0,0.0,0.0,0.0,0.0,1.0,0.0,0.0,0.0,0.0,0.0,0.0,0.0,0.0,0.0,0.0,0.0,0.0,0.0,0.0,0.0,1.0,0.0,0.0,0.0,-57.7,-42.63,13.4,1.35,0.209,702.0,1.0,0.0128205128205128,0.0242165242165242,0.0384615384615384
0.0,0.0,0.0,0.0,0.0,0.0,0.0,0.0,0.0,1.0,0.0,0.0,0.0,0.0,0.0,0.0,0.0,0.0,0.0,0.0,0.0,0.0,0.0,1.0,0.0,0.0,0.0,-68.79,-39.74,0.0,1.35,0.209,702.0,1.0,0.0113960113960113,0.0299145299145299,0.0427350427350427
0.0,0.0,0.0,1.0,0.0,0.0,0.0,0.0,0.0,0.0,0.0,0.0,0.0,0.0,0.0,0.0,0.0,0.0,0.0,0.0,0.0,0.0,0.0,1.0,0.0,0.0,0.0,-63.99,-39.33,106.8,1.35,0.209,702.0,1.0,0.0113960113960113,0.0299145299145299,0.0427350427350427
0.0,0.0,0.0,0.0,0.0,0.0,0.0,0.0,0.0,0.0,0.0,0.0,0.0,0.0,0.0,0.0,1.0,0.0,0.0,0.0,0.0,0.0,0.0,1.0,0.0,0.0,0.0,-69.07,-40.95,74.0,1.35,0.209,702.0,1.0,0.0128205128205128,0.0213675213675213,0.0356125356125356
0.0,0.0,0.0,0.0,0.0,1.0,0.0,0.0,0.0,0.0,0.0,0.0,0.0,0.0,0.0,0.0,0.0,0.0,0.0,0.0,0.0,0.0,0.0,1.0,0.0,0.0,0.0,-62.17,-40.37,2.3,1.35,0.209,702.0,1.0,0.0085470085470085,0.0327635327635327,0.0427350427350427
0.0,0.0,0.0,0.0,0.0,0.0,0.0,1.0,0.0,0.0,0.0,0.0,0.0,0.0,0.0,0.0,0.0,0.0,0.0,0.0,0.0,0.0,0.0,1.0,0.0,0.0,0.0,-64.31,-44.98,5.0,1.35,0.209,702.0,1.0,0.0128205128205128,0.0284900284900284,0.0427350427350427
0.0,0.0,0.0,0.0,0.0,0.0,0.0,0.0,0.0,0.0,0.0,0.0,0.0,0.0,0.0,1.0,0.0,0.0,0.0,0.0,0.0,0.0,0.0,1.0,0.0,0.0,0.0,-62.68,-46.48,53.7,1.35,0.209,702.0,1.0,0.0113960113960113,0.0284900284900284,0.0413105413105413
0.0,0.0,0.0,0.0,0.0,0.0,0.0,0.0,1.0,0.0,0.0,0.0,0.0,0.0,0.0,0.0,0.0,0.0,0.0,0.0,0.0,0.0,0.0,1.0,0.0,0.0,0.0,-61.41,-40.81,82.5,1.35,0.209,702.0,1.0,0.0113960113960113,0.0313390313390313,0.0441595441595441
0.0,0.0,0.0,0.0,0.0,0.0,0.0,0.0,0.0,0.0,0.0,0.0,0.0,0.0,0.0,0.0,1.0,0.0,0.0,0.0,0.0,0.0,0.0,1.0,0.0,0.0,0.0,-69.73,-44.29,2.9,1.35,0.209,702.0,1.0,0.0128205128205128,0.0256410256410256,0.0398860398860398
0.0,0.0,0.0,0.0,0.0,0.0,0.0,0.0,1.0,0.0,0.0,0.0,0.0,0.0,0.0,0.0,0.0,0.0,0.0,0.0,0.0,0.0,0.0,1.0,0.0,0.0,0.0,-59.48,-38.01,125.1,1.35,0.209,702.0,1.0,0.0113960113960113,0.0242165242165242,0.037037037037037
0.0,0.0,0.0,0.0,0.0,0.0,1.0,0.0,0.0,0.0,0.0,0.0,0.0,0.0,0.0,0.0,0.0,0.0,0.0,0.0,0.0,0.0,0.0,1.0,0.0,0.0,0.0,-85.49,14.08,127.4,1.35,0.209,702.0,1.0,0.0113960113960113,0.0299145299145299,0.0427350427350427
0.0,0.0,0.0,0.0,0.0,0.0,0.0,0.0,0.0,0.0,0.0,1.0,0.0,0.0,0.0,0.0,0.0,0.0,0.0,0.0,0.0,0.0,0.0,0.0,0.0,0.0,1.0,52.36,44.62,111.9,1.35,0.209,702.0,1.0,0.0128205128205128,0.0227920227920227,0.037037037037037
0.0,0.0,0.0,0.0,0.0,0.0,0.0,0.0,0.0,0.0,0.0,0.0,0.0,1.0,0.0,0.0,0.0,0.0,0.0,0.0,0.0,0.0,0.0,0.0,0.0,0.0,1.0,-89.89,136.58,103.6,1.35,0.209,702.0,1.0,0.0113960113960113,0.0242165242165242,0.037037037037037
0.0,0.0,0.0,0.0,0.0,0.0,0.0,0.0,0.0,0.0,0.0,0.0,0.0,1.0,0.0,0.0,0.0,0.0,0.0,0.0,0.0,0.0,0.0,0.0,0.0,0.0,1.0,53.51,-124.73,110.3,1.35,0.209,702.0,1.0,0.0113960113960113,0.0185185185185185,0.0313390313390313
0.0,0.0,0.0,0.0,0.0,0.0,0.0,0.0,0.0,0.0,0.0,0.0,0.0,0.0,0.0,0.0,1.0,0.0,0.0,0.0,0.0,0.0,0.0,0.0,0.0,0.0,1.0,-136.25,158.96,67.2,1.35,0.209,702.0,1.0,0.0128205128205128,0.0199430199430199,0.0341880341880341
0.0,0.0,0.0,0.0,0.0,0.0,0.0,0.0,0.0,0.0,0.0,0.0,1.0,0.0,0.0,0.0,0.0,0.0,0.0,0.0,0.0,0.0,0.0,1.0,0.0,0.0,0.0,-60.94,-36.9,25.8,1.35,0.209,702.0,1.0,0.0128205128205128,0.0227920227920227,0.037037037037037
0.0,0.0,0.0,1.0,0.0,0.0,0.0,0.0,0.0,0.0,0.0,0.0,0.0,0.0,0.0,0.0,0.0,0.0,0.0,0.0,0.0,0.0,0.0,1.0,0.0,0.0,0.0,-62.05,-41.45,66.9,1.35,0.209,702.0,1.0,0.0113960113960113,0.027065527065527,0.0398860398860398
0.0,0.0,0.0,0.0,0.0,0.0,0.0,0.0,0.0,0.0,0.0,0.0,0.0,0.0,1.0,0.0,0.0,0.0,0.0,0.0,0.0,0.0,0.0,1.0,0.0,0.0,0.0,-66.03,-40.94,109.0,1.35,0.209,702.0,1.0,0.0113960113960113,0.0256410256410256,0.0384615384615384
0.0,0.0,0.0,0.0,0.0,0.0,0.0,0.0,0.0,0.0,0.0,0.0,0.0,1.0,0.0,0.0,0.0,0.0,0.0,0.0,0.0,0.0,0.0,1.0,0.0,0.0,0.0,-66.36,-34.32,2.0,1.35,0.209,702.0,1.0,0.0128205128205128,0.027065527065527,0.0413105413105413
1.0,0.0,0.0,0.0,0.0,0.0,0.0,0.0,0.0,0.0,0.0,0.0,0.0,0.0,0.0,0.0,0.0,0.0,0.0,0.0,0.0,0.0,0.0,1.0,0.0,0.0,0.0,-67.65,-38.34,0.6,1.35,0.209,702.0,1.0,0.0099715099715099,0.0313390313390313,0.0427350427350427
0.0,0.0,0.0,0.0,0.0,0.0,0.0,0.0,0.0,0.0,0.0,0.0,0.0,0.0,1.0,0.0,0.0,0.0,0.0,0.0,0.0,0.0,0.0,1.0,0.0,0.0,0.0,-61.99,-48.15,106.6,1.35,0.209,702.0,1.0,0.0113960113960113,0.0242165242165242,0.037037037037037
0.0,0.0,0.0,0.0,0.0,0.0,0.0,0.0,0.0,0.0,0.0,0.0,0.0,0.0,0.0,0.0,0.0,1.0,0.0,0.0,0.0,0.0,0.0,1.0,0.0,0.0,0.0,-60.93,-44.89,25.0,1.35,0.209,702.0,1.0,0.0128205128205128,0.0227920227920227,0.037037037037037
0.0,0.0,0.0,0.0,0.0,0.0,0.0,0.0,0.0,0.0,0.0,0.0,0.0,0.0,0.0,0.0,0.0,1.0,0.0,0.0,0.0,0.0,0.0,1.0,0.0,0.0,0.0,-60.32,-48.74,1.8,1.35,0.209,702.0,1.0,0.0128205128205128,0.0242165242165242,0.0384615384615384
0.0,0.0,0.0,0.0,0.0,0.0,0.0,0.0,0.0,0.0,0.0,0.0,0.0,0.0,0.0,0.0,0.0,0.0,0.0,1.0,0.0,0.0,0.0,1.0,0.0,0.0,0.0,-59.99,-51.95,62.1,1.35,0.209,702.0,1.0,0.0113960113960113,0.0313390313390313,0.0441595441595441
0.0,0.0,0.0,0.0,0.0,0.0,0.0,0.0,0.0,0.0,0.0,1.0,0.0,0.0,0.0,0.0,0.0,0.0,0.0,0.0,0.0,0.0,0.0,1.0,0.0,0.0,0.0,-60.27,-42.33,64.5,1.35,0.209,702.0,1.0,0.0128205128205128,0.0256410256410256,0.0398860398860398
0.0,0.0,0.0,0.0,0.0,0.0,0.0,0.0,1.0,0.0,0.0,0.0,0.0,0.0,0.0,0.0,0.0,0.0,0.0,0.0,0.0,0.0,0.0,1.0,0.0,0.0,0.0,-66.53,-37.21,109.7,1.35,0.209,702.0,1.0,0.0113960113960113,0.0256410256410256,0.0384615384615384
0.0,0.0,0.0,0.0,0.0,0.0,0.0,1.0,0.0,0.0,0.0,0.0,0.0,0.0,0.0,0.0,0.0,0.0,0.0,0.0,0.0,0.0,0.0,1.0,0.0,0.0,0.0,-71.24,-41.98,0.6,1.35,0.209,702.0,1.0,0.0128205128205128,0.0284900284900284,0.0427350427350427
1.0,0.0,0.0,0.0,0.0,0.0,0.0,0.0,0.0,0.0,0.0,0.0,0.0,0.0,0.0,0.0,0.0,0.0,0.0,0.0,0.0,0.0,0.0,1.0,0.0,0.0,0.0,-59.53,-40.86,43.3,1.35,0.209,702.0,1.0,0.0099715099715099,0.0227920227920227,0.0341880341880341
0.0,0.0,0.0,0.0,0.0,0.0,0.0,0.0,0.0,0.0,0.0,0.0,0.0,0.0,0.0,1.0,0.0,0.0,0.0,0.0,0.0,0.0,0.0,1.0,0.0,0.0,0.0,-66.21,-47.43,63.1,1.35,0.209,702.0,1.0,0.0113960113960113,0.0227920227920227,0.0356125356125356
0.0,0.0,0.0,0.0,0.0,0.0,0.0,0.0,0.0,0.0,0.0,0.0,0.0,1.0,0.0,0.0,0.0,0.0,0.0,0.0,0.0,0.0,0.0,1.0,0.0,0.0,0.0,-63.79,-32.69,16.2,1.35,0.209,702.0,1.0,0.0113960113960113,0.0327635327635327,0.0455840455840455
1.0,0.0,0.0,0.0,0.0,0.0,0.0,0.0,0.0,0.0,0.0,0.0,0.0,0.0,0.0,0.0,0.0,0.0,0.0,0.0,0.0,0.0,0.0,1.0,0.0,0.0,0.0,-60.88,-29.13,19.6,1.35,0.209,702.0,1.0,0.0099715099715099,0.0327635327635327,0.0441595441595441
0.0,0.0,0.0,0.0,0.0,0.0,0.0,0.0,0.0,1.0,0.0,0.0,0.0,0.0,0.0,0.0,0.0,0.0,0.0,0.0,0.0,0.0,0.0,1.0,0.0,0.0,0.0,-76.19,-49.6,138.8,1.35,0.209,702.0,1.0,0.0113960113960113,0.0213675213675213,0.0341880341880341
0.0,0.0,0.0,0.0,0.0,0.0,0.0,0.0,0.0,0.0,0.0,0.0,0.0,0.0,0.0,0.0,0.0,1.0,0.0,0.0,0.0,0.0,0.0,1.0,0.0,0.0,0.0,-60.22,-43.86,95.4,1.35,0.209,702.0,1.0,0.0128205128205128,0.0213675213675213,0.0356125356125356
0.0,0.0,1.0,0.0,0.0,0.0,0.0,0.0,0.0,0.0,0.0,0.0,0.0,0.0,0.0,0.0,0.0,0.0,0.0,0.0,0.0,0.0,0.0,1.0,0.0,0.0,0.0,-99.8,10.44,61.5,1.35,0.209,702.0,1.0,0.0128205128205128,0.0242165242165242,0.0384615384615384
0.0,0.0,0.0,0.0,0.0,0.0,0.0,0.0,1.0,0.0,0.0,0.0,0.0,0.0,0.0,0.0,0.0,0.0,0.0,0.0,0.0,0.0,0.0,0.0,0.0,1.0,0.0,46.04,59.14,145.7,1.35,0.209,702.0,1.0,0.0113960113960113,0.0242165242165242,0.037037037037037
0.0,0.0,0.0,0.0,0.0,0.0,0.0,0.0,0.0,1.0,0.0,0.0,0.0,0.0,0.0,0.0,0.0,0.0,0.0,0.0,0.0,0.0,0.0,0.0,0.0,1.0,0.0,-90.4,142.6,18.6,1.35,0.209,702.0,1.0,0.0128205128205128,0.0213675213675213,0.0356125356125356
0.0,0.0,0.0,0.0,0.0,0.0,1.0,0.0,0.0,0.0,0.0,0.0,0.0,0.0,0.0,0.0,0.0,0.0,0.0,0.0,0.0,0.0,0.0,0.0,0.0,1.0,0.0,-119.23,100.03,142.4,1.35,0.209,702.0,1.0,0.0113960113960113,0.017094017094017,0.0299145299145299
0.0,0.0,0.0,0.0,1.0,0.0,0.0,0.0,0.0,0.0,0.0,0.0,0.0,0.0,0.0,0.0,0.0,0.0,0.0,0.0,0.0,0.0,0.0,0.0,0.0,1.0,0.0,-82.2,153.41,37.5,1.35,0.209,702.0,1.0,0.0113960113960113,0.0242165242165242,0.037037037037037
0.0,0.0,0.0,0.0,0.0,0.0,0.0,0.0,0.0,0.0,0.0,0.0,0.0,0.0,0.0,0.0,1.0,0.0,0.0,0.0,0.0,0.0,0.0,0.0,0.0,1.0,0.0,-81.31,170.32,61.5,1.35,0.209,702.0,1.0,0.0128205128205128,0.0185185185185185,0.0327635327635327
1.0,0.0,0.0,0.0,0.0,0.0,0.0,0.0,0.0,0.0,0.0,0.0,0.0,0.0,0.0,0.0,0.0,0.0,0.0,0.0,0.0,0.0,0.0,1.0,0.0,0.0,0.0,-59.45,-40.69,87.7,1.35,0.209,702.0,1.0,0.0099715099715099,0.0156695156695156,0.027065527065527
0.0,0.0,0.0,1.0,0.0,0.0,0.0,0.0,0.0,0.0,0.0,0.0,0.0,0.0,0.0,0.0,0.0,0.0,0.0,0.0,0.0,0.0,0.0,1.0,0.0,0.0,0.0,-64.87,-42.69,78.9,1.35,0.209,702.0,1.0,0.0113960113960113,0.0242165242165242,0.037037037037037
0.0,0.0,0.0,1.0,0.0,0.0,0.0,0.0,0.0,0.0,0.0,0.0,0.0,0.0,0.0,0.0,0.0,0.0,0.0,0.0,0.0,0.0,0.0,1.0,0.0,0.0,0.0,-65.55,-43.91,2.6,1.35,0.209,702.0,1.0,0.0113960113960113,0.0327635327635327,0.0455840455840455
0.0,0.0,0.0,0.0,0.0,0.0,0.0,0.0,0.0,0.0,0.0,1.0,0.0,0.0,0.0,0.0,0.0,0.0,0.0,0.0,0.0,0.0,0.0,1.0,0.0,0.0,0.0,-62.82,-34.18,82.9,1.35,0.209,702.0,1.0,0.0128205128205128,0.0284900284900284,0.0427350427350427
0.0,0.0,0.0,0.0,0.0,0.0,0.0,0.0,1.0,0.0,0.0,0.0,0.0,0.0,0.0,0.0,0.0,0.0,0.0,0.0,0.0,0.0,0.0,1.0,0.0,0.0,0.0,-64.22,-45.01,143.6,1.35,0.209,702.0,1.0,0.0113960113960113,0.0227920227920227,0.0356125356125356
0.0,0.0,0.0,0.0,0.0,0.0,0.0,0.0,0.0,0.0,0.0,0.0,0.0,0.0,0.0,0.0,0.0,1.0,0.0,0.0,0.0,0.0,0.0,1.0,0.0,0.0,0.0,-67.54,-40.85,4.9,1.35,0.209,702.0,1.0,0.0128205128205128,0.0242165242165242,0.0384615384615384
0.0,0.0,0.0,0.0,0.0,0.0,0.0,0.0,0.0,1.0,0.0,0.0,0.0,0.0,0.0,0.0,0.0,0.0,0.0,0.0,0.0,0.0,0.0,1.0,0.0,0.0,0.0,-60.97,-40.54,10.2,1.35,0.209,702.0,1.0,0.0113960113960113,0.0341880341880341,0.047008547008547
1.0,0.0,0.0,0.0,0.0,0.0,0.0,0.0,0.0,0.0,0.0,0.0,0.0,0.0,0.0,0.0,0.0,0.0,0.0,0.0,0.0,0.0,0.0,1.0,0.0,0.0,0.0,-65.03,-36.41,55.1,1.35,0.209,702.0,1.0,0.0099715099715099,0.0242165242165242,0.0356125356125356
1.0,0.0,0.0,0.0,0.0,0.0,0.0,0.0,0.0,0.0,0.0,0.0,0.0,0.0,0.0,0.0,0.0,0.0,0.0,0.0,0.0,0.0,0.0,1.0,0.0,0.0,0.0,-65.89,-36.92,33.6,1.35,0.209,702.0,1.0,0.0099715099715099,0.0256410256410256,0.037037037037037
0.0,0.0,0.0,0.0,0.0,0.0,0.0,1.0,0.0,0.0,0.0,0.0,0.0,0.0,0.0,0.0,0.0,0.0,0.0,0.0,0.0,0.0,0.0,1.0,0.0,0.0,0.0,-67.4,-42.28,0.2,1.35,0.209,702.0,1.0,0.0128205128205128,0.0227920227920227,0.037037037037037
0.0,0.0,0.0,0.0,0.0,0.0,0.0,0.0,0.0,0.0,0.0,1.0,0.0,0.0,0.0,0.0,0.0,0.0,0.0,0.0,0.0,0.0,0.0,1.0,0.0,0.0,0.0,-61.99,-42.16,43.7,1.35,0.209,702.0,1.0,0.0128205128205128,0.0341880341880341,0.0484330484330484
0.0,0.0,0.0,1.0,0.0,0.0,0.0,0.0,0.0,0.0,0.0,0.0,0.0,0.0,0.0,0.0,0.0,0.0,0.0,0.0,0.0,0.0,0.0,1.0,0.0,0.0,0.0,-62.81,-48.7,150.3,1.35,0.209,702.0,1.0,0.0113960113960113,0.0284900284900284,0.0413105413105413
0.0,0.0,0.0,0.0,0.0,0.0,0.0,0.0,0.0,1.0,0.0,0.0,0.0,0.0,0.0,0.0,0.0,0.0,0.0,0.0,0.0,0.0,0.0,1.0,0.0,0.0,0.0,-57.12,-39.69,17.7,1.35,0.209,702.0,1.0,0.0113960113960113,0.027065527065527,0.0398860398860398
1.0,0.0,0.0,0.0,0.0,0.0,0.0,0.0,0.0,0.0,0.0,0.0,0.0,0.0,0.0,0.0,0.0,0.0,0.0,0.0,0.0,0.0,0.0,1.0,0.0,0.0,0.0,-68.51,-6.61,20.0,1.35,0.209,702.0,1.0,0.0099715099715099,0.0356125356125356,0.047008547008547
0.0,0.0,0.0,0.0,0.0,0.0,1.0,0.0,0.0,0.0,0.0,0.0,0.0,0.0,0.0,0.0,0.0,0.0,0.0,0.0,0.0,0.0,0.0,0.0,0.0,1.0,0.0,-111.15,-9.72,128.8,1.35,0.209,702.0,1.0,0.0113960113960113,0.0213675213675213,0.0341880341880341
0.0,0.0,0.0,0.0,0.0,0.0,0.0,0.0,0.0,0.0,0.0,0.0,0.0,0.0,0.0,1.0,0.0,0.0,0.0,0.0,0.0,0.0,0.0,0.0,0.0,1.0,0.0,176.75,360.0,109.0,1.35,0.209,702.0,1.0,0.0085470085470085,0.0099715099715099,0.0199430199430199
