0.0,0.0,0.0,0.0,0.0,1.0,0.0,0.0,0.0,0.0,0.0,0.0,0.0,0.0,0.0,0.0,0.0,0.0,0.0,0.0,0.0,0.0,0.0,0.0,0.0,1.0,0.0,360.0,122.53,97.3,1.3,0.219,916.0,1.0,0.0043668122270742,0.0076419213973799,0.0131004366812227
0.0,0.0,0.0,0.0,0.0,0.0,0.0,0.0,0.0,0.0,0.0,0.0,0.0,0.0,0.0,1.0,0.0,0.0,0.0,0.0,0.0,0.0,0.0,0.0,0.0,1.0,0.0,-63.61,163.95,53.4,1.3,0.219,916.0,1.0,0.0087336244541484,0.0120087336244541,0.0218340611353711
0.0,0.0,0.0,0.0,0.0,0.0,0.0,0.0,0.0,0.0,0.0,0.0,1.0,0.0,0.0,0.0,0.0,0.0,0.0,0.0,0.0,0.0,0.0,1.0,0.0,0.0,0.0,-60.77,-31.12,92.3,1.3,0.219,916.0,1.0,0.009825327510917,0.0152838427947598,0.0262008733624454
0.0,0.0,0.0,1.0,0.0,0.0,0.0,0.0,0.0,0.0,0.0,0.0,0.0,0.0,0.0,0.0,0.0,0.0,0.0,0.0,0.0,0.0,0.0,1.0,0.0,0.0,0.0,-66.8,-47.39,128.5,1.3,0.219,916.0,1.0,0.0087336244541484,0.0185589519650655,0.0283842794759825
0.0,0.0,0.0,0.0,0.0,0.0,0.0,1.0,0.0,0.0,0.0,0.0,0.0,0.0,0.0,0.0,0.0,0.0,0.0,0.0,0.0,0.0,0.0,1.0,0.0,0.0,0.0,-66.17,-33.06,81.1,1.3,0.219,916.0,1.0,0.009825327510917,0.019650655021834,0.0305676855895196
0.0,0.0,0.0,0.0,0.0,0.0,0.0,0.0,1.0,0.0,0.0,0.0,0.0,0.0,0.0,0.0,0.0,0.0,0.0,0.0,0.0,0.0,0.0,1.0,0.0,0.0,0.0,-59.11,-41.93,105.6,1.3,0.219,916.0,1.0,0.0087336244541484,0.0207423580786026,0.0305676855895196
0.0,0.0,0.0,0.0,0.0,0.0,0.0,0.0,0.0,0.0,0.0,0.0,0.0,0.0,0.0,1.0,0.0,0.0,0.0,0.0,0.0,0.0,0.0,1.0,0.0,0.0,0.0,-65.5,-35.01,52.4,1.3,0.219,916.0,0.5,0.0087336244541484,0.0207423580786026,0.0305676855895196
0.0,0.0,0.0,0.0,0.0,0.0,0.0,0.0,1.0,0.0,0.0,0.0,0.0,0.0,0.0,0.0,0.0,0.0,0.0,0.0,0.0,0.0,0.0,1.0,0.0,0.0,0.0,-66.91,-43.26,149.3,1.3,0.219,916.0,1.0,0.0087336244541484,0.019650655021834,0.029475982532751
0.0,0.0,0.0,0.0,0.0,0.0,0.0,0.0,0.0,0.0,0.0,0.0,0.0,0.0,1.0,0.0,0.0,0.0,0.0,0.0,0.0,0.0,0.0,1.0,0.0,0.0,0.0,-62.76,-41.91,116.5,1.3,0.219,916.0,1.0,0.0087336244541484,0.0185589519650655,0.0283842794759825
0.0,0.0,0.0,0.0,0.0,0.0,0.0,0.0,0.0,0.0,0.0,0.0,0.0,0.0,1.0,0.0,0.0,0.0,0.0,0.0,0.0,0.0,0.0,1.0,0.0,0.0,0.0,-60.09,-48.0,66.9,1.3,0.219,916.0,1.0,0.0087336244541484,0.019650655021834,0.029475982532751
0.0,0.0,0.0,0.0,0.0,0.0,0.0,0.0,0.0,0.0,0.0,0.0,0.0,1.0,0.0,0.0,0.0,0.0,0.0,0.0,0.0,0.0,0.0,1.0,0.0,0.0,0.0,-65.81,-43.6,132.5,1.3,0.219,916.0,1.0,0.0087336244541484,0.0185589519650655,0.0283842794759825
0.0,0.0,0.0,0.0,1.0,0.0,0.0,0.0,0.0,0.0,0.0,0.0,0.0,0.0,0.0,0.0,0.0,0.0,0.0,0.0,0.0,0.0,0.0,1.0,0.0,0.0,0.0,-61.0,-47.57,114.1,1.3,0.219,916.0,1.0,0.0087336244541484,0.0229257641921397,0.0327510917030567
0.0,0.0,0.0,0.0,0.0,0.0,1.0,0.0,0.0,0.0,0.0,0.0,0.0,0.0,0.0,0.0,0.0,0.0,0.0,0.0,0.0,0.0,0.0,1.0,0.0,0.0,0.0,-69.77,-24.45,47.4,1.3,0.219,916.0,1.0,0.0087336244541484,0.0251091703056768,0.0349344978165938
0.0,0.0,0.0,0.0,0.0,0.0,0.0,0.0,0.0,0.0,0.0,0.0,0.0,1.0,0.0,0.0,0.0,0.0,0.0,0.0,0.0,0.0,0.0,1.0,0.0,0.0,0.0,-65.5,-47.03,63.1,1.3,0.219,916.0,1.0,0.0087336244541484,0.019650655021834,0.029475982532751
0.0,0.0,0.0,1.0,0.0,0.0,0.0,0.0,0.0,0.0,0.0,0.0,0.0,0.0,0.0,0.0,0.0,0.0,0.0,0.0,0.0,0.0,0.0,1.0,0.0,0.0,0.0,-72.65,-32.89,141.2,1.3,0.219,916.0,1.0,0.0087336244541484,0.0163755458515283,0.0262008733624454
0.0,0.0,0.0,0.0,0.0,0.0,0.0,1.0,0.0,0.0,0.0,0.0,0.0,0.0,0.0,0.0,0.0,0.0,0.0,0.0,0.0,0.0,0.0,1.0,0.0,0.0,0.0,-77.17,-17.4,102.0,1.3,0.219,916.0,1.0,0.009825327510917,0.0141921397379912,0.0251091703056768
0.0,0.0,0.0,0.0,0.0,0.0,0.0,0.0,0.0,0.0,0.0,0.0,0.0,1.0,0.0,0.0,0.0,0.0,0.0,0.0,0.0,0.0,0.0,0.0,0.0,1.0,0.0,-62.9,137.21,34.1,1.3,0.219,916.0,1.0,0.0087336244541484,0.019650655021834,0.029475982532751
0.0,0.0,0.0,0.0,0.0,0.0,0.0,0.0,0.0,0.0,0.0,0.0,0.0,0.0,0.0,1.0,0.0,0.0,0.0,0.0,0.0,0.0,0.0,0.0,0.0,1.0,0.0,-128.38,56.44,112.4,1.3,0.219,916.0,1.0,0.0087336244541484,0.0120087336244541,0.0218340611353711
0.0,0.0,0.0,0.0,0.0,0.0,0.0,0.0,0.0,0.0,0.0,0.0,0.0,0.0,1.0,0.0,0.0,0.0,0.0,0.0,0.0,0.0,0.0,0.0,0.0,1.0,0.0,-128.47,143.51,105.1,1.3,0.219,916.0,1.0,0.0087336244541484,0.0185589519650655,0.0283842794759825
0.0,0.0,0.0,0.0,0.0,0.0,0.0,0.0,0.0,0.0,0.0,1.0,0.0,0.0,0.0,0.0,0.0,0.0,0.0,0.0,0.0,0.0,0.0,0.0,0.0,1.0,0.0,-84.3,171.73,98.8,1.3,0.219,916.0,1.0,0.0087336244541484,0.0131004366812227,0.0229257641921397
0.0,0.0,0.0,0.0,0.0,0.0,0.0,0.0,0.0,0.0,1.0,0.0,0.0,0.0,0.0,0.0,0.0,0.0,0.0,0.0,0.0,0.0,0.0,1.0,0.0,0.0,0.0,-65.25,-45.01,34.8,1.3,0.219,916.0,1.0,0.0087336244541484,0.019650655021834,0.029475982532751
0.0,0.0,0.0,0.0,0.0,0.0,0.0,0.0,0.0,0.0,0.0,0.0,0.0,0.0,1.0,0.0,0.0,0.0,0.0,0.0,0.0,0.0,0.0,1.0,0.0,0.0,0.0,-60.8,-42.04,94.6,1.3,0.219,916.0,1.0,0.0087336244541484,0.0229257641921397,0.0327510917030567
0.0,0.0,0.0,1.0,0.0,0.0,0.0,0.0,0.0,0.0,0.0,0.0,0.0,0.0,0.0,0.0,0.0,0.0,0.0,0.0,0.0,0.0,0.0,1.0,0.0,0.0,0.0,-61.28,-43.32,69.3,1.3,0.219,916.0,0.5,0.0087336244541484,0.0207423580786026,0.0305676855895196
0.0,0.0,0.0,0.0,0.0,0.0,0.0,0.0,0.0,0.0,0.0,1.0,0.0,0.0,0.0,0.0,0.0,0.0,0.0,0.0,0.0,0.0,0.0,1.0,0.0,0.0,0.0,-63.58,-41.57,0.0,1.3,0.219,916.0,1.0,0.009825327510917,0.0240174672489082,0.0349344978165938
0.0,0.0,0.0,0.0,0.0,0.0,0.0,0.0,0.0,0.0,0.0,0.0,0.0,0.0,0.0,0.0,0.0,1.0,0.0,0.0,0.0,0.0,0.0,1.0,0.0,0.0,0.0,-69.79,-47.48,0.0,1.3,0.219,916.0,1.0,0.009825327510917,0.019650655021834,0.0305676855895196
0.0,0.0,0.0,0.0,0.0,0.0,0.0,0.0,1.0,0.0,0.0,0.0,0.0,0.0,0.0,0.0,0.0,0.0,0.0,0.0,0.0,0.0,0.0,1.0,0.0,0.0,0.0,-58.3,-32.97,138.2,1.3,0.219,916.0,1.0,0.0087336244541484,0.019650655021834,0.029475982532751
0.0,0.0,0.0,0.0,0.0,0.0,0.0,0.0,0.0,0.0,0.0,0.0,0.0,0.0,1.0,0.0,0.0,0.0,0.0,0.0,0.0,0.0,0.0,1.0,0.0,0.0,0.0,-87.05,-4.2,50.6,1.3,0.219,916.0,1.0,0.0087336244541484,0.0163755458515283,0.0262008733624454
0.0,0.0,0.0,0.0,0.0,0.0,0.0,0.0,0.0,0.0,0.0,0.0,0.0,0.0,0.0,1.0,0.0,0.0,0.0,0.0,0.0,0.0,0.0,0.0,0.0,1.0,0.0,-87.14,156.5,9.6,1.3,0.219,916.0,1.0,0.0087336244541484,0.0240174672489082,0.0338427947598253
0.0,0.0,0.0,0.0,0.0,0.0,0.0,0.0,0.0,0.0,0.0,0.0,0.0,0.0,0.0,1.0,0.0,0.0,0.0,0.0,0.0,0.0,0.0,0.0,0.0,1.0,0.0,-88.11,-35.49,19.8,1.3,0.219,916.0,0.5,0.0087336244541484,0.0141921397379912,0.0240174672489082
0.0,0.0,0.0,0.0,0.0,0.0,0.0,0.0,0.0,0.0,0.0,0.0,0.0,0.0,0.0,0.0,0.0,1.0,0.0,0.0,0.0,0.0,0.0,0.0,1.0,0.0,0.0,-158.62,153.83,0.0,1.3,0.219,916.0,1.0,0.009825327510917,0.0174672489082969,0.0283842794759825
0.0,0.0,0.0,0.0,0.0,0.0,0.0,0.0,0.0,0.0,0.0,0.0,0.0,0.0,0.0,0.0,0.0,1.0,0.0,0.0,0.0,0.0,0.0,0.0,1.0,0.0,0.0,-114.12,128.91,0.0,1.3,0.219,916.0,1.0,0.009825327510917,0.0218340611353711,0.0327510917030567
0.0,0.0,0.0,0.0,0.0,0.0,0.0,0.0,0.0,0.0,0.0,0.0,0.0,0.0,0.0,0.0,0.0,1.0,0.0,0.0,0.0,0.0,0.0,0.0,1.0,0.0,0.0,-104.03,124.42,0.6,1.3,0.219,916.0,1.0,0.009825327510917,0.0163755458515283,0.0272925764192139
1.0,0.0,0.0,0.0,0.0,0.0,0.0,0.0,0.0,0.0,0.0,0.0,0.0,0.0,0.0,0.0,0.0,0.0,0.0,0.0,0.0,0.0,0.0,0.0,1.0,0.0,0.0,-127.78,155.95,0.2,1.3,0.219,916.0,1.0,0.0076419213973799,0.0207423580786026,0.029475982532751
1.0,0.0,0.0,0.0,0.0,0.0,0.0,0.0,0.0,0.0,0.0,0.0,0.0,0.0,0.0,0.0,0.0,0.0,0.0,0.0,0.0,0.0,0.0,0.0,1.0,0.0,0.0,-120.4,102.2,4.6,1.3,0.219,916.0,1.0,0.0076419213973799,0.019650655021834,0.0283842794759825
1.0,0.0,0.0,0.0,0.0,0.0,0.0,0.0,0.0,0.0,0.0,0.0,0.0,0.0,0.0,0.0,0.0,0.0,0.0,0.0,0.0,0.0,0.0,0.0,0.0,0.0,1.0,-47.13,136.36,36.1,1.3,0.219,916.0,1.0,0.0076419213973799,0.0174672489082969,0.0262008733624454
0.0,0.0,0.0,0.0,0.0,0.0,0.0,0.0,0.0,0.0,0.0,0.0,0.0,0.0,0.0,0.0,1.0,0.0,0.0,0.0,0.0,0.0,0.0,0.0,0.0,0.0,1.0,66.95,-4.87,82.5,1.3,0.219,916.0,1.0,0.009825327510917,0.0131004366812227,0.0240174672489082
0.0,0.0,0.0,0.0,0.0,0.0,1.0,0.0,0.0,0.0,0.0,0.0,0.0,0.0,0.0,0.0,0.0,0.0,0.0,0.0,0.0,0.0,0.0,0.0,0.0,0.0,1.0,-119.54,-55.49,107.8,1.3,0.219,916.0,1.0,0.0087336244541484,0.0218340611353711,0.0316593886462882
0.0,0.0,0.0,0.0,0.0,0.0,0.0,1.0,0.0,0.0,0.0,0.0,0.0,0.0,0.0,0.0,0.0,0.0,0.0,0.0,0.0,0.0,0.0,0.0,1.0,0.0,0.0,-136.29,142.79,14.4,1.3,0.219,916.0,1.0,0.009825327510917,0.019650655021834,0.0305676855895196
1.0,0.0,0.0,0.0,0.0,0.0,0.0,0.0,0.0,0.0,0.0,0.0,0.0,0.0,0.0,0.0,0.0,0.0,0.0,0.0,0.0,0.0,0.0,0.0,1.0,0.0,0.0,-134.9,128.37,0.0,1.3,0.219,916.0,1.0,0.0076419213973799,0.0240174672489082,0.0327510917030567
0.0,0.0,0.0,0.0,0.0,0.0,0.0,1.0,0.0,0.0,0.0,0.0,0.0,0.0,0.0,0.0,0.0,0.0,0.0,0.0,0.0,0.0,0.0,0.0,1.0,0.0,0.0,-121.04,128.56,0.0,1.3,0.219,916.0,1.0,0.009825327510917,0.0185589519650655,0.029475982532751
0.0,0.0,0.0,0.0,0.0,1.0,0.0,0.0,0.0,0.0,0.0,0.0,0.0,0.0,0.0,0.0,0.0,0.0,0.0,0.0,0.0,0.0,0.0,0.0,1.0,0.0,0.0,-88.82,137.56,0.0,1.3,0.219,916.0,1.0,0.0065502183406113,0.0305676855895196,0.0382096069868995
0.0,0.0,0.0,0.0,0.0,0.0,0.0,1.0,0.0,0.0,0.0,0.0,0.0,0.0,0.0,0.0,0.0,0.0,0.0,0.0,0.0,0.0,0.0,0.0,1.0,0.0,0.0,-124.32,131.36,0.6,1.3,0.219,916.0,0.5,0.009825327510917,0.0174672489082969,0.0283842794759825
0.0,0.0,0.0,0.0,0.0,0.0,0.0,0.0,0.0,1.0,0.0,0.0,0.0,0.0,0.0,0.0,0.0,0.0,0.0,0.0,0.0,0.0,0.0,0.0,1.0,0.0,0.0,-112.11,125.97,25.1,1.3,0.219,916.0,1.0,0.0087336244541484,0.0229257641921397,0.0327510917030567
0.0,0.0,0.0,0.0,0.0,0.0,0.0,0.0,0.0,0.0,0.0,0.0,0.0,0.0,0.0,0.0,0.0,0.0,0.0,1.0,0.0,0.0,0.0,0.0,0.0,1.0,0.0,-143.74,117.87,95.4,1.3,0.219,916.0,1.0,0.0087336244541484,0.0218340611353711,0.0316593886462882
0.0,0.0,0.0,0.0,0.0,0.0,0.0,0.0,1.0,0.0,0.0,0.0,0.0,0.0,0.0,0.0,0.0,0.0,0.0,0.0,0.0,0.0,0.0,0.0,0.0,0.0,1.0,-130.02,108.39,121.1,1.3,0.219,916.0,1.0,0.0087336244541484,0.0174672489082969,0.0272925764192139
0.0,0.0,0.0,0.0,0.0,0.0,0.0,0.0,0.0,0.0,0.0,0.0,0.0,0.0,1.0,0.0,0.0,0.0,0.0,0.0,0.0,0.0,0.0,0.0,0.0,0.0,1.0,-48.32,127.72,81.8,1.3,0.219,916.0,1.0,0.0076419213973799,0.0120087336244541,0.0207423580786026
0.0,0.0,0.0,0.0,0.0,1.0,0.0,0.0,0.0,0.0,0.0,0.0,0.0,0.0,0.0,0.0,0.0,0.0,0.0,0.0,0.0,0.0,0.0,0.0,0.0,0.0,1.0,78.63,-2.75,93.1,1.3,0.219,916.0,1.0,0.0065502183406113,0.009825327510917,0.0174672489082969
0.0,0.0,0.0,1.0,0.0,0.0,0.0,0.0,0.0,0.0,0.0,0.0,0.0,0.0,0.0,0.0,0.0,0.0,0.0,0.0,0.0,0.0,0.0,0.0,0.0,0.0,1.0,-109.03,-54.35,73.5,1.3,0.219,916.0,1.0,0.0076419213973799,0.0141921397379912,0.0229257641921397
0.0,0.0,0.0,0.0,0.0,0.0,0.0,0.0,0.0,0.0,0.0,0.0,0.0,0.0,0.0,0.0,1.0,0.0,0.0,0.0,0.0,0.0,0.0,0.0,0.0,0.0,1.0,-102.43,119.99,17.7,1.3,0.219,916.0,1.0,0.009825327510917,0.0152838427947598,0.0262008733624454
0.0,0.0,0.0,0.0,0.0,0.0,0.0,0.0,0.0,0.0,0.0,0.0,1.0,0.0,0.0,0.0,0.0,0.0,0.0,0.0,0.0,0.0,0.0,0.0,0.0,0.0,1.0,-64.32,-24.63,93.0,1.3,0.219,916.0,1.0,0.009825327510917,0.0087336244541484,0.019650655021834
0.0,0.0,0.0,0.0,0.0,0.0,0.0,0.0,0.0,1.0,0.0,0.0,0.0,0.0,0.0,0.0,0.0,0.0,0.0,0.0,0.0,0.0,0.0,0.0,0.0,0.0,1.0,-142.36,162.03,73.2,1.3,0.219,916.0,1.0,0.009825327510917,0.0218340611353711,0.0327510917030567
0.0,0.0,0.0,0.0,0.0,0.0,0.0,0.0,0.0,0.0,0.0,0.0,1.0,0.0,0.0,0.0,0.0,0.0,0.0,0.0,0.0,0.0,0.0,0.0,0.0,0.0,1.0,-61.63,141.76,14.4,1.3,0.219,916.0,1.0,0.009825327510917,0.0185589519650655,0.029475982532751
0.0,0.0,0.0,0.0,0.0,0.0,0.0,0.0,0.0,1.0,0.0,0.0,0.0,0.0,0.0,0.0,0.0,0.0,0.0,0.0,0.0,0.0,0.0,0.0,1.0,0.0,0.0,-113.65,139.09,23.9,1.3,0.219,916.0,1.0,0.0087336244541484,0.0251091703056768,0.0349344978165938
0.0,0.0,0.0,0.0,0.0,0.0,0.0,0.0,0.0,0.0,0.0,0.0,0.0,0.0,0.0,0.0,0.0,1.0,0.0,0.0,0.0,0.0,0.0,0.0,1.0,0.0,0.0,-84.79,119.44,0.0,1.3,0.219,916.0,1.0,0.009825327510917,0.019650655021834,0.0305676855895196
0.0,0.0,0.0,0.0,0.0,0.0,0.0,0.0,0.0,0.0,0.0,0.0,0.0,0.0,0.0,0.0,1.0,0.0,0.0,0.0,0.0,0.0,0.0,0.0,1.0,0.0,0.0,-95.1,-27.47,0.0,1.3,0.219,916.0,1.0,0.009825327510917,0.0251091703056768,0.0360262008733624
0.0,0.0,0.0,0.0,1.0,0.0,0.0,0.0,0.0,0.0,0.0,0.0,0.0,0.0,0.0,0.0,0.0,0.0,0.0,0.0,0.0,0.0,0.0,0.0,1.0,0.0,0.0,-165.5,160.8,0.4,1.3,0.219,916.0,1.0,0.0087336244541484,0.0240174672489082,0.0338427947598253
0.0,0.0,0.0,0.0,0.0,0.0,0.0,0.0,1.0,0.0,0.0,0.0,0.0,0.0,0.0,0.0,0.0,0.0,0.0,0.0,0.0,0.0,0.0,0.0,1.0,0.0,0.0,-135.41,125.22,21.5,1.3,0.219,916.0,1.0,0.0087336244541484,0.019650655021834,0.029475982532751
0.0,0.0,0.0,0.0,0.0,0.0,0.0,0.0,0.0,0.0,0.0,0.0,0.0,0.0,0.0,0.0,0.0,0.0,0.0,1.0,0.0,0.0,0.0,0.0,1.0,0.0,0.0,-129.64,158.78,28.7,1.3,0.219,916.0,1.0,0.0087336244541484,0.0207423580786026,0.0305676855895196
0.0,0.0,0.0,0.0,0.0,0.0,0.0,0.0,0.0,0.0,0.0,0.0,0.0,0.0,0.0,0.0,1.0,0.0,0.0,0.0,0.0,0.0,0.0,0.0,1.0,0.0,0.0,-140.37,163.68,38.9,1.3,0.219,916.0,1.0,0.009825327510917,0.0185589519650655,0.029475982532751
0.0,0.0,1.0,0.0,0.0,0.0,0.0,0.0,0.0,0.0,0.0,0.0,0.0,0.0,0.0,0.0,0.0,0.0,0.0,0.0,0.0,0.0,0.0,0.0,0.0,1.0,0.0,52.45,-133.07,101.8,1.3,0.219,916.0,1.0,0.009825327510917,0.0185589519650655,0.029475982532751
1.0,0.0,0.0,0.0,0.0,0.0,0.0,0.0,0.0,0.0,0.0,0.0,0.0,0.0,0.0,0.0,0.0,0.0,0.0,0.0,0.0,0.0,0.0,1.0,0.0,0.0,0.0,-67.01,-17.44,58.7,1.3,0.219,916.0,1.0,0.0076419213973799,0.0152838427947598,0.0240174672489082
0.0,0.0,0.0,0.0,0.0,0.0,0.0,0.0,0.0,0.0,0.0,0.0,0.0,1.0,0.0,0.0,0.0,0.0,0.0,0.0,0.0,0.0,0.0,1.0,0.0,0.0,0.0,-61.68,-27.12,84.5,1.3,0.219,916.0,1.0,0.0087336244541484,0.0207423580786026,0.0305676855895196
0.0,0.0,0.0,0.0,0.0,0.0,0.0,0.0,0.0,0.0,0.0,0.0,0.0,0.0,0.0,0.0,0.0,1.0,0.0,0.0,0.0,0.0,0.0,1.0,0.0,0.0,0.0,-62.89,-35.84,0.2,1.3,0.219,916.0,1.0,0.009825327510917,0.0174672489082969,0.0283842794759825
0.0,0.0,0.0,0.0,0.0,0.0,0.0,0.0,0.0,0.0,0.0,0.0,0.0,1.0,0.0,0.0,0.0,0.0,0.0,0.0,0.0,0.0,0.0,1.0,0.0,0.0,0.0,-58.42,-47.04,120.6,1.3,0.219,916.0,1.0,0.0087336244541484,0.0218340611353711,0.0316593886462882
0.0,0.0,0.0,0.0,0.0,0.0,0.0,0.0,0.0,0.0,0.0,0.0,0.0,0.0,0.0,0.0,1.0,0.0,0.0,0.0,0.0,0.0,0.0,1.0,0.0,0.0,0.0,-66.58,-40.04,52.6,1.3,0.219,916.0,1.0,0.009825327510917,0.0185589519650655,0.029475982532751
0.0,0.0,0.0,0.0,0.0,0.0,0.0,0.0,0.0,0.0,0.0,0.0,0.0,0.0,0.0,0.0,0.0,1.0,0.0,0.0,0.0,0.0,0.0,1.0,0.0,0.0,0.0,-57.69,-45.0,0.0,1.3,0.219,916.0,1.0,0.009825327510917,0.0229257641921397,0.0338427947598253
0.0,0.0,0.0,0.0,0.0,0.0,0.0,0.0,0.0,0.0,0.0,0.0,0.0,0.0,1.0,0.0,0.0,0.0,0.0,0.0,0.0,0.0,0.0,1.0,0.0,0.0,0.0,-59.27,-42.68,82.9,1.3,0.219,916.0,1.0,0.0087336244541484,0.0185589519650655,0.0283842794759825
0.0,0.0,0.0,0.0,0.0,0.0,0.0,0.0,1.0,0.0,0.0,0.0,0.0,0.0,0.0,0.0,0.0,0.0,0.0,0.0,0.0,0.0,0.0,1.0,0.0,0.0,0.0,-61.42,-49.5,124.9,1.3,0.219,916.0,1.0,0.0087336244541484,0.0185589519650655,0.0283842794759825
0.0,0.0,0.0,0.0,0.0,0.0,0.0,1.0,0.0,0.0,0.0,0.0,0.0,0.0,0.0,0.0,0.0,0.0,0.0,0.0,0.0,0.0,0.0,1.0,0.0,0.0,0.0,-66.61,-42.21,8.4,1.3,0.219,916.0,1.0,0.009825327510917,0.0240174672489082,0.0349344978165938
1.0,0.0,0.0,0.0,0.0,0.0,0.0,0.0,0.0,0.0,0.0,0.0,0.0,0.0,0.0,0.0,0.0,0.0,0.0,0.0,0.0,0.0,0.0,1.0,0.0,0.0,0.0,-56.69,-41.45,1.7,1.3,0.219,916.0,1.0,0.0076419213973799,0.0240174672489082,0.0327510917030567
0.0,0.0,0.0,1.0,0.0,0.0,0.0,0.0,0.0,0.0,0.0,0.0,0.0,0.0,0.0,0.0,0.0,0.0,0.0,0.0,0.0,0.0,0.0,1.0,0.0,0.0,0.0,-61.96,-46.07,83.3,1.3,0.219,916.0,1.0,0.0076419213973799,0.0141921397379912,0.0229257641921397
0.0,0.0,0.0,1.0,0.0,0.0,0.0,0.0,0.0,0.0,0.0,0.0,0.0,0.0,0.0,0.0,0.0,0.0,0.0,0.0,0.0,0.0,0.0,1.0,0.0,0.0,0.0,-60.5,-39.01,109.8,1.3,0.219,916.0,1.0,0.0087336244541484,0.0174672489082969,0.0272925764192139
0.0,0.0,0.0,1.0,0.0,0.0,0.0,0.0,0.0,0.0,0.0,0.0,0.0,0.0,0.0,0.0,0.0,0.0,0.0,0.0,0.0,0.0,0.0,1.0,0.0,0.0,0.0,-94.92,-3.39,67.4,1.3,0.219,916.0,1.0,0.0087336244541484,0.0163755458515283,0.0262008733624454
0.0,0.0,0.0,0.0,0.0,1.0,0.0,0.0,0.0,0.0,0.0,0.0,0.0,0.0,0.0,0.0,0.0,0.0,0.0,0.0,0.0,0.0,0.0,0.0,0.0,1.0,0.0,70.69,36.29,65.2,1.3,0.219,916.0,1.0,0.0065502183406113,0.0152838427947598,0.0229257641921397
0.0,0.0,0.0,0.0,0.0,0.0,0.0,0.0,0.0,0.0,0.0,0.0,0.0,0.0,0.0,0.0,0.0,1.0,0.0,0.0,0.0,0.0,0.0,0.0,0.0,1.0,0.0,-104.26,119.67,14.2,1.3,0.219,916.0,1.0,0.0109170305676855,0.0152838427947598,0.0272925764192139
0.0,0.0,0.0,0.0,0.0,0.0,0.0,0.0,0.0,0.0,0.0,0.0,1.0,0.0,0.0,0.0,0.0,0.0,0.0,0.0,0.0,0.0,0.0,0.0,0.0,1.0,0.0,-71.16,154.42,34.9,1.3,0.219,916.0,1.0,0.009825327510917,0.0109170305676855,0.0218340611353711
0.0,0.0,0.0,0.0,0.0,0.0,0.0,1.0,0.0,0.0,0.0,0.0,0.0,0.0,0.0,0.0,0.0,0.0,0.0,0.0,0.0,0.0,0.0,0.0,1.0,0.0,0.0,-131.03,134.52,50.3,1.3,0.219,916.0,1.0,0.009825327510917,0.0163755458515283,0.0272925764192139
0.0,0.0,0.0,0.0,0.0,0.0,0.0,0.0,0.0,1.0,0.0,0.0,0.0,0.0,0.0,0.0,0.0,0.0,0.0,0.0,0.0,0.0,0.0,0.0,1.0,0.0,0.0,-129.4,142.25,9.5,1.3,0.219,916.0,1.0,0.0087336244541484,0.0120087336244541,0.0218340611353711
0.0,0.0,0.0,0.0,0.0,0.0,0.0,0.0,0.0,0.0,0.0,0.0,0.0,1.0,0.0,0.0,0.0,0.0,0.0,0.0,0.0,0.0,0.0,0.0,1.0,0.0,0.0,-85.16,113.15,88.0,1.3,0.219,916.0,1.0,0.0087336244541484,0.019650655021834,0.029475982532751
0.0,0.0,0.0,0.0,0.0,0.0,0.0,0.0,0.0,0.0,0.0,0.0,0.0,0.0,1.0,0.0,0.0,0.0,0.0,0.0,0.0,0.0,0.0,0.0,0.0,1.0,0.0,-138.6,84.16,87.5,1.3,0.219,916.0,1.0,0.0087336244541484,0.0185589519650655,0.0283842794759825
0.0,0.0,0.0,0.0,0.0,0.0,0.0,1.0,0.0,0.0,0.0,0.0,0.0,0.0,0.0,0.0,0.0,0.0,0.0,0.0,0.0,0.0,0.0,1.0,0.0,0.0,0.0,-62.28,-48.21,64.0,1.3,0.219,916.0,1.0,0.009825327510917,0.0163755458515283,0.0272925764192139
0.0,0.0,0.0,0.0,0.0,0.0,0.0,0.0,0.0,0.0,0.0,0.0,1.0,0.0,0.0,0.0,0.0,0.0,0.0,0.0,0.0,0.0,0.0,1.0,0.0,0.0,0.0,-63.44,-41.84,103.7,1.3,0.219,916.0,1.0,0.009825327510917,0.0152838427947598,0.0262008733624454
0.0,0.0,0.0,0.0,0.0,0.0,0.0,0.0,0.0,1.0,0.0,0.0,0.0,0.0,0.0,0.0,0.0,0.0,0.0,0.0,0.0,0.0,0.0,1.0,0.0,0.0,0.0,-64.67,-42.41,7.8,1.3,0.219,916.0,1.0,0.0087336244541484,0.0185589519650655,0.0283842794759825
1.0,0.0,0.0,0.0,0.0,0.0,0.0,0.0,0.0,0.0,0.0,0.0,0.0,0.0,0.0,0.0,0.0,0.0,0.0,0.0,0.0,0.0,0.0,1.0,0.0,0.0,0.0,-60.0,-45.35,0.0,1.3,0.219,916.0,1.0,0.0076419213973799,0.0240174672489082,0.0327510917030567
0.0,0.0,0.0,0.0,0.0,0.0,0.0,0.0,0.0,0.0,0.0,0.0,0.0,0.0,1.0,0.0,0.0,0.0,0.0,0.0,0.0,0.0,0.0,1.0,0.0,0.0,0.0,-63.48,-44.6,143.7,1.3,0.219,916.0,1.0,0.0087336244541484,0.019650655021834,0.029475982532751
1.0,0.0,0.0,0.0,0.0,0.0,0.0,0.0,0.0,0.0,0.0,0.0,0.0,0.0,0.0,0.0,0.0,0.0,0.0,0.0,0.0,0.0,0.0,1.0,0.0,0.0,0.0,-63.63,-42.65,19.7,1.3,0.219,916.0,1.0,0.0076419213973799,0.0185589519650655,0.0272925764192139
0.0,0.0,0.0,0.0,0.0,0.0,0.0,0.0,0.0,1.0,0.0,0.0,0.0,0.0,0.0,0.0,0.0,0.0,0.0,0.0,0.0,0.0,0.0,1.0,0.0,0.0,0.0,-66.46,-39.61,0.0,1.3,0.219,916.0,1.0,0.0087336244541484,0.0207423580786026,0.0305676855895196
0.0,0.0,0.0,0.0,0.0,0.0,0.0,0.0,0.0,0.0,0.0,0.0,0.0,0.0,0.0,0.0,0.0,0.0,0.0,1.0,0.0,0.0,0.0,1.0,0.0,0.0,0.0,-55.26,-50.14,72.3,1.3,0.219,916.0,1.0,0.0087336244541484,0.0272925764192139,0.037117903930131
0.0,0.0,0.0,0.0,0.0,0.0,0.0,0.0,0.0,0.0,0.0,0.0,0.0,0.0,0.0,0.0,0.0,0.0,1.0,0.0,0.0,0.0,0.0,1.0,0.0,0.0,0.0,-76.97,-37.69,165.0,1.3,0.219,916.0,1.0,0.0087336244541484,0.0240174672489082,0.0338427947598253
0.0,0.0,1.0,0.0,0.0,0.0,0.0,0.0,0.0,0.0,0.0,0.0,0.0,0.0,0.0,0.0,0.0,0.0,0.0,0.0,0.0,0.0,0.0,1.0,0.0,0.0,0.0,-108.63,-24.31,74.9,1.3,0.219,916.0,1.0,0.009825327510917,0.0207423580786026,0.0316593886462882
1.0,0.0,0.0,0.0,0.0,0.0,0.0,0.0,0.0,0.0,0.0,0.0,0.0,0.0,0.0,0.0,0.0,0.0,0.0,0.0,0.0,0.0,0.0,0.0,0.0,1.0,0.0,-80.9,156.57,0.6,1.3,0.219,916.0,1.0,0.0076419213973799,0.0163755458515283,0.0251091703056768
0.0,0.0,0.0,0.0,0.0,0.0,0.0,0.0,0.0,1.0,0.0,0.0,0.0,0.0,0.0,0.0,0.0,0.0,0.0,0.0,0.0,0.0,0.0,0.0,0.0,0.0,1.0,-103.14,128.57,24.4,1.3,0.219,916.0,1.0,0.0087336244541484,0.0152838427947598,0.0251091703056768
0.0,0.0,0.0,0.0,0.0,0.0,0.0,0.0,0.0,0.0,0.0,0.0,0.0,0.0,0.0,0.0,0.0,1.0,0.0,0.0,0.0,0.0,0.0,0.0,0.0,0.0,1.0,-64.04,150.63,1.1,1.3,0.219,916.0,0.5,0.009825327510917,0.0141921397379912,0.0251091703056768
0.0,0.0,1.0,0.0,0.0,0.0,0.0,0.0,0.0,0.0,0.0,0.0,0.0,0.0,0.0,0.0,0.0,0.0,0.0,0.0,0.0,0.0,0.0,0.0,0.0,0.0,1.0,61.58,24.99,53.7,1.3,0.219,916.0,1.0,0.009825327510917,0.0207423580786026,0.0316593886462882
0.0,0.0,0.0,0.0,0.0,0.0,1.0,0.0,0.0,0.0,0.0,0.0,0.0,0.0,0.0,0.0,0.0,0.0,0.0,0.0,0.0,0.0,0.0,0.0,1.0,0.0,0.0,-132.19,161.01,53.5,1.3,0.219,916.0,1.0,0.0087336244541484,0.0174672489082969,0.0272925764192139
0.0,0.0,0.0,0.0,0.0,0.0,0.0,0.0,0.0,0.0,0.0,0.0,0.0,0.0,0.0,0.0,0.0,0.0,0.0,1.0,0.0,0.0,0.0,0.0,1.0,0.0,0.0,-65.81,154.73,107.8,1.3,0.219,916.0,1.0,0.0087336244541484,0.0207423580786026,0.0305676855895196
0.0,0.0,0.0,0.0,0.0,0.0,0.0,1.0,0.0,0.0,0.0,0.0,0.0,0.0,0.0,0.0,0.0,0.0,0.0,0.0,0.0,0.0,0.0,0.0,0.0,1.0,0.0,-58.14,151.23,12.4,1.3,0.219,916.0,1.0,0.0109170305676855,0.0131004366812227,0.0251091703056768
0.0,0.0,0.0,0.0,0.0,0.0,0.0,0.0,0.0,0.0,0.0,0.0,1.0,0.0,0.0,0.0,0.0,0.0,0.0,0.0,0.0,0.0,0.0,0.0,0.0,1.0,0.0,-62.29,148.48,34.2,1.3,0.219,916.0,1.0,0.009825327510917,0.009825327510917,0.0207423580786026
1.0,0.0,0.0,0.0,0.0,0.0,0.0,0.0,0.0,0.0,0.0,0.0,0.0,0.0,0.0,0.0,0.0,0.0,0.0,0.0,0.0,0.0,1.0,0.0,0.0,0.0,0.0,-51.42,-42.03,81.0,1.3,0.219,916.0,1.0,0.0076419213973799,0.0131004366812227,0.0218340611353711
0.0,0.0,0.0,1.0,0.0,0.0,0.0,0.0,0.0,0.0,0.0,0.0,0.0,0.0,0.0,0.0,0.0,0.0,0.0,0.0,0.0,0.0,1.0,0.0,0.0,0.0,0.0,-62.03,-22.34,162.7,1.3,0.219,916.0,1.0,0.0087336244541484,0.0163755458515283,0.0262008733624454
0.0,0.0,0.0,0.0,0.0,0.0,0.0,0.0,0.0,0.0,0.0,0.0,0.0,1.0,0.0,0.0,0.0,0.0,0.0,0.0,0.0,0.0,1.0,0.0,0.0,0.0,0.0,-96.39,7.57,23.5,1.3,0.219,916.0,0.5,0.009825327510917,0.0174672489082969,0.0283842794759825
0.0,0.0,0.0,0.0,0.0,0.0,0.0,1.0,0.0,0.0,0.0,0.0,0.0,0.0,0.0,0.0,0.0,0.0,0.0,0.0,0.0,0.0,0.0,1.0,0.0,0.0,0.0,-61.43,-50.08,85.6,1.3,0.219,916.0,1.0,0.009825327510917,0.019650655021834,0.0305676855895196
0.0,0.0,0.0,1.0,0.0,0.0,0.0,0.0,0.0,0.0,0.0,0.0,0.0,0.0,0.0,0.0,0.0,0.0,0.0,0.0,0.0,0.0,0.0,1.0,0.0,0.0,0.0,-58.71,-48.58,170.2,1.3,0.219,916.0,1.0,0.0087336244541484,0.0163755458515283,0.0262008733624454
1.0,0.0,0.0,0.0,0.0,0.0,0.0,0.0,0.0,0.0,0.0,0.0,0.0,0.0,0.0,0.0,0.0,0.0,0.0,0.0,0.0,0.0,0.0,1.0,0.0,0.0,0.0,-69.34,-36.32,29.0,1.3,0.219,916.0,1.0,0.0076419213973799,0.019650655021834,0.0283842794759825
0.0,0.0,0.0,0.0,0.0,0.0,0.0,0.0,0.0,0.0,0.0,0.0,0.0,0.0,0.0,0.0,1.0,0.0,0.0,0.0,0.0,0.0,0.0,1.0,0.0,0.0,0.0,-68.99,-41.57,1.6,1.3,0.219,916.0,1.0,0.009825327510917,0.019650655021834,0.0305676855895196
1.0,0.0,0.0,0.0,0.0,0.0,0.0,0.0,0.0,0.0,0.0,0.0,0.0,0.0,0.0,0.0,0.0,0.0,0.0,0.0,0.0,0.0,0.0,1.0,0.0,0.0,0.0,-60.3,-35.98,38.9,1.3,0.219,916.0,1.0,0.0076419213973799,0.0229257641921397,0.0316593886462882
0.0,0.0,0.0,1.0,0.0,0.0,0.0,0.0,0.0,0.0,0.0,0.0,0.0,0.0,0.0,0.0,0.0,0.0,0.0,0.0,0.0,0.0,0.0,1.0,0.0,0.0,0.0,-63.22,-43.25,97.1,1.3,0.219,916.0,1.0,0.0087336244541484,0.0240174672489082,0.0338427947598253
0.0,0.0,0.0,0.0,0.0,0.0,0.0,0.0,0.0,0.0,0.0,0.0,0.0,0.0,0.0,0.0,0.0,1.0,0.0,0.0,0.0,0.0,0.0,1.0,0.0,0.0,0.0,-59.89,-41.69,1.6,1.3,0.219,916.0,1.0,0.009825327510917,0.0163755458515283,0.0272925764192139
0.0,0.0,0.0,0.0,0.0,0.0,0.0,0.0,0.0,1.0,0.0,0.0,0.0,0.0,0.0,0.0,0.0,0.0,0.0,0.0,0.0,0.0,0.0,1.0,0.0,0.0,0.0,-75.49,-27.1,22.2,1.3,0.219,916.0,1.0,0.0087336244541484,0.0218340611353711,0.0316593886462882
0.0,0.0,0.0,0.0,0.0,0.0,0.0,0.0,0.0,0.0,0.0,0.0,0.0,0.0,1.0,0.0,0.0,0.0,0.0,0.0,0.0,0.0,0.0,1.0,0.0,0.0,0.0,-64.52,-42.77,138.7,1.3,0.219,916.0,1.0,0.0087336244541484,0.019650655021834,0.029475982532751
0.0,0.0,0.0,0.0,0.0,0.0,0.0,0.0,0.0,0.0,0.0,0.0,0.0,0.0,0.0,0.0,0.0,0.0,1.0,0.0,0.0,0.0,0.0,1.0,0.0,0.0,0.0,-57.15,-46.64,53.9,1.3,0.219,916.0,1.0,0.0087336244541484,0.0272925764192139,0.037117903930131
0.0,0.0,0.0,0.0,0.0,0.0,0.0,0.0,0.0,1.0,0.0,0.0,0.0,0.0,0.0,0.0,0.0,0.0,0.0,0.0,0.0,0.0,0.0,1.0,0.0,0.0,0.0,-60.88,-42.29,39.7,1.3,0.219,916.0,1.0,0.0087336244541484,0.0262008733624454,0.0360262008733624
0.0,0.0,0.0,1.0,0.0,0.0,0.0,0.0,0.0,0.0,0.0,0.0,0.0,0.0,0.0,0.0,0.0,0.0,0.0,0.0,0.0,0.0,0.0,1.0,0.0,0.0,0.0,-59.47,-38.94,89.5,1.3,0.219,916.0,1.0,0.0076419213973799,0.0141921397379912,0.0229257641921397
0.0,0.0,0.0,0.0,0.0,0.0,0.0,0.0,0.0,0.0,0.0,0.0,0.0,0.0,1.0,0.0,0.0,0.0,0.0,0.0,0.0,0.0,0.0,1.0,0.0,0.0,0.0,-66.09,-41.79,178.9,1.3,0.219,916.0,1.0,0.0087336244541484,0.0141921397379912,0.0240174672489082
0.0,0.0,0.0,0.0,0.0,0.0,0.0,0.0,0.0,0.0,0.0,0.0,0.0,1.0,0.0,0.0,0.0,0.0,0.0,0.0,0.0,0.0,0.0,0.0,0.0,1.0,0.0,-58.21,360.0,147.7,1.3,0.219,916.0,1.0,0.0076419213973799,0.0131004366812227,0.0218340611353711
