0.0,0.0,0.0,0.0,0.0,0.0,0.0,0.0,0.0,0.0,0.0,1.0,0.0,0.0,0.0,0.0,0.0,0.0,0.0,0.0,0.0,0.0,0.0,0.0,0.0,1.0,0.0,360.0,21.34,196.6,1.3,0.162,1556.0,1.0,0.0038560411311053,0.0038560411311053,0.0083547557840616
1.0,0.0,0.0,0.0,0.0,0.0,0.0,0.0,0.0,0.0,0.0,0.0,0.0,0.0,0.0,0.0,0.0,0.0,0.0,0.0,0.0,0.0,0.0,0.0,0.0,1.0,0.0,-66.89,360.0,103.7,1.3,0.162,1556.0,1.0,0.0038560411311053,0.0019280205655526,0.0064267352185089
1.0,0.0,0.0,0.0,0.0,0.0,0.0,0.0,0.0,0.0,0.0,0.0,0.0,0.0,0.0,0.0,0.0,0.0,0.0,0.0,0.0,0.0,0.0,0.0,0.0,1.0,0.0,360.0,150.86,26.9,1.3,0.162,1556.0,1.0,0.0032133676092544,0.0096401028277634,0.0134961439588688
0.0,0.0,0.0,0.0,0.0,0.0,0.0,0.0,0.0,0.0,0.0,1.0,0.0,0.0,0.0,0.0,0.0,0.0,0.0,0.0,0.0,0.0,0.0,0.0,0.0,1.0,0.0,-126.55,117.55,71.7,1.3,0.162,1556.0,1.0,0.005784061696658,0.0096401028277634,0.0160668380462724
0.0,0.0,0.0,0.0,0.0,0.0,0.0,0.0,0.0,0.0,0.0,0.0,0.0,0.0,0.0,0.0,0.0,1.0,0.0,0.0,0.0,0.0,1.0,0.0,0.0,0.0,0.0,-57.01,-29.79,5.6,1.3,0.162,1556.0,1.0,0.005784061696658,0.0128534704370179,0.0192802056555269
0.0,0.0,0.0,0.0,0.0,0.0,0.0,0.0,1.0,0.0,0.0,0.0,0.0,0.0,0.0,0.0,0.0,0.0,0.0,0.0,0.0,0.0,1.0,0.0,0.0,0.0,0.0,-61.17,-24.94,120.9,1.3,0.162,1556.0,1.0,0.0051413881748071,0.0115681233933161,0.0173521850899742
0.0,0.0,0.0,0.0,0.0,0.0,0.0,0.0,0.0,1.0,0.0,0.0,0.0,0.0,0.0,0.0,0.0,0.0,0.0,0.0,0.0,0.0,1.0,0.0,0.0,0.0,0.0,-81.64,-21.48,99.3,1.3,0.162,1556.0,1.0,0.0051413881748071,0.0096401028277634,0.0154241645244215
0.0,0.0,0.0,0.0,0.0,0.0,0.0,0.0,0.0,1.0,0.0,0.0,0.0,0.0,0.0,0.0,0.0,0.0,0.0,0.0,0.0,0.0,0.0,1.0,0.0,0.0,0.0,-83.24,-34.5,0.0,1.3,0.162,1556.0,1.0,0.0051413881748071,0.0115681233933161,0.0173521850899742
0.0,0.0,0.0,0.0,0.0,0.0,0.0,0.0,0.0,1.0,0.0,0.0,0.0,0.0,0.0,0.0,0.0,0.0,0.0,0.0,0.0,0.0,0.0,1.0,0.0,0.0,0.0,-46.65,-50.03,17.2,1.3,0.162,1556.0,1.0,0.0051413881748071,0.0128534704370179,0.018637532133676
0.0,0.0,0.0,0.0,0.0,0.0,0.0,0.0,0.0,0.0,0.0,0.0,1.0,0.0,0.0,0.0,0.0,0.0,0.0,0.0,0.0,0.0,0.0,1.0,0.0,0.0,0.0,-57.95,-34.44,76.7,1.3,0.162,1556.0,1.0,0.005784061696658,0.0096401028277634,0.0160668380462724
0.0,0.0,0.0,0.0,0.0,0.0,0.0,0.0,0.0,0.0,0.0,0.0,0.0,0.0,0.0,0.0,0.0,0.0,0.0,1.0,0.0,0.0,0.0,1.0,0.0,0.0,0.0,-68.06,-46.86,1.9,1.3,0.162,1556.0,1.0,0.0051413881748071,0.012210796915167,0.0179948586118251
0.0,0.0,0.0,0.0,0.0,0.0,0.0,1.0,0.0,0.0,0.0,0.0,0.0,0.0,0.0,0.0,0.0,0.0,0.0,0.0,0.0,0.0,0.0,1.0,0.0,0.0,0.0,-57.82,-50.2,1.2,1.3,0.162,1556.0,1.0,0.005784061696658,0.0115681233933161,0.0179948586118251
0.0,0.0,0.0,0.0,0.0,0.0,0.0,0.0,0.0,1.0,0.0,0.0,0.0,0.0,0.0,0.0,0.0,0.0,0.0,0.0,0.0,0.0,0.0,1.0,0.0,0.0,0.0,-62.04,-43.32,40.3,1.3,0.162,1556.0,1.0,0.0051413881748071,0.0115681233933161,0.0173521850899742
0.0,0.0,0.0,0.0,0.0,0.0,0.0,0.0,1.0,0.0,0.0,0.0,0.0,0.0,0.0,0.0,0.0,0.0,0.0,0.0,0.0,0.0,0.0,1.0,0.0,0.0,0.0,-50.97,-53.23,99.9,1.3,0.162,1556.0,1.0,0.0051413881748071,0.0102827763496143,0.0160668380462724
0.0,0.0,0.0,0.0,0.0,0.0,0.0,0.0,0.0,0.0,0.0,0.0,0.0,0.0,0.0,0.0,0.0,0.0,1.0,0.0,0.0,0.0,0.0,1.0,0.0,0.0,0.0,-84.59,-32.51,32.7,1.3,0.162,1556.0,1.0,0.0051413881748071,0.0154241645244215,0.0212082262210796
0.0,0.0,0.0,1.0,0.0,0.0,0.0,0.0,0.0,0.0,0.0,0.0,0.0,0.0,0.0,0.0,0.0,0.0,0.0,0.0,0.0,0.0,0.0,1.0,0.0,0.0,0.0,-70.12,-33.56,12.2,1.3,0.162,1556.0,1.0,0.0051413881748071,0.0141388174807197,0.0199228791773778
0.0,0.0,0.0,0.0,0.0,1.0,0.0,0.0,0.0,0.0,0.0,0.0,0.0,0.0,0.0,0.0,0.0,0.0,0.0,0.0,0.0,0.0,0.0,1.0,0.0,0.0,0.0,-95.32,-38.03,5.0,1.3,0.162,1556.0,1.0,0.0038560411311053,0.0128534704370179,0.0173521850899742
0.0,0.0,0.0,0.0,0.0,1.0,0.0,0.0,0.0,0.0,0.0,0.0,0.0,0.0,0.0,0.0,0.0,0.0,0.0,0.0,0.0,0.0,0.0,0.0,0.0,1.0,0.0,70.38,16.17,7.3,1.3,0.162,1556.0,1.0,0.0038560411311053,0.0141388174807197,0.018637532133676
0.0,0.0,0.0,0.0,1.0,0.0,0.0,0.0,0.0,0.0,0.0,0.0,0.0,0.0,0.0,0.0,0.0,0.0,0.0,0.0,0.0,0.0,0.0,0.0,1.0,0.0,0.0,-89.53,146.77,69.2,1.3,0.162,1556.0,1.0,0.0051413881748071,0.0115681233933161,0.0173521850899742
0.0,0.0,0.0,0.0,0.0,0.0,0.0,0.0,0.0,0.0,0.0,0.0,0.0,0.0,0.0,0.0,0.0,1.0,0.0,0.0,0.0,0.0,0.0,0.0,1.0,0.0,0.0,-132.15,153.59,93.1,1.3,0.162,1556.0,1.0,0.005784061696658,0.0083547557840616,0.0147814910025706
0.0,0.0,0.0,0.0,0.0,0.0,1.0,0.0,0.0,0.0,0.0,0.0,0.0,0.0,0.0,0.0,0.0,0.0,0.0,0.0,0.0,0.0,0.0,0.0,1.0,0.0,0.0,-117.51,133.4,126.9,1.3,0.162,1556.0,1.0,0.0051413881748071,0.0115681233933161,0.0173521850899742
0.0,0.0,1.0,0.0,0.0,0.0,0.0,0.0,0.0,0.0,0.0,0.0,0.0,0.0,0.0,0.0,0.0,0.0,0.0,0.0,0.0,0.0,0.0,0.0,0.0,1.0,0.0,-62.28,150.45,66.1,1.3,0.162,1556.0,1.0,0.005784061696658,0.0109254498714652,0.0173521850899742
0.0,0.0,0.0,0.0,0.0,0.0,0.0,0.0,0.0,0.0,0.0,0.0,1.0,0.0,0.0,0.0,0.0,0.0,0.0,0.0,0.0,0.0,0.0,0.0,0.0,1.0,0.0,-67.89,163.73,91.9,1.3,0.162,1556.0,1.0,0.005784061696658,0.005784061696658,0.012210796915167
1.0,0.0,0.0,0.0,0.0,0.0,0.0,0.0,0.0,0.0,0.0,0.0,0.0,0.0,0.0,0.0,0.0,0.0,0.0,0.0,0.0,0.0,1.0,0.0,0.0,0.0,0.0,-50.56,-44.17,93.7,1.3,0.162,1556.0,1.0,0.0044987146529562,0.0077120822622107,0.0128534704370179
0.0,0.0,1.0,0.0,0.0,0.0,0.0,0.0,0.0,0.0,0.0,0.0,0.0,0.0,0.0,0.0,0.0,0.0,0.0,0.0,0.0,0.0,1.0,0.0,0.0,0.0,0.0,-75.02,-5.14,156.5,1.3,0.162,1556.0,1.0,0.005784061696658,0.0064267352185089,0.0128534704370179
1.0,0.0,0.0,0.0,0.0,0.0,0.0,0.0,0.0,0.0,0.0,0.0,0.0,0.0,0.0,0.0,0.0,0.0,0.0,0.0,0.0,0.0,1.0,0.0,0.0,0.0,0.0,-97.87,1.65,65.3,1.3,0.162,1556.0,1.0,0.0044987146529562,0.0077120822622107,0.0128534704370179
0.0,0.0,0.0,0.0,0.0,1.0,0.0,0.0,0.0,0.0,0.0,0.0,0.0,0.0,0.0,0.0,0.0,0.0,0.0,0.0,0.0,0.0,0.0,0.0,0.0,1.0,0.0,106.32,-5.78,65.3,1.3,0.162,1556.0,1.0,0.0038560411311053,0.0064267352185089,0.0109254498714652
0.0,0.0,0.0,0.0,0.0,1.0,0.0,0.0,0.0,0.0,0.0,0.0,0.0,0.0,0.0,0.0,0.0,0.0,0.0,0.0,0.0,0.0,0.0,0.0,0.0,1.0,0.0,57.94,24.2,29.9,1.3,0.162,1556.0,1.0,0.0038560411311053,0.0128534704370179,0.0173521850899742
1.0,0.0,0.0,0.0,0.0,0.0,0.0,0.0,0.0,0.0,0.0,0.0,0.0,0.0,0.0,0.0,0.0,0.0,0.0,0.0,0.0,0.0,0.0,0.0,0.0,1.0,0.0,-60.66,136.38,43.1,1.3,0.162,1556.0,1.0,0.0044987146529562,0.0096401028277634,0.0147814910025706
0.0,0.0,0.0,0.0,0.0,0.0,0.0,0.0,0.0,0.0,0.0,0.0,0.0,0.0,0.0,0.0,1.0,0.0,0.0,0.0,0.0,0.0,0.0,0.0,1.0,0.0,0.0,-83.83,126.29,77.7,1.3,0.162,1556.0,1.0,0.005784061696658,0.012210796915167,0.018637532133676
0.0,0.0,0.0,0.0,0.0,0.0,0.0,0.0,0.0,0.0,0.0,1.0,0.0,0.0,0.0,0.0,0.0,0.0,0.0,0.0,0.0,0.0,0.0,0.0,1.0,0.0,0.0,-118.39,139.02,67.5,1.3,0.162,1556.0,1.0,0.005784061696658,0.0089974293059125,0.0154241645244215
0.0,0.0,0.0,0.0,0.0,0.0,0.0,0.0,1.0,0.0,0.0,0.0,0.0,0.0,0.0,0.0,0.0,0.0,0.0,0.0,0.0,0.0,0.0,0.0,1.0,0.0,0.0,-107.83,133.37,113.3,1.3,0.162,1556.0,1.0,0.0051413881748071,0.0083547557840616,0.0141388174807197
0.0,0.0,0.0,0.0,0.0,1.0,0.0,0.0,0.0,0.0,0.0,0.0,0.0,0.0,0.0,0.0,0.0,0.0,0.0,0.0,0.0,0.0,0.0,0.0,0.0,1.0,0.0,-140.21,-135.05,47.6,1.3,0.162,1556.0,1.0,0.0038560411311053,0.0064267352185089,0.0109254498714652
0.0,0.0,0.0,0.0,0.0,0.0,0.0,0.0,0.0,0.0,0.0,0.0,0.0,0.0,0.0,0.0,0.0,1.0,0.0,0.0,0.0,0.0,0.0,0.0,0.0,1.0,0.0,-57.27,125.95,115.0,1.3,0.162,1556.0,1.0,0.005784061696658,0.0044987146529562,0.0109254498714652
0.0,0.0,0.0,0.0,0.0,0.0,0.0,0.0,0.0,0.0,0.0,0.0,0.0,0.0,0.0,0.0,1.0,0.0,0.0,0.0,0.0,0.0,0.0,0.0,0.0,1.0,0.0,-125.89,132.39,52.5,1.3,0.162,1556.0,1.0,0.005784061696658,0.0096401028277634,0.0160668380462724
0.0,0.0,0.0,0.0,0.0,0.0,0.0,1.0,0.0,0.0,0.0,0.0,0.0,0.0,0.0,0.0,0.0,0.0,0.0,0.0,0.0,0.0,0.0,0.0,0.0,1.0,0.0,-130.92,76.51,21.0,1.3,0.162,1556.0,1.0,0.005784061696658,0.0083547557840616,0.0147814910025706
1.0,0.0,0.0,0.0,0.0,0.0,0.0,0.0,0.0,0.0,0.0,0.0,0.0,0.0,0.0,0.0,0.0,0.0,0.0,0.0,0.0,0.0,0.0,0.0,0.0,1.0,0.0,-77.56,124.04,25.9,1.3,0.162,1556.0,1.0,0.0044987146529562,0.0160668380462724,0.0212082262210796
0.0,0.0,0.0,0.0,0.0,0.0,0.0,0.0,0.0,0.0,0.0,0.0,0.0,0.0,0.0,0.0,1.0,0.0,0.0,0.0,0.0,0.0,0.0,0.0,0.0,0.0,1.0,-118.4,-5.01,8.0,1.3,0.162,1556.0,1.0,0.005784061696658,0.0147814910025706,0.0212082262210796
0.0,0.0,0.0,0.0,0.0,0.0,0.0,0.0,0.0,0.0,0.0,0.0,0.0,0.0,0.0,0.0,0.0,0.0,1.0,0.0,0.0,0.0,0.0,0.0,0.0,0.0,1.0,-57.07,113.91,15.2,1.3,0.162,1556.0,1.0,0.0051413881748071,0.0173521850899742,0.0231362467866323
0.0,0.0,0.0,0.0,0.0,0.0,0.0,0.0,1.0,0.0,0.0,0.0,0.0,0.0,0.0,0.0,0.0,0.0,0.0,0.0,0.0,0.0,0.0,0.0,0.0,0.0,1.0,62.45,21.74,60.5,1.3,0.162,1556.0,1.0,0.0051413881748071,0.0147814910025706,0.0205655526992287
0.0,0.0,0.0,0.0,0.0,0.0,0.0,0.0,0.0,0.0,0.0,0.0,0.0,0.0,1.0,0.0,0.0,0.0,0.0,0.0,0.0,0.0,0.0,0.0,0.0,0.0,1.0,-113.35,-8.73,141.2,1.3,0.162,1556.0,1.0,0.0051413881748071,0.0102827763496143,0.0160668380462724
0.0,0.0,0.0,0.0,0.0,0.0,0.0,0.0,0.0,0.0,0.0,0.0,0.0,0.0,0.0,0.0,0.0,1.0,0.0,0.0,0.0,0.0,0.0,0.0,0.0,0.0,1.0,-115.32,78.65,5.8,1.3,0.162,1556.0,1.0,0.005784061696658,0.0096401028277634,0.0160668380462724
0.0,0.0,0.0,0.0,0.0,1.0,0.0,0.0,0.0,0.0,0.0,0.0,0.0,0.0,0.0,0.0,0.0,0.0,0.0,0.0,0.0,0.0,0.0,0.0,0.0,0.0,1.0,55.86,39.67,33.6,1.3,0.162,1556.0,1.0,0.0038560411311053,0.0083547557840616,0.0128534704370179
0.0,0.0,0.0,0.0,0.0,0.0,0.0,0.0,0.0,0.0,0.0,0.0,0.0,0.0,0.0,0.0,0.0,0.0,0.0,1.0,0.0,0.0,0.0,0.0,0.0,0.0,1.0,-70.4,129.96,44.3,1.3,0.162,1556.0,1.0,0.0051413881748071,0.0147814910025706,0.0205655526992287
0.0,0.0,1.0,0.0,0.0,0.0,0.0,0.0,0.0,0.0,0.0,0.0,0.0,0.0,0.0,0.0,0.0,0.0,0.0,0.0,0.0,1.0,0.0,0.0,0.0,0.0,0.0,-106.16,113.96,52.1,1.3,0.162,1556.0,1.0,0.005784061696658,0.0102827763496143,0.0167095115681233
0.0,0.0,0.0,0.0,0.0,0.0,0.0,0.0,1.0,0.0,0.0,0.0,0.0,0.0,0.0,0.0,0.0,0.0,0.0,0.0,0.0,0.0,0.0,0.0,0.0,0.0,1.0,-79.75,-5.61,139.1,1.3,0.162,1556.0,1.0,0.0051413881748071,0.012210796915167,0.0179948586118251
0.0,0.0,1.0,0.0,0.0,0.0,0.0,0.0,0.0,0.0,0.0,0.0,0.0,0.0,0.0,0.0,0.0,0.0,0.0,0.0,0.0,0.0,0.0,0.0,0.0,0.0,1.0,-55.45,125.98,89.0,1.3,0.162,1556.0,1.0,0.005784061696658,0.0077120822622107,0.0141388174807197
0.0,0.0,0.0,0.0,0.0,1.0,0.0,0.0,0.0,0.0,0.0,0.0,0.0,0.0,0.0,0.0,0.0,0.0,0.0,0.0,0.0,0.0,0.0,0.0,0.0,0.0,1.0,74.19,14.16,58.4,1.3,0.162,1556.0,1.0,0.0038560411311053,0.0089974293059125,0.0134961439588688
0.0,0.0,1.0,0.0,0.0,0.0,0.0,0.0,0.0,0.0,0.0,0.0,0.0,0.0,0.0,0.0,0.0,0.0,0.0,0.0,0.0,0.0,0.0,0.0,0.0,0.0,1.0,-84.08,-2.87,5.8,1.3,0.162,1556.0,1.0,0.005784061696658,0.0096401028277634,0.0160668380462724
0.0,0.0,0.0,0.0,0.0,1.0,0.0,0.0,0.0,0.0,0.0,0.0,0.0,0.0,0.0,0.0,0.0,0.0,0.0,0.0,0.0,0.0,0.0,0.0,0.0,1.0,0.0,81.02,-1.03,48.6,1.3,0.162,1556.0,1.0,0.0038560411311053,0.0096401028277634,0.0141388174807197
0.0,0.0,1.0,0.0,0.0,0.0,0.0,0.0,0.0,0.0,0.0,0.0,0.0,0.0,0.0,0.0,0.0,0.0,0.0,0.0,0.0,0.0,0.0,0.0,0.0,1.0,0.0,56.52,37.91,128.9,1.3,0.162,1556.0,1.0,0.0051413881748071,0.0083547557840616,0.0141388174807197
0.0,0.0,0.0,0.0,0.0,0.0,0.0,1.0,0.0,0.0,0.0,0.0,0.0,0.0,0.0,0.0,0.0,0.0,0.0,0.0,0.0,0.0,0.0,0.0,0.0,1.0,0.0,-76.93,127.27,27.9,1.3,0.162,1556.0,1.0,0.005784061696658,0.0083547557840616,0.0147814910025706
0.0,0.0,1.0,0.0,0.0,0.0,0.0,0.0,0.0,0.0,0.0,0.0,0.0,0.0,0.0,0.0,0.0,0.0,0.0,0.0,0.0,0.0,0.0,0.0,0.0,1.0,0.0,-145.78,150.34,109.8,1.3,0.162,1556.0,1.0,0.005784061696658,0.0109254498714652,0.0173521850899742
0.0,0.0,0.0,0.0,0.0,0.0,0.0,0.0,0.0,0.0,0.0,0.0,0.0,0.0,0.0,0.0,0.0,1.0,0.0,0.0,0.0,0.0,0.0,0.0,0.0,0.0,1.0,-133.73,157.6,33.6,1.3,0.162,1556.0,1.0,0.005784061696658,0.0077120822622107,0.0141388174807197
0.0,0.0,0.0,1.0,0.0,0.0,0.0,0.0,0.0,0.0,0.0,0.0,0.0,0.0,0.0,0.0,0.0,0.0,0.0,0.0,0.0,0.0,0.0,0.0,0.0,0.0,1.0,-61.1,-46.07,194.6,1.3,0.162,1556.0,1.0,0.0051413881748071,0.0064267352185089,0.012210796915167
0.0,0.0,1.0,0.0,0.0,0.0,0.0,0.0,0.0,0.0,0.0,0.0,0.0,0.0,0.0,0.0,0.0,0.0,0.0,0.0,0.0,0.0,0.0,0.0,0.0,0.0,1.0,-157.44,109.8,51.2,1.3,0.162,1556.0,1.0,0.005784061696658,0.0089974293059125,0.0154241645244215
0.0,0.0,0.0,0.0,0.0,0.0,0.0,0.0,0.0,1.0,0.0,0.0,0.0,0.0,0.0,0.0,0.0,0.0,0.0,0.0,0.0,0.0,1.0,0.0,0.0,0.0,0.0,-53.93,-30.87,18.5,1.3,0.162,1556.0,1.0,0.0051413881748071,0.0102827763496143,0.0160668380462724
0.0,0.0,0.0,0.0,0.0,0.0,0.0,0.0,1.0,0.0,0.0,0.0,0.0,0.0,0.0,0.0,0.0,0.0,0.0,0.0,0.0,0.0,1.0,0.0,0.0,0.0,0.0,-66.02,-17.38,83.2,1.3,0.162,1556.0,1.0,0.0051413881748071,0.0109254498714652,0.0167095115681233
0.0,0.0,0.0,0.0,0.0,0.0,0.0,0.0,0.0,1.0,0.0,0.0,0.0,0.0,0.0,0.0,0.0,0.0,0.0,0.0,0.0,0.0,1.0,0.0,0.0,0.0,0.0,-93.92,-0.21,136.6,1.3,0.162,1556.0,1.0,0.0051413881748071,0.0083547557840616,0.0141388174807197
0.0,0.0,0.0,0.0,0.0,0.0,0.0,0.0,0.0,1.0,0.0,0.0,0.0,0.0,0.0,0.0,0.0,0.0,0.0,0.0,0.0,0.0,0.0,0.0,0.0,1.0,0.0,-98.23,156.88,58.4,1.3,0.162,1556.0,1.0,0.0051413881748071,0.0089974293059125,0.0147814910025706
0.0,0.0,0.0,0.0,0.0,0.0,0.0,0.0,0.0,0.0,0.0,0.0,0.0,0.0,0.0,0.0,1.0,0.0,0.0,0.0,0.0,0.0,0.0,0.0,0.0,1.0,0.0,-68.13,157.76,84.9,1.3,0.162,1556.0,1.0,0.005784061696658,0.0064267352185089,0.0128534704370179
0.0,0.0,1.0,0.0,0.0,0.0,0.0,0.0,0.0,0.0,0.0,0.0,0.0,0.0,0.0,0.0,0.0,0.0,0.0,0.0,0.0,0.0,0.0,1.0,0.0,0.0,0.0,-54.8,-45.82,94.5,1.3,0.162,1556.0,1.0,0.005784061696658,0.0102827763496143,0.0167095115681233
0.0,0.0,1.0,0.0,0.0,0.0,0.0,0.0,0.0,0.0,0.0,0.0,0.0,0.0,0.0,0.0,0.0,0.0,0.0,0.0,0.0,0.0,0.0,1.0,0.0,0.0,0.0,-59.54,-41.64,105.2,1.3,0.162,1556.0,1.0,0.005784061696658,0.0109254498714652,0.0173521850899742
0.0,0.0,1.0,0.0,0.0,0.0,0.0,0.0,0.0,0.0,0.0,0.0,0.0,0.0,0.0,0.0,0.0,0.0,0.0,0.0,0.0,0.0,0.0,1.0,0.0,0.0,0.0,-67.4,-39.5,51.5,1.3,0.162,1556.0,1.0,0.005784061696658,0.0128534704370179,0.0192802056555269
0.0,0.0,0.0,0.0,0.0,0.0,0.0,0.0,0.0,0.0,0.0,0.0,0.0,0.0,0.0,0.0,0.0,1.0,0.0,0.0,0.0,0.0,0.0,1.0,0.0,0.0,0.0,-59.6,-45.99,2.6,1.3,0.162,1556.0,1.0,0.005784061696658,0.0102827763496143,0.0167095115681233
0.0,0.0,0.0,0.0,0.0,0.0,0.0,0.0,0.0,1.0,0.0,0.0,0.0,0.0,0.0,0.0,0.0,0.0,0.0,0.0,0.0,0.0,0.0,1.0,0.0,0.0,0.0,-64.46,-57.19,3.6,1.3,0.162,1556.0,1.0,0.0051413881748071,0.0154241645244215,0.0212082262210796
0.0,0.0,0.0,0.0,0.0,0.0,0.0,0.0,0.0,0.0,0.0,1.0,0.0,0.0,0.0,0.0,0.0,0.0,0.0,0.0,0.0,0.0,0.0,1.0,0.0,0.0,0.0,-76.84,-29.31,89.8,1.3,0.162,1556.0,1.0,0.005784061696658,0.0109254498714652,0.0173521850899742
0.0,0.0,0.0,0.0,0.0,0.0,0.0,0.0,0.0,0.0,0.0,0.0,0.0,0.0,1.0,0.0,0.0,0.0,0.0,0.0,0.0,0.0,0.0,1.0,0.0,0.0,0.0,-106.19,-14.58,170.3,1.3,0.162,1556.0,1.0,0.0051413881748071,0.0102827763496143,0.0160668380462724
0.0,0.0,0.0,0.0,0.0,0.0,0.0,0.0,0.0,0.0,0.0,0.0,0.0,0.0,0.0,0.0,0.0,1.0,0.0,0.0,0.0,0.0,0.0,1.0,0.0,0.0,0.0,-126.07,-69.31,1.6,1.3,0.162,1556.0,1.0,0.005784061696658,0.0102827763496143,0.0167095115681233
0.0,0.0,0.0,0.0,0.0,0.0,0.0,0.0,0.0,1.0,0.0,0.0,0.0,0.0,0.0,0.0,0.0,0.0,0.0,0.0,0.0,0.0,0.0,1.0,0.0,0.0,0.0,-61.86,-52.7,0.0,1.3,0.162,1556.0,1.0,0.0051413881748071,0.0141388174807197,0.0199228791773778
0.0,0.0,0.0,0.0,0.0,0.0,0.0,0.0,1.0,0.0,0.0,0.0,0.0,0.0,0.0,0.0,0.0,0.0,0.0,0.0,0.0,0.0,0.0,1.0,0.0,0.0,0.0,-68.54,-55.55,49.5,1.3,0.162,1556.0,1.0,0.0051413881748071,0.0147814910025706,0.0205655526992287
0.0,0.0,0.0,0.0,0.0,0.0,0.0,0.0,0.0,0.0,0.0,0.0,1.0,0.0,0.0,0.0,0.0,0.0,0.0,0.0,0.0,0.0,0.0,1.0,0.0,0.0,0.0,-62.78,-36.45,51.1,1.3,0.162,1556.0,1.0,0.005784061696658,0.0102827763496143,0.0167095115681233
0.0,0.0,0.0,0.0,1.0,0.0,0.0,0.0,0.0,0.0,0.0,0.0,0.0,0.0,0.0,0.0,0.0,0.0,0.0,0.0,0.0,0.0,0.0,1.0,0.0,0.0,0.0,-102.13,-14.18,66.8,1.3,0.162,1556.0,1.0,0.0051413881748071,0.012210796915167,0.0179948586118251
0.0,0.0,0.0,0.0,0.0,0.0,0.0,0.0,0.0,0.0,0.0,0.0,0.0,0.0,0.0,0.0,0.0,0.0,0.0,1.0,0.0,0.0,0.0,1.0,0.0,0.0,0.0,-124.52,-60.02,0.0,1.3,0.162,1556.0,1.0,0.0051413881748071,0.0128534704370179,0.018637532133676
0.0,0.0,0.0,0.0,0.0,0.0,0.0,0.0,0.0,0.0,0.0,0.0,0.0,0.0,0.0,0.0,0.0,0.0,1.0,0.0,0.0,0.0,1.0,0.0,0.0,0.0,0.0,-61.57,-49.86,0.0,1.3,0.162,1556.0,1.0,0.0051413881748071,0.0147814910025706,0.0205655526992287
0.0,0.0,1.0,0.0,0.0,0.0,0.0,0.0,0.0,0.0,0.0,0.0,0.0,0.0,0.0,0.0,0.0,0.0,0.0,0.0,0.0,0.0,1.0,0.0,0.0,0.0,0.0,-70.38,-19.27,60.8,1.3,0.162,1556.0,1.0,0.005784061696658,0.012210796915167,0.018637532133676
0.0,0.0,0.0,0.0,0.0,0.0,0.0,0.0,0.0,0.0,0.0,0.0,0.0,0.0,1.0,0.0,0.0,0.0,0.0,0.0,0.0,0.0,1.0,0.0,0.0,0.0,0.0,-66.36,-32.79,41.0,1.3,0.162,1556.0,1.0,0.0051413881748071,0.0096401028277634,0.0154241645244215
0.0,0.0,0.0,0.0,0.0,0.0,0.0,0.0,0.0,0.0,0.0,0.0,0.0,0.0,0.0,0.0,0.0,0.0,1.0,0.0,0.0,0.0,1.0,0.0,0.0,0.0,0.0,-86.73,6.15,0.0,1.3,0.162,1556.0,1.0,0.0051413881748071,0.0154241645244215,0.0212082262210796
0.0,0.0,0.0,0.0,0.0,0.0,0.0,0.0,1.0,0.0,0.0,0.0,0.0,0.0,0.0,0.0,0.0,0.0,0.0,0.0,0.0,0.0,0.0,0.0,0.0,1.0,0.0,45.01,43.67,92.6,1.3,0.162,1556.0,1.0,0.0051413881748071,0.0102827763496143,0.0160668380462724
1.0,0.0,0.0,0.0,0.0,0.0,0.0,0.0,0.0,0.0,0.0,0.0,0.0,0.0,0.0,0.0,0.0,0.0,0.0,0.0,0.0,0.0,1.0,0.0,0.0,0.0,0.0,-70.03,-15.43,0.0,1.3,0.162,1556.0,1.0,0.0044987146529562,0.0160668380462724,0.0212082262210796
0.0,0.0,1.0,0.0,0.0,0.0,0.0,0.0,0.0,0.0,0.0,0.0,0.0,0.0,0.0,0.0,0.0,0.0,0.0,0.0,0.0,0.0,1.0,0.0,0.0,0.0,0.0,-61.47,-19.83,88.1,1.3,0.162,1556.0,1.0,0.005784061696658,0.0089974293059125,0.0154241645244215
0.0,0.0,0.0,0.0,0.0,0.0,0.0,0.0,0.0,1.0,0.0,0.0,0.0,0.0,0.0,0.0,0.0,0.0,0.0,0.0,0.0,0.0,1.0,0.0,0.0,0.0,0.0,-100.98,2.8,110.8,1.3,0.162,1556.0,1.0,0.0051413881748071,0.0089974293059125,0.0147814910025706
0.0,0.0,0.0,0.0,0.0,0.0,0.0,1.0,0.0,0.0,0.0,0.0,0.0,0.0,0.0,0.0,0.0,0.0,0.0,0.0,0.0,0.0,0.0,0.0,0.0,1.0,0.0,-89.76,126.08,0.9,1.3,0.162,1556.0,1.0,0.005784061696658,0.0115681233933161,0.0179948586118251
0.0,0.0,0.0,1.0,0.0,0.0,0.0,0.0,0.0,0.0,0.0,0.0,0.0,0.0,0.0,0.0,0.0,0.0,0.0,0.0,0.0,0.0,0.0,0.0,0.0,1.0,0.0,-82.61,-19.18,113.8,1.3,0.162,1556.0,1.0,0.0051413881748071,0.0109254498714652,0.0167095115681233
0.0,0.0,0.0,0.0,0.0,0.0,0.0,0.0,0.0,0.0,0.0,0.0,0.0,0.0,0.0,1.0,0.0,0.0,0.0,0.0,0.0,0.0,0.0,0.0,0.0,1.0,0.0,-100.5,116.83,20.9,1.3,0.162,1556.0,1.0,0.0051413881748071,0.0077120822622107,0.0134961439588688
0.0,0.0,0.0,0.0,0.0,0.0,0.0,0.0,0.0,0.0,0.0,0.0,0.0,1.0,0.0,0.0,0.0,0.0,0.0,0.0,0.0,0.0,0.0,1.0,0.0,0.0,0.0,-54.9,-48.56,45.7,1.3,0.162,1556.0,1.0,0.0051413881748071,0.0102827763496143,0.0160668380462724
0.0,0.0,0.0,0.0,0.0,0.0,0.0,0.0,1.0,0.0,0.0,0.0,0.0,0.0,0.0,0.0,0.0,0.0,0.0,0.0,0.0,0.0,0.0,1.0,0.0,0.0,0.0,-66.33,-37.33,68.7,1.3,0.162,1556.0,1.0,0.0051413881748071,0.012210796915167,0.0179948586118251
0.0,0.0,0.0,0.0,0.0,0.0,0.0,0.0,0.0,0.0,0.0,0.0,0.0,0.0,0.0,0.0,0.0,1.0,0.0,0.0,0.0,0.0,0.0,1.0,0.0,0.0,0.0,-62.5,-48.28,2.0,1.3,0.162,1556.0,1.0,0.005784061696658,0.0109254498714652,0.0173521850899742
1.0,0.0,0.0,0.0,0.0,0.0,0.0,0.0,0.0,0.0,0.0,0.0,0.0,0.0,0.0,0.0,0.0,0.0,0.0,0.0,0.0,0.0,0.0,1.0,0.0,0.0,0.0,-58.02,-43.41,0.0,1.3,0.162,1556.0,1.0,0.0044987146529562,0.0141388174807197,0.0192802056555269
0.0,0.0,0.0,0.0,0.0,0.0,0.0,0.0,0.0,0.0,0.0,1.0,0.0,0.0,0.0,0.0,0.0,0.0,0.0,0.0,0.0,0.0,0.0,1.0,0.0,0.0,0.0,-57.77,-49.27,7.0,1.3,0.162,1556.0,1.0,0.005784061696658,0.0141388174807197,0.0205655526992287
0.0,0.0,0.0,0.0,0.0,0.0,0.0,1.0,0.0,0.0,0.0,0.0,0.0,0.0,0.0,0.0,0.0,0.0,0.0,0.0,0.0,0.0,0.0,1.0,0.0,0.0,0.0,-72.69,-32.89,0.0,1.3,0.162,1556.0,1.0,0.005784061696658,0.0115681233933161,0.0179948586118251
0.0,0.0,0.0,0.0,0.0,0.0,0.0,0.0,0.0,1.0,0.0,0.0,0.0,0.0,0.0,0.0,0.0,0.0,0.0,0.0,0.0,0.0,0.0,1.0,0.0,0.0,0.0,-69.83,-49.25,1.2,1.3,0.162,1556.0,1.0,0.0051413881748071,0.0134961439588688,0.0192802056555269
0.0,0.0,0.0,0.0,0.0,0.0,0.0,0.0,0.0,0.0,0.0,0.0,0.0,0.0,0.0,0.0,0.0,1.0,0.0,0.0,0.0,0.0,0.0,1.0,0.0,0.0,0.0,-64.58,-42.92,0.0,1.3,0.162,1556.0,1.0,0.005784061696658,0.012210796915167,0.018637532133676
0.0,0.0,1.0,0.0,0.0,0.0,0.0,0.0,0.0,0.0,0.0,0.0,0.0,0.0,0.0,0.0,0.0,0.0,0.0,0.0,0.0,0.0,0.0,1.0,0.0,0.0,0.0,-61.01,-32.81,2.0,1.3,0.162,1556.0,1.0,0.0051413881748071,0.0141388174807197,0.0199228791773778
0.0,0.0,0.0,0.0,0.0,0.0,0.0,0.0,0.0,0.0,0.0,0.0,0.0,0.0,0.0,0.0,0.0,0.0,1.0,0.0,0.0,0.0,0.0,1.0,0.0,0.0,0.0,-63.67,-44.85,0.8,1.3,0.162,1556.0,1.0,0.005784061696658,0.0160668380462724,0.0224935732647814
0.0,0.0,0.0,0.0,0.0,0.0,0.0,0.0,0.0,0.0,0.0,0.0,0.0,0.0,0.0,0.0,0.0,1.0,0.0,0.0,0.0,0.0,0.0,1.0,0.0,0.0,0.0,-64.5,-37.65,0.0,1.3,0.162,1556.0,1.0,0.005784061696658,0.0134961439588688,0.0199228791773778
0.0,0.0,0.0,0.0,0.0,0.0,0.0,0.0,0.0,0.0,0.0,0.0,0.0,0.0,0.0,0.0,0.0,0.0,1.0,0.0,0.0,0.0,0.0,1.0,0.0,0.0,0.0,-54.72,-46.65,0.0,1.3,0.162,1556.0,1.0,0.0051413881748071,0.0154241645244215,0.0212082262210796
0.0,0.0,0.0,0.0,0.0,1.0,0.0,0.0,0.0,0.0,0.0,0.0,0.0,0.0,0.0,0.0,0.0,0.0,0.0,0.0,0.0,0.0,0.0,1.0,0.0,0.0,0.0,-82.87,-36.61,1.5,1.3,0.162,1556.0,1.0,0.0038560411311053,0.0179948586118251,0.0224935732647814
0.0,0.0,0.0,0.0,0.0,0.0,0.0,0.0,0.0,0.0,0.0,0.0,0.0,0.0,0.0,1.0,0.0,0.0,0.0,0.0,0.0,0.0,0.0,1.0,0.0,0.0,0.0,-126.14,-3.19,1.0,1.3,0.162,1556.0,1.0,0.0051413881748071,0.0154241645244215,0.0212082262210796
0.0,0.0,0.0,0.0,0.0,1.0,0.0,0.0,0.0,0.0,0.0,0.0,0.0,0.0,0.0,0.0,0.0,0.0,0.0,0.0,0.0,1.0,0.0,0.0,0.0,0.0,0.0,71.96,-132.91,0.0,1.3,0.162,1556.0,1.0,0.0038560411311053,0.0160668380462724,0.0205655526992287
0.0,0.0,0.0,0.0,0.0,0.0,0.0,0.0,1.0,0.0,0.0,0.0,0.0,0.0,0.0,0.0,0.0,0.0,0.0,0.0,0.0,0.0,0.0,1.0,0.0,0.0,0.0,-59.17,-27.85,52.7,1.3,0.162,1556.0,1.0,0.0051413881748071,0.0115681233933161,0.0173521850899742
0.0,0.0,0.0,0.0,0.0,0.0,0.0,0.0,0.0,0.0,0.0,0.0,0.0,0.0,0.0,0.0,0.0,0.0,0.0,1.0,0.0,0.0,0.0,1.0,0.0,0.0,0.0,-57.91,-31.4,95.6,1.3,0.162,1556.0,1.0,0.0051413881748071,0.012210796915167,0.0179948586118251
0.0,0.0,0.0,0.0,0.0,1.0,0.0,0.0,0.0,0.0,0.0,0.0,0.0,0.0,0.0,0.0,0.0,0.0,0.0,0.0,0.0,0.0,0.0,1.0,0.0,0.0,0.0,-75.34,-2.97,0.0,1.3,0.162,1556.0,1.0,0.0038560411311053,0.0199228791773778,0.0244215938303341
0.0,0.0,0.0,0.0,0.0,0.0,0.0,1.0,0.0,0.0,0.0,0.0,0.0,0.0,0.0,0.0,0.0,0.0,0.0,0.0,0.0,0.0,0.0,1.0,0.0,0.0,0.0,-107.15,-51.41,0.8,1.3,0.162,1556.0,1.0,0.005784061696658,0.0128534704370179,0.0192802056555269
0.0,0.0,0.0,0.0,0.0,0.0,0.0,0.0,0.0,0.0,0.0,0.0,0.0,0.0,0.0,0.0,0.0,1.0,0.0,0.0,0.0,0.0,0.0,1.0,0.0,0.0,0.0,-66.7,-35.26,29.0,1.3,0.162,1556.0,1.0,0.005784061696658,0.0141388174807197,0.0205655526992287
0.0,0.0,0.0,0.0,0.0,0.0,0.0,1.0,0.0,0.0,0.0,0.0,0.0,0.0,0.0,0.0,0.0,0.0,0.0,0.0,0.0,0.0,0.0,1.0,0.0,0.0,0.0,-70.59,-49.79,38.7,1.3,0.162,1556.0,1.0,0.005784061696658,0.0109254498714652,0.0173521850899742
0.0,0.0,0.0,0.0,0.0,0.0,0.0,0.0,0.0,0.0,0.0,0.0,1.0,0.0,0.0,0.0,0.0,0.0,0.0,0.0,0.0,0.0,0.0,1.0,0.0,0.0,0.0,-53.4,-37.8,2.0,1.3,0.162,1556.0,1.0,0.005784061696658,0.0115681233933161,0.0179948586118251
0.0,0.0,0.0,0.0,0.0,0.0,0.0,0.0,0.0,0.0,0.0,0.0,0.0,1.0,0.0,0.0,0.0,0.0,0.0,0.0,0.0,0.0,0.0,1.0,0.0,0.0,0.0,-59.12,-39.67,0.0,1.3,0.162,1556.0,1.0,0.0051413881748071,0.0154241645244215,0.0212082262210796
0.0,0.0,0.0,0.0,0.0,0.0,0.0,0.0,0.0,0.0,0.0,0.0,0.0,0.0,1.0,0.0,0.0,0.0,0.0,0.0,0.0,0.0,0.0,1.0,0.0,0.0,0.0,-63.23,-45.75,147.9,1.3,0.162,1556.0,1.0,0.0051413881748071,0.0109254498714652,0.0167095115681233
0.0,0.0,0.0,0.0,0.0,0.0,0.0,1.0,0.0,0.0,0.0,0.0,0.0,0.0,0.0,0.0,0.0,0.0,0.0,0.0,0.0,0.0,0.0,1.0,0.0,0.0,0.0,-56.17,-41.83,40.3,1.3,0.162,1556.0,1.0,0.005784061696658,0.012210796915167,0.018637532133676
0.0,0.0,0.0,0.0,0.0,0.0,0.0,0.0,0.0,1.0,0.0,0.0,0.0,0.0,0.0,0.0,0.0,0.0,0.0,0.0,0.0,0.0,0.0,1.0,0.0,0.0,0.0,-77.83,-14.28,34.2,1.3,0.162,1556.0,1.0,0.0051413881748071,0.0096401028277634,0.0154241645244215
0.0,0.0,0.0,0.0,0.0,1.0,0.0,0.0,0.0,0.0,0.0,0.0,0.0,0.0,0.0,0.0,0.0,0.0,0.0,0.0,0.0,0.0,0.0,0.0,0.0,1.0,0.0,75.51,31.01,68.7,1.3,0.162,1556.0,1.0,0.0038560411311053,0.0089974293059125,0.0134961439588688
0.0,0.0,0.0,0.0,0.0,0.0,0.0,0.0,0.0,0.0,0.0,0.0,0.0,0.0,0.0,0.0,0.0,1.0,0.0,0.0,0.0,0.0,0.0,0.0,0.0,1.0,0.0,-114.03,163.11,19.6,1.3,0.162,1556.0,1.0,0.005784061696658,0.0064267352185089,0.0128534704370179
0.0,0.0,0.0,0.0,0.0,0.0,0.0,0.0,0.0,0.0,0.0,0.0,0.0,1.0,0.0,0.0,0.0,0.0,0.0,0.0,0.0,0.0,0.0,0.0,0.0,1.0,0.0,-53.74,126.6,154.0,1.3,0.162,1556.0,1.0,0.0051413881748071,0.0070694087403598,0.0128534704370179
1.0,0.0,0.0,0.0,0.0,0.0,0.0,0.0,0.0,0.0,0.0,0.0,0.0,0.0,0.0,0.0,0.0,0.0,0.0,0.0,0.0,0.0,0.0,0.0,0.0,1.0,0.0,-86.52,66.03,56.4,1.3,0.162,1556.0,1.0,0.0044987146529562,0.0128534704370179,0.0179948586118251
0.0,0.0,1.0,0.0,0.0,0.0,0.0,0.0,0.0,0.0,0.0,0.0,0.0,0.0,0.0,0.0,0.0,0.0,0.0,0.0,0.0,0.0,0.0,0.0,0.0,1.0,0.0,-96.51,-0.08,75.5,1.3,0.162,1556.0,1.0,0.005784061696658,0.0089974293059125,0.0154241645244215
0.0,0.0,0.0,0.0,0.0,1.0,0.0,0.0,0.0,0.0,0.0,0.0,0.0,0.0,0.0,0.0,0.0,0.0,0.0,0.0,0.0,0.0,0.0,0.0,0.0,1.0,0.0,73.2,11.21,5.5,1.3,0.162,1556.0,1.0,0.0038560411311053,0.0154241645244215,0.0199228791773778
0.0,0.0,0.0,0.0,0.0,0.0,0.0,1.0,0.0,0.0,0.0,0.0,0.0,0.0,0.0,0.0,0.0,0.0,0.0,0.0,0.0,0.0,0.0,0.0,0.0,1.0,0.0,-119.94,122.05,113.4,1.3,0.162,1556.0,1.0,0.005784061696658,0.0089974293059125,0.0154241645244215
0.0,0.0,0.0,0.0,0.0,0.0,0.0,0.0,0.0,0.0,0.0,0.0,0.0,0.0,0.0,0.0,0.0,1.0,0.0,0.0,0.0,0.0,0.0,0.0,0.0,1.0,0.0,-84.21,93.47,3.1,1.3,0.162,1556.0,1.0,0.005784061696658,0.0083547557840616,0.0147814910025706
0.0,0.0,0.0,0.0,0.0,1.0,0.0,0.0,0.0,0.0,0.0,0.0,0.0,0.0,0.0,0.0,0.0,0.0,0.0,0.0,0.0,0.0,0.0,0.0,0.0,1.0,0.0,-99.4,-173.18,27.4,1.3,0.162,1556.0,1.0,0.0038560411311053,0.0089974293059125,0.0134961439588688
0.0,0.0,0.0,0.0,0.0,0.0,0.0,0.0,0.0,0.0,0.0,1.0,0.0,0.0,0.0,0.0,0.0,0.0,0.0,0.0,0.0,0.0,0.0,1.0,0.0,0.0,0.0,-54.72,-43.75,113.1,1.3,0.162,1556.0,1.0,0.0051413881748071,0.0083547557840616,0.0141388174807197
0.0,0.0,0.0,0.0,0.0,0.0,0.0,0.0,1.0,0.0,0.0,0.0,0.0,0.0,0.0,0.0,0.0,0.0,0.0,0.0,0.0,0.0,0.0,1.0,0.0,0.0,0.0,-63.69,-39.34,155.7,1.3,0.162,1556.0,1.0,0.0051413881748071,0.0096401028277634,0.0154241645244215
0.0,0.0,0.0,0.0,0.0,0.0,0.0,0.0,0.0,0.0,0.0,0.0,0.0,0.0,0.0,0.0,1.0,0.0,0.0,0.0,0.0,0.0,0.0,1.0,0.0,0.0,0.0,-64.24,-47.21,7.0,1.3,0.162,1556.0,1.0,0.005784061696658,0.0109254498714652,0.0173521850899742
0.0,0.0,0.0,0.0,0.0,0.0,0.0,0.0,0.0,1.0,0.0,0.0,0.0,0.0,0.0,0.0,0.0,0.0,0.0,0.0,0.0,0.0,0.0,1.0,0.0,0.0,0.0,-61.48,-40.4,11.0,1.3,0.162,1556.0,1.0,0.0051413881748071,0.0115681233933161,0.0173521850899742
0.0,0.0,0.0,0.0,0.0,0.0,0.0,0.0,0.0,0.0,0.0,0.0,0.0,1.0,0.0,0.0,0.0,0.0,0.0,0.0,0.0,0.0,0.0,1.0,0.0,0.0,0.0,-59.53,-43.26,110.9,1.3,0.162,1556.0,1.0,0.0051413881748071,0.0115681233933161,0.0173521850899742
1.0,0.0,0.0,0.0,0.0,0.0,0.0,0.0,0.0,0.0,0.0,0.0,0.0,0.0,0.0,0.0,0.0,0.0,0.0,0.0,0.0,0.0,0.0,1.0,0.0,0.0,0.0,-66.99,-41.67,22.4,1.3,0.162,1556.0,1.0,0.0044987146529562,0.0102827763496143,0.0154241645244215
0.0,0.0,0.0,0.0,0.0,0.0,0.0,0.0,0.0,0.0,0.0,0.0,0.0,0.0,0.0,0.0,0.0,1.0,0.0,0.0,0.0,0.0,0.0,1.0,0.0,0.0,0.0,-57.97,-49.96,5.5,1.3,0.162,1556.0,1.0,0.005784061696658,0.0115681233933161,0.0179948586118251
0.0,0.0,0.0,0.0,0.0,0.0,0.0,0.0,0.0,0.0,0.0,1.0,0.0,0.0,0.0,0.0,0.0,0.0,0.0,0.0,0.0,0.0,0.0,1.0,0.0,0.0,0.0,-75.95,-24.29,52.0,1.3,0.162,1556.0,1.0,0.005784061696658,0.0096401028277634,0.0160668380462724
0.0,0.0,0.0,0.0,0.0,0.0,0.0,0.0,0.0,0.0,0.0,0.0,0.0,0.0,0.0,1.0,0.0,0.0,0.0,0.0,0.0,0.0,0.0,1.0,0.0,0.0,0.0,-71.07,-33.89,99.2,1.3,0.162,1556.0,1.0,0.0051413881748071,0.0083547557840616,0.0141388174807197
1.0,0.0,0.0,0.0,0.0,0.0,0.0,0.0,0.0,0.0,0.0,0.0,0.0,0.0,0.0,0.0,0.0,0.0,0.0,0.0,0.0,0.0,0.0,0.0,0.0,1.0,0.0,-62.82,153.32,32.2,1.3,0.162,1556.0,1.0,0.0044987146529562,0.0077120822622107,0.0128534704370179
0.0,0.0,1.0,0.0,0.0,0.0,0.0,0.0,0.0,0.0,0.0,0.0,0.0,0.0,0.0,0.0,0.0,0.0,0.0,0.0,0.0,0.0,0.0,0.0,0.0,1.0,0.0,-63.37,125.03,78.7,1.3,0.162,1556.0,1.0,0.0051413881748071,0.0096401028277634,0.0154241645244215
0.0,0.0,0.0,0.0,0.0,0.0,0.0,0.0,0.0,0.0,0.0,0.0,1.0,0.0,0.0,0.0,0.0,0.0,0.0,0.0,0.0,0.0,0.0,1.0,0.0,0.0,0.0,-58.32,-42.23,55.6,1.3,0.162,1556.0,1.0,0.005784061696658,0.012210796915167,0.018637532133676
0.0,0.0,1.0,0.0,0.0,0.0,0.0,0.0,0.0,0.0,0.0,0.0,0.0,0.0,0.0,0.0,0.0,0.0,0.0,0.0,0.0,0.0,0.0,1.0,0.0,0.0,0.0,-65.74,-45.73,91.8,1.3,0.162,1556.0,1.0,0.005784061696658,0.0102827763496143,0.0167095115681233
0.0,0.0,0.0,1.0,0.0,0.0,0.0,0.0,0.0,0.0,0.0,0.0,0.0,0.0,0.0,0.0,0.0,0.0,0.0,0.0,0.0,0.0,0.0,1.0,0.0,0.0,0.0,-59.92,-47.44,136.4,1.3,0.162,1556.0,1.0,0.0051413881748071,0.0128534704370179,0.018637532133676
0.0,0.0,0.0,0.0,0.0,0.0,0.0,0.0,0.0,1.0,0.0,0.0,0.0,0.0,0.0,0.0,0.0,0.0,0.0,0.0,0.0,0.0,0.0,1.0,0.0,0.0,0.0,-63.81,-43.64,11.5,1.3,0.162,1556.0,1.0,0.0051413881748071,0.0115681233933161,0.0173521850899742
0.0,0.0,0.0,0.0,1.0,0.0,0.0,0.0,0.0,0.0,0.0,0.0,0.0,0.0,0.0,0.0,0.0,0.0,0.0,0.0,0.0,0.0,0.0,1.0,0.0,0.0,0.0,-55.27,-46.08,5.8,1.3,0.162,1556.0,1.0,0.0051413881748071,0.0154241645244215,0.0212082262210796
0.0,0.0,0.0,1.0,0.0,0.0,0.0,0.0,0.0,0.0,0.0,0.0,0.0,0.0,0.0,0.0,0.0,0.0,0.0,0.0,0.0,0.0,0.0,1.0,0.0,0.0,0.0,-67.03,-36.84,76.2,1.3,0.162,1556.0,1.0,0.0051413881748071,0.0128534704370179,0.018637532133676
0.0,0.0,0.0,0.0,0.0,0.0,0.0,0.0,0.0,0.0,0.0,0.0,0.0,0.0,0.0,1.0,0.0,0.0,0.0,0.0,0.0,0.0,0.0,1.0,0.0,0.0,0.0,-67.3,-40.58,52.7,1.3,0.162,1556.0,1.0,0.0051413881748071,0.0102827763496143,0.0160668380462724
0.0,0.0,0.0,0.0,0.0,0.0,0.0,1.0,0.0,0.0,0.0,0.0,0.0,0.0,0.0,0.0,0.0,0.0,0.0,0.0,0.0,0.0,0.0,1.0,0.0,0.0,0.0,-64.18,-41.42,1.6,1.3,0.162,1556.0,1.0,0.005784061696658,0.0102827763496143,0.0167095115681233
0.0,0.0,0.0,0.0,1.0,0.0,0.0,0.0,0.0,0.0,0.0,0.0,0.0,0.0,0.0,0.0,0.0,0.0,0.0,0.0,0.0,0.0,0.0,1.0,0.0,0.0,0.0,-61.19,-43.71,1.6,1.3,0.162,1556.0,1.0,0.0051413881748071,0.0147814910025706,0.0205655526992287
0.0,0.0,1.0,0.0,0.0,0.0,0.0,0.0,0.0,0.0,0.0,0.0,0.0,0.0,0.0,0.0,0.0,0.0,0.0,0.0,0.0,0.0,0.0,1.0,0.0,0.0,0.0,-55.32,-47.9,77.7,1.3,0.162,1556.0,1.0,0.005784061696658,0.012210796915167,0.018637532133676
1.0,0.0,0.0,0.0,0.0,0.0,0.0,0.0,0.0,0.0,0.0,0.0,0.0,0.0,0.0,0.0,0.0,0.0,0.0,0.0,0.0,0.0,0.0,1.0,0.0,0.0,0.0,-69.15,-32.07,4.0,1.3,0.162,1556.0,1.0,0.0044987146529562,0.0134961439588688,0.018637532133676
0.0,0.0,0.0,0.0,0.0,0.0,0.0,0.0,0.0,0.0,0.0,0.0,0.0,0.0,1.0,0.0,0.0,0.0,0.0,0.0,0.0,0.0,0.0,1.0,0.0,0.0,0.0,-70.46,-41.48,16.4,1.3,0.162,1556.0,1.0,0.0051413881748071,0.0147814910025706,0.0205655526992287
0.0,0.0,0.0,0.0,0.0,0.0,0.0,0.0,0.0,0.0,0.0,0.0,0.0,0.0,1.0,0.0,0.0,0.0,0.0,0.0,0.0,0.0,0.0,1.0,0.0,0.0,0.0,-56.79,-48.26,106.8,1.3,0.162,1556.0,1.0,0.0051413881748071,0.012210796915167,0.0179948586118251
0.0,0.0,0.0,1.0,0.0,0.0,0.0,0.0,0.0,0.0,0.0,0.0,0.0,0.0,0.0,0.0,0.0,0.0,0.0,0.0,0.0,0.0,0.0,1.0,0.0,0.0,0.0,-57.46,-43.9,114.6,1.3,0.162,1556.0,1.0,0.0051413881748071,0.0134961439588688,0.0192802056555269
0.0,0.0,0.0,0.0,1.0,0.0,0.0,0.0,0.0,0.0,0.0,0.0,0.0,0.0,0.0,0.0,0.0,0.0,0.0,0.0,0.0,0.0,0.0,1.0,0.0,0.0,0.0,-62.15,-47.7,14.3,1.3,0.162,1556.0,1.0,0.0051413881748071,0.0134961439588688,0.0192802056555269
0.0,0.0,0.0,0.0,0.0,0.0,0.0,0.0,0.0,1.0,0.0,0.0,0.0,0.0,0.0,0.0,0.0,0.0,0.0,0.0,0.0,0.0,0.0,1.0,0.0,0.0,0.0,-62.39,-42.47,6.4,1.3,0.162,1556.0,1.0,0.0051413881748071,0.0141388174807197,0.0199228791773778
0.0,0.0,0.0,1.0,0.0,0.0,0.0,0.0,0.0,0.0,0.0,0.0,0.0,0.0,0.0,0.0,0.0,0.0,0.0,0.0,0.0,0.0,0.0,1.0,0.0,0.0,0.0,-65.26,-41.03,95.3,1.3,0.162,1556.0,1.0,0.0051413881748071,0.012210796915167,0.0179948586118251
0.0,0.0,1.0,0.0,0.0,0.0,0.0,0.0,0.0,0.0,0.0,0.0,0.0,0.0,0.0,0.0,0.0,0.0,0.0,0.0,0.0,0.0,0.0,1.0,0.0,0.0,0.0,-66.35,-45.5,72.1,1.3,0.162,1556.0,1.0,0.005784061696658,0.0109254498714652,0.0173521850899742
0.0,0.0,0.0,0.0,0.0,0.0,0.0,1.0,0.0,0.0,0.0,0.0,0.0,0.0,0.0,0.0,0.0,0.0,0.0,0.0,0.0,0.0,0.0,1.0,0.0,0.0,0.0,-70.03,-25.36,22.8,1.3,0.162,1556.0,1.0,0.005784061696658,0.0134961439588688,0.0199228791773778
0.0,0.0,0.0,0.0,0.0,0.0,0.0,0.0,0.0,0.0,0.0,0.0,0.0,0.0,0.0,0.0,1.0,0.0,0.0,0.0,0.0,0.0,0.0,1.0,0.0,0.0,0.0,-72.44,-48.66,4.0,1.3,0.162,1556.0,1.0,0.005784061696658,0.0128534704370179,0.0192802056555269
1.0,0.0,0.0,0.0,0.0,0.0,0.0,0.0,0.0,0.0,0.0,0.0,0.0,0.0,0.0,0.0,0.0,0.0,0.0,0.0,0.0,0.0,0.0,1.0,0.0,0.0,0.0,-58.17,-42.19,56.3,1.3,0.162,1556.0,1.0,0.0044987146529562,0.0115681233933161,0.0167095115681233
0.0,0.0,0.0,0.0,0.0,0.0,0.0,0.0,0.0,0.0,0.0,0.0,0.0,0.0,1.0,0.0,0.0,0.0,0.0,0.0,0.0,0.0,0.0,1.0,0.0,0.0,0.0,-68.09,-36.42,150.6,1.3,0.162,1556.0,1.0,0.0051413881748071,0.0115681233933161,0.0173521850899742
0.0,0.0,0.0,0.0,0.0,0.0,0.0,0.0,0.0,0.0,0.0,0.0,0.0,0.0,0.0,1.0,0.0,0.0,0.0,0.0,0.0,0.0,0.0,1.0,0.0,0.0,0.0,-64.01,-45.42,22.1,1.3,0.162,1556.0,1.0,0.0051413881748071,0.012210796915167,0.0179948586118251
0.0,0.0,0.0,0.0,0.0,0.0,0.0,1.0,0.0,0.0,0.0,0.0,0.0,0.0,0.0,0.0,0.0,0.0,0.0,0.0,0.0,0.0,0.0,1.0,0.0,0.0,0.0,-61.1,-45.72,31.5,1.3,0.162,1556.0,1.0,0.005784061696658,0.0128534704370179,0.0192802056555269
0.0,0.0,0.0,0.0,0.0,0.0,0.0,0.0,1.0,0.0,0.0,0.0,0.0,0.0,0.0,0.0,0.0,0.0,0.0,0.0,0.0,0.0,0.0,1.0,0.0,0.0,0.0,-60.51,-47.16,124.0,1.3,0.162,1556.0,1.0,0.0051413881748071,0.0128534704370179,0.018637532133676
0.0,0.0,0.0,0.0,0.0,0.0,0.0,0.0,1.0,0.0,0.0,0.0,0.0,0.0,0.0,0.0,0.0,0.0,0.0,0.0,0.0,0.0,0.0,1.0,0.0,0.0,0.0,-55.69,-44.53,157.8,1.3,0.162,1556.0,1.0,0.0051413881748071,0.012210796915167,0.0179948586118251
0.0,0.0,0.0,0.0,0.0,0.0,0.0,0.0,0.0,0.0,0.0,0.0,0.0,0.0,0.0,0.0,0.0,0.0,0.0,1.0,0.0,0.0,0.0,1.0,0.0,0.0,0.0,-67.55,-47.49,37.6,1.3,0.162,1556.0,1.0,0.0051413881748071,0.012210796915167,0.0179948586118251
0.0,0.0,0.0,1.0,0.0,0.0,0.0,0.0,0.0,0.0,0.0,0.0,0.0,0.0,0.0,0.0,0.0,0.0,0.0,0.0,0.0,0.0,0.0,1.0,0.0,0.0,0.0,-65.12,-36.89,45.4,1.3,0.162,1556.0,1.0,0.0051413881748071,0.0147814910025706,0.0205655526992287
0.0,0.0,1.0,0.0,0.0,0.0,0.0,0.0,0.0,0.0,0.0,0.0,0.0,0.0,0.0,0.0,0.0,0.0,0.0,0.0,0.0,0.0,0.0,1.0,0.0,0.0,0.0,-60.32,-42.1,102.3,1.3,0.162,1556.0,1.0,0.005784061696658,0.0096401028277634,0.0160668380462724
0.0,0.0,0.0,0.0,0.0,0.0,0.0,0.0,0.0,0.0,0.0,0.0,0.0,0.0,0.0,1.0,0.0,0.0,0.0,0.0,0.0,0.0,0.0,1.0,0.0,0.0,0.0,-67.1,-43.02,104.8,1.3,0.162,1556.0,1.0,0.0051413881748071,0.0096401028277634,0.0154241645244215
0.0,0.0,0.0,0.0,0.0,0.0,0.0,1.0,0.0,0.0,0.0,0.0,0.0,0.0,0.0,0.0,0.0,0.0,0.0,0.0,0.0,0.0,0.0,1.0,0.0,0.0,0.0,-83.56,-9.4,58.7,1.3,0.162,1556.0,1.0,0.005784061696658,0.0083547557840616,0.0147814910025706
0.0,0.0,0.0,0.0,0.0,1.0,0.0,0.0,0.0,0.0,0.0,0.0,0.0,0.0,0.0,0.0,0.0,0.0,0.0,0.0,0.0,0.0,0.0,0.0,0.0,1.0,0.0,73.46,19.74,65.1,1.3,0.162,1556.0,1.0,0.0038560411311053,0.0096401028277634,0.0141388174807197
0.0,0.0,0.0,0.0,0.0,0.0,0.0,0.0,0.0,0.0,0.0,0.0,0.0,0.0,1.0,0.0,0.0,0.0,0.0,0.0,0.0,0.0,0.0,0.0,0.0,1.0,0.0,-162.68,173.32,126.6,1.3,0.162,1556.0,1.0,0.0051413881748071,0.0077120822622107,0.0134961439588688
0.0,0.0,0.0,0.0,0.0,0.0,0.0,0.0,1.0,0.0,0.0,0.0,0.0,0.0,0.0,0.0,0.0,0.0,0.0,0.0,0.0,0.0,0.0,0.0,0.0,1.0,0.0,-65.91,135.67,136.7,1.3,0.162,1556.0,1.0,0.0051413881748071,0.0096401028277634,0.0154241645244215
1.0,0.0,0.0,0.0,0.0,0.0,0.0,0.0,0.0,0.0,0.0,0.0,0.0,0.0,0.0,0.0,0.0,0.0,0.0,0.0,0.0,0.0,0.0,0.0,0.0,1.0,0.0,-82.62,152.33,2.5,1.3,0.162,1556.0,1.0,0.0044987146529562,0.0147814910025706,0.0199228791773778
0.0,0.0,0.0,0.0,0.0,0.0,0.0,0.0,0.0,0.0,0.0,0.0,0.0,0.0,0.0,0.0,1.0,0.0,0.0,0.0,0.0,0.0,0.0,0.0,0.0,1.0,0.0,-76.63,163.28,72.1,1.3,0.162,1556.0,1.0,0.005784061696658,0.0083547557840616,0.0147814910025706
0.0,0.0,0.0,1.0,0.0,0.0,0.0,0.0,0.0,0.0,0.0,0.0,0.0,0.0,0.0,0.0,0.0,0.0,0.0,0.0,0.0,0.0,0.0,1.0,0.0,0.0,0.0,-58.82,-41.91,137.0,1.3,0.162,1556.0,1.0,0.0051413881748071,0.0096401028277634,0.0154241645244215
0.0,0.0,0.0,0.0,0.0,0.0,0.0,0.0,0.0,0.0,0.0,0.0,0.0,0.0,1.0,0.0,0.0,0.0,0.0,0.0,0.0,0.0,0.0,1.0,0.0,0.0,0.0,-58.0,-44.99,178.4,1.3,0.162,1556.0,1.0,0.0051413881748071,0.0096401028277634,0.0154241645244215
0.0,0.0,0.0,1.0,0.0,0.0,0.0,0.0,0.0,0.0,0.0,0.0,0.0,0.0,0.0,0.0,0.0,0.0,0.0,0.0,0.0,0.0,0.0,1.0,0.0,0.0,0.0,-61.14,-45.27,39.3,1.3,0.162,1556.0,1.0,0.0051413881748071,0.0160668380462724,0.0218508997429305
0.0,0.0,0.0,0.0,0.0,0.0,0.0,0.0,0.0,1.0,0.0,0.0,0.0,0.0,0.0,0.0,0.0,0.0,0.0,0.0,0.0,0.0,0.0,1.0,0.0,0.0,0.0,-62.39,-36.92,4.8,1.3,0.162,1556.0,1.0,0.0051413881748071,0.0128534704370179,0.018637532133676
0.0,0.0,0.0,0.0,0.0,0.0,0.0,0.0,0.0,1.0,0.0,0.0,0.0,0.0,0.0,0.0,0.0,0.0,0.0,0.0,0.0,0.0,0.0,1.0,0.0,0.0,0.0,-74.95,-26.83,72.3,1.3,0.162,1556.0,1.0,0.0051413881748071,0.012210796915167,0.0179948586118251
0.0,0.0,0.0,0.0,0.0,0.0,0.0,0.0,0.0,0.0,0.0,0.0,0.0,0.0,1.0,0.0,0.0,0.0,0.0,0.0,0.0,0.0,0.0,1.0,0.0,0.0,0.0,-77.53,-36.05,148.3,1.3,0.162,1556.0,1.0,0.0051413881748071,0.0128534704370179,0.018637532133676
0.0,0.0,0.0,0.0,0.0,0.0,1.0,0.0,0.0,0.0,0.0,0.0,0.0,0.0,0.0,0.0,0.0,0.0,0.0,0.0,0.0,0.0,0.0,1.0,0.0,0.0,0.0,-118.93,-4.9,105.6,1.3,0.162,1556.0,1.0,0.0051413881748071,0.0109254498714652,0.0167095115681233
0.0,0.0,0.0,0.0,0.0,0.0,0.0,0.0,0.0,0.0,0.0,0.0,0.0,0.0,0.0,0.0,1.0,0.0,0.0,0.0,0.0,0.0,0.0,0.0,0.0,1.0,0.0,-134.67,173.82,6.0,1.3,0.162,1556.0,1.0,0.005784061696658,0.0070694087403598,0.0134961439588688
0.0,0.0,0.0,0.0,0.0,0.0,0.0,0.0,0.0,0.0,0.0,1.0,0.0,0.0,0.0,0.0,0.0,0.0,0.0,0.0,0.0,0.0,1.0,0.0,0.0,0.0,0.0,-63.98,-11.97,38.3,1.3,0.162,1556.0,1.0,0.005784061696658,0.0141388174807197,0.0205655526992287
0.0,0.0,0.0,0.0,0.0,0.0,0.0,0.0,1.0,0.0,0.0,0.0,0.0,0.0,0.0,0.0,0.0,0.0,0.0,0.0,0.0,0.0,1.0,0.0,0.0,0.0,0.0,-55.77,-31.27,85.4,1.3,0.162,1556.0,1.0,0.0051413881748071,0.012210796915167,0.0179948586118251
0.0,0.0,0.0,0.0,0.0,0.0,0.0,0.0,0.0,0.0,0.0,0.0,0.0,0.0,1.0,0.0,0.0,0.0,0.0,0.0,0.0,0.0,1.0,0.0,0.0,0.0,0.0,-48.65,-39.06,148.9,1.3,0.162,1556.0,1.0,0.0051413881748071,0.0141388174807197,0.0199228791773778
0.0,0.0,0.0,0.0,1.0,0.0,0.0,0.0,0.0,0.0,0.0,0.0,0.0,0.0,0.0,0.0,0.0,0.0,0.0,0.0,0.0,0.0,1.0,0.0,0.0,0.0,0.0,-104.75,-12.04,89.8,1.3,0.162,1556.0,1.0,0.0051413881748071,0.0147814910025706,0.0205655526992287
0.0,0.0,0.0,0.0,0.0,0.0,0.0,0.0,0.0,1.0,0.0,0.0,0.0,0.0,0.0,0.0,0.0,0.0,0.0,0.0,0.0,0.0,0.0,1.0,0.0,0.0,0.0,-60.37,-45.76,23.3,1.3,0.162,1556.0,1.0,0.0051413881748071,0.012210796915167,0.0179948586118251
0.0,0.0,0.0,0.0,0.0,0.0,0.0,0.0,0.0,0.0,0.0,0.0,0.0,0.0,1.0,0.0,0.0,0.0,0.0,0.0,0.0,0.0,0.0,1.0,0.0,0.0,0.0,-54.31,-50.05,197.7,1.3,0.162,1556.0,1.0,0.0051413881748071,0.0096401028277634,0.0154241645244215
0.0,0.0,0.0,0.0,0.0,1.0,0.0,0.0,0.0,0.0,0.0,0.0,0.0,0.0,0.0,0.0,0.0,0.0,0.0,0.0,0.0,0.0,0.0,1.0,0.0,0.0,0.0,-63.31,-42.43,19.6,1.3,0.162,1556.0,1.0,0.0038560411311053,0.0134961439588688,0.0179948586118251
0.0,0.0,0.0,0.0,0.0,0.0,0.0,0.0,0.0,0.0,0.0,0.0,0.0,0.0,0.0,0.0,0.0,0.0,1.0,0.0,0.0,0.0,0.0,1.0,0.0,0.0,0.0,-59.31,-42.76,13.3,1.3,0.162,1556.0,1.0,0.0051413881748071,0.0134961439588688,0.0192802056555269
0.0,0.0,0.0,0.0,0.0,0.0,0.0,0.0,0.0,1.0,0.0,0.0,0.0,0.0,0.0,0.0,0.0,0.0,0.0,0.0,0.0,0.0,0.0,1.0,0.0,0.0,0.0,-71.98,-39.58,44.2,1.3,0.162,1556.0,1.0,0.0051413881748071,0.012210796915167,0.0179948586118251
0.0,0.0,0.0,0.0,0.0,0.0,0.0,0.0,0.0,0.0,0.0,1.0,0.0,0.0,0.0,0.0,0.0,0.0,0.0,0.0,0.0,0.0,0.0,1.0,0.0,0.0,0.0,-65.95,-41.64,89.4,1.3,0.162,1556.0,1.0,0.005784061696658,0.0102827763496143,0.0167095115681233
0.0,0.0,0.0,0.0,0.0,0.0,0.0,0.0,0.0,0.0,0.0,0.0,0.0,0.0,1.0,0.0,0.0,0.0,0.0,0.0,0.0,0.0,0.0,1.0,0.0,0.0,0.0,-62.62,-43.41,4.4,1.3,0.162,1556.0,1.0,0.0051413881748071,0.0154241645244215,0.0212082262210796
0.0,0.0,0.0,0.0,0.0,0.0,0.0,0.0,0.0,1.0,0.0,0.0,0.0,0.0,0.0,0.0,0.0,0.0,0.0,0.0,0.0,0.0,0.0,1.0,0.0,0.0,0.0,-59.65,-45.76,3.8,1.3,0.162,1556.0,1.0,0.0051413881748071,0.0147814910025706,0.0205655526992287
0.0,0.0,0.0,1.0,0.0,0.0,0.0,0.0,0.0,0.0,0.0,0.0,0.0,0.0,0.0,0.0,0.0,0.0,0.0,0.0,0.0,0.0,0.0,1.0,0.0,0.0,0.0,-56.87,-36.0,69.7,1.3,0.162,1556.0,1.0,0.0051413881748071,0.012210796915167,0.0179948586118251
0.0,0.0,1.0,0.0,0.0,0.0,0.0,0.0,0.0,0.0,0.0,0.0,0.0,0.0,0.0,0.0,0.0,0.0,0.0,0.0,0.0,0.0,0.0,1.0,0.0,0.0,0.0,-65.13,-19.01,32.7,1.3,0.162,1556.0,1.0,0.005784061696658,0.0128534704370179,0.0192802056555269
0.0,0.0,0.0,0.0,0.0,0.0,0.0,1.0,0.0,0.0,0.0,0.0,0.0,0.0,0.0,0.0,0.0,0.0,0.0,0.0,0.0,0.0,0.0,1.0,0.0,0.0,0.0,-71.1,-17.0,4.3,1.3,0.162,1556.0,1.0,0.005784061696658,0.012210796915167,0.018637532133676
0.0,0.0,0.0,0.0,0.0,0.0,0.0,0.0,0.0,0.0,0.0,0.0,0.0,0.0,1.0,0.0,0.0,0.0,0.0,0.0,0.0,0.0,0.0,0.0,0.0,1.0,0.0,-71.39,-22.65,82.3,1.3,0.162,1556.0,1.0,0.0051413881748071,0.0102827763496143,0.0160668380462724
0.0,0.0,0.0,0.0,0.0,0.0,0.0,0.0,1.0,0.0,0.0,0.0,0.0,0.0,0.0,0.0,0.0,0.0,0.0,0.0,0.0,0.0,0.0,0.0,0.0,1.0,0.0,-94.18,-1.08,149.0,1.3,0.162,1556.0,1.0,0.0051413881748071,0.0070694087403598,0.0128534704370179
0.0,0.0,0.0,0.0,0.0,0.0,0.0,0.0,0.0,1.0,0.0,0.0,0.0,0.0,0.0,0.0,0.0,0.0,0.0,0.0,0.0,0.0,0.0,0.0,0.0,1.0,0.0,-64.91,360.0,103.2,1.3,0.162,1556.0,1.0,0.0044987146529562,0.0051413881748071,0.0102827763496143
