0.0,0.0,0.0,0.0,0.0,0.0,0.0,0.0,0.0,0.0,0.0,0.0,0.0,0.0,0.0,1.0,0.0,0.0,0.0,0.0,0.0,0.0,0.0,0.0,0.0,1.0,0.0,360.0,153.12,71.2,1.2,0.141,1637.0,1.0,0.0036652412950519,0.0054978619425778,0.0097739767868051
0.0,0.0,0.0,0.0,0.0,0.0,0.0,0.0,0.0,0.0,0.0,0.0,0.0,0.0,0.0,0.0,0.0,0.0,0.0,1.0,0.0,0.0,0.0,1.0,0.0,0.0,0.0,-54.1,-49.21,158.5,1.2,0.141,1637.0,1.0,0.0048869883934025,0.0097739767868051,0.015271838729383
0.0,0.0,0.0,0.0,0.0,0.0,0.0,0.0,0.0,0.0,0.0,0.0,0.0,0.0,0.0,0.0,0.0,0.0,0.0,1.0,0.0,0.0,0.0,1.0,0.0,0.0,0.0,-59.09,-45.41,175.5,1.2,0.141,1637.0,1.0,0.0048869883934025,0.011606597434331,0.0171044593769089
0.0,0.0,0.0,0.0,0.0,0.0,1.0,0.0,0.0,0.0,0.0,0.0,0.0,0.0,0.0,0.0,0.0,0.0,0.0,0.0,0.0,0.0,0.0,1.0,0.0,0.0,0.0,-66.36,-45.27,88.9,1.2,0.141,1637.0,1.0,0.0048869883934025,0.0140500916310323,0.0195479535736102
0.0,0.0,0.0,0.0,0.0,0.0,1.0,0.0,0.0,0.0,0.0,0.0,0.0,0.0,0.0,0.0,0.0,0.0,0.0,0.0,0.0,0.0,0.0,1.0,0.0,0.0,0.0,-54.77,-47.93,101.0,1.2,0.141,1637.0,1.0,0.0048869883934025,0.0122174709835064,0.0177153329260843
0.0,0.0,0.0,0.0,0.0,0.0,1.0,0.0,0.0,0.0,0.0,0.0,0.0,0.0,0.0,0.0,0.0,0.0,0.0,0.0,0.0,0.0,0.0,1.0,0.0,0.0,0.0,-67.48,-39.14,76.8,1.2,0.141,1637.0,1.0,0.0048869883934025,0.0128283445326817,0.0183262064752596
0.0,0.0,0.0,0.0,0.0,0.0,1.0,0.0,0.0,0.0,0.0,0.0,0.0,0.0,0.0,0.0,0.0,0.0,0.0,0.0,0.0,0.0,0.0,1.0,0.0,0.0,0.0,-62.68,-37.87,123.4,1.2,0.141,1637.0,1.0,0.0048869883934025,0.0128283445326817,0.0183262064752596
0.0,0.0,0.0,0.0,0.0,0.0,1.0,0.0,0.0,0.0,0.0,0.0,0.0,0.0,0.0,0.0,0.0,0.0,0.0,0.0,0.0,0.0,0.0,1.0,0.0,0.0,0.0,-67.24,-43.1,144.1,1.2,0.141,1637.0,1.0,0.0048869883934025,0.0109957238851557,0.0164935858277336
0.0,0.0,0.0,0.0,0.0,0.0,1.0,0.0,0.0,0.0,0.0,0.0,0.0,0.0,0.0,0.0,0.0,0.0,0.0,0.0,0.0,0.0,0.0,1.0,0.0,0.0,0.0,-67.78,-32.76,132.3,1.2,0.141,1637.0,1.0,0.0048869883934025,0.0109957238851557,0.0164935858277336
0.0,0.0,0.0,0.0,0.0,0.0,0.0,0.0,0.0,1.0,0.0,0.0,0.0,0.0,0.0,0.0,0.0,0.0,0.0,0.0,0.0,0.0,0.0,1.0,0.0,0.0,0.0,-69.55,360.0,150.1,1.2,0.141,1637.0,1.0,0.0042761148442272,0.0067196090409285,0.011606597434331
0.0,0.0,0.0,0.0,0.0,0.0,0.0,0.0,0.0,0.0,0.0,0.0,0.0,0.0,0.0,1.0,0.0,0.0,0.0,0.0,0.0,0.0,0.0,0.0,0.0,1.0,0.0,360.0,139.29,113.6,1.2,0.141,1637.0,1.0,0.0036652412950519,0.0030543677458766,0.0073304825901038
0.0,0.0,1.0,0.0,0.0,0.0,0.0,0.0,0.0,0.0,0.0,0.0,0.0,0.0,0.0,0.0,0.0,0.0,0.0,0.0,0.0,0.0,1.0,0.0,0.0,0.0,0.0,-59.8,-25.25,146.1,1.2,0.141,1637.0,1.0,0.0054978619425778,0.0079413561392791,0.0140500916310323
0.0,0.0,0.0,0.0,1.0,0.0,0.0,0.0,0.0,0.0,0.0,0.0,0.0,0.0,0.0,0.0,0.0,0.0,0.0,0.0,0.0,0.0,1.0,0.0,0.0,0.0,0.0,-66.48,-32.61,161.1,1.2,0.141,1637.0,1.0,0.0048869883934025,0.0097739767868051,0.015271838729383
0.0,0.0,0.0,0.0,0.0,0.0,0.0,0.0,0.0,0.0,0.0,0.0,0.0,0.0,0.0,0.0,0.0,0.0,0.0,1.0,0.0,0.0,1.0,0.0,0.0,0.0,0.0,-100.61,-7.36,185.3,1.2,0.141,1637.0,1.0,0.0048869883934025,0.0097739767868051,0.015271838729383
0.0,0.0,1.0,0.0,0.0,0.0,0.0,0.0,0.0,0.0,0.0,0.0,0.0,0.0,0.0,0.0,0.0,0.0,0.0,0.0,0.0,0.0,0.0,0.0,0.0,1.0,0.0,-89.76,170.72,89.6,1.2,0.141,1637.0,1.0,0.0061087354917532,0.0079413561392791,0.0146609651802076
0.0,0.0,0.0,0.0,0.0,0.0,0.0,0.0,0.0,0.0,0.0,0.0,1.0,0.0,0.0,0.0,0.0,0.0,0.0,0.0,0.0,0.0,0.0,0.0,0.0,1.0,0.0,-59.24,143.49,133.2,1.2,0.141,1637.0,1.0,0.0054978619425778,0.0048869883934025,0.0109957238851557
0.0,0.0,0.0,0.0,0.0,0.0,0.0,0.0,0.0,0.0,0.0,0.0,0.0,0.0,1.0,0.0,0.0,0.0,0.0,0.0,0.0,0.0,0.0,0.0,0.0,1.0,0.0,-147.48,170.33,191.3,1.2,0.141,1637.0,1.0,0.0048869883934025,0.0067196090409285,0.0122174709835064
0.0,0.0,0.0,1.0,0.0,0.0,0.0,0.0,0.0,0.0,0.0,0.0,0.0,0.0,0.0,0.0,0.0,0.0,0.0,0.0,0.0,0.0,0.0,0.0,0.0,1.0,0.0,-104.04,141.54,181.3,1.2,0.141,1637.0,1.0,0.0048869883934025,0.0061087354917532,0.011606597434331
0.0,0.0,0.0,0.0,0.0,0.0,0.0,0.0,0.0,0.0,0.0,0.0,0.0,0.0,1.0,0.0,0.0,0.0,0.0,0.0,0.0,0.0,0.0,0.0,0.0,1.0,0.0,-136.37,127.66,156.1,1.2,0.141,1637.0,1.0,0.0048869883934025,0.0067196090409285,0.0122174709835064
0.0,0.0,1.0,0.0,0.0,0.0,0.0,0.0,0.0,0.0,0.0,0.0,0.0,0.0,0.0,0.0,0.0,0.0,0.0,0.0,0.0,0.0,0.0,0.0,0.0,0.0,1.0,-84.32,116.83,91.7,1.2,0.141,1637.0,1.0,0.0061087354917532,0.0079413561392791,0.0146609651802076
0.0,0.0,0.0,0.0,0.0,0.0,0.0,0.0,0.0,0.0,0.0,0.0,1.0,0.0,0.0,0.0,0.0,0.0,0.0,0.0,0.0,0.0,0.0,0.0,0.0,0.0,1.0,-67.01,-9.3,104.0,1.2,0.141,1637.0,1.0,0.0054978619425778,0.0097739767868051,0.0158827122785583
0.0,0.0,0.0,0.0,0.0,0.0,0.0,0.0,0.0,0.0,0.0,0.0,0.0,0.0,0.0,1.0,0.0,0.0,0.0,0.0,0.0,0.0,0.0,0.0,0.0,0.0,1.0,-90.49,-5.66,99.8,1.2,0.141,1637.0,1.0,0.0048869883934025,0.0073304825901038,0.0128283445326817
0.0,0.0,0.0,0.0,0.0,0.0,0.0,0.0,0.0,0.0,0.0,0.0,0.0,0.0,0.0,0.0,0.0,1.0,0.0,0.0,0.0,0.0,0.0,0.0,0.0,0.0,1.0,-73.41,144.0,90.7,1.2,0.141,1637.0,1.0,0.0054978619425778,0.0073304825901038,0.013439218081857
0.0,0.0,0.0,0.0,0.0,0.0,0.0,0.0,0.0,0.0,0.0,0.0,0.0,0.0,0.0,1.0,0.0,0.0,0.0,0.0,0.0,0.0,0.0,0.0,0.0,1.0,0.0,-49.53,130.79,46.4,1.2,0.141,1637.0,1.0,0.0048869883934025,0.0067196090409285,0.0122174709835064
0.0,0.0,0.0,0.0,0.0,0.0,0.0,0.0,0.0,0.0,0.0,0.0,0.0,0.0,1.0,0.0,0.0,0.0,0.0,0.0,0.0,0.0,0.0,0.0,0.0,1.0,0.0,-97.76,0.6,205.9,1.2,0.141,1637.0,0.5,0.0048869883934025,0.0085522296884544,0.0140500916310323
0.0,0.0,0.0,0.0,0.0,0.0,0.0,0.0,0.0,0.0,0.0,0.0,0.0,0.0,1.0,0.0,0.0,0.0,0.0,0.0,0.0,0.0,0.0,0.0,0.0,0.0,1.0,-58.15,137.25,122.0,1.2,0.141,1637.0,1.0,0.0054978619425778,0.0079413561392791,0.0140500916310323
0.0,0.0,0.0,0.0,0.0,0.0,0.0,0.0,0.0,0.0,0.0,0.0,1.0,0.0,0.0,0.0,0.0,0.0,0.0,0.0,0.0,0.0,0.0,0.0,0.0,0.0,1.0,-69.3,166.52,94.8,1.2,0.141,1637.0,1.0,0.0054978619425778,0.0061087354917532,0.0122174709835064
0.0,0.0,0.0,0.0,0.0,0.0,0.0,0.0,0.0,0.0,0.0,0.0,0.0,1.0,0.0,0.0,0.0,0.0,0.0,0.0,0.0,0.0,0.0,0.0,0.0,0.0,1.0,57.5,33.84,159.0,1.2,0.141,1637.0,1.0,0.0048869883934025,0.0079413561392791,0.013439218081857
0.0,0.0,0.0,0.0,0.0,0.0,0.0,0.0,0.0,0.0,0.0,1.0,0.0,0.0,0.0,0.0,0.0,0.0,0.0,0.0,0.0,0.0,0.0,0.0,0.0,0.0,1.0,66.95,14.68,65.1,1.2,0.141,1637.0,1.0,0.0048869883934025,0.0091631032376298,0.0146609651802076
0.0,0.0,0.0,0.0,0.0,0.0,0.0,0.0,0.0,0.0,0.0,0.0,0.0,0.0,1.0,0.0,0.0,0.0,0.0,0.0,0.0,1.0,0.0,0.0,0.0,0.0,0.0,-76.21,150.64,110.1,1.2,0.141,1637.0,1.0,0.0048869883934025,0.0140500916310323,0.0195479535736102
0.0,0.0,0.0,0.0,0.0,0.0,0.0,0.0,0.0,0.0,0.0,0.0,0.0,1.0,0.0,0.0,0.0,0.0,0.0,0.0,0.0,0.0,0.0,0.0,0.0,1.0,0.0,-121.28,163.27,29.4,1.2,0.141,1637.0,1.0,0.0048869883934025,0.011606597434331,0.0171044593769089
0.0,0.0,0.0,0.0,0.0,0.0,0.0,0.0,0.0,0.0,0.0,0.0,0.0,0.0,0.0,1.0,0.0,0.0,0.0,0.0,0.0,0.0,0.0,0.0,0.0,1.0,0.0,-71.59,160.23,32.2,1.2,0.141,1637.0,1.0,0.0048869883934025,0.0085522296884544,0.0140500916310323
0.0,0.0,1.0,0.0,0.0,0.0,0.0,0.0,0.0,0.0,0.0,0.0,0.0,0.0,0.0,0.0,0.0,0.0,0.0,0.0,0.0,0.0,0.0,1.0,0.0,0.0,0.0,-60.13,-37.78,107.5,1.2,0.141,1637.0,1.0,0.0054978619425778,0.0097739767868051,0.0158827122785583
0.0,0.0,0.0,1.0,0.0,0.0,0.0,0.0,0.0,0.0,0.0,0.0,0.0,0.0,0.0,0.0,0.0,0.0,0.0,0.0,0.0,0.0,0.0,1.0,0.0,0.0,0.0,-66.16,-37.88,116.7,1.2,0.141,1637.0,0.5,0.0048869883934025,0.0097739767868051,0.015271838729383
0.0,0.0,0.0,0.0,0.0,0.0,0.0,0.0,0.0,0.0,0.0,0.0,0.0,0.0,0.0,0.0,0.0,0.0,1.0,0.0,0.0,0.0,0.0,1.0,0.0,0.0,0.0,-60.7,-40.94,42.7,1.2,0.141,1637.0,1.0,0.0048869883934025,0.0122174709835064,0.0177153329260843
0.0,0.0,0.0,0.0,0.0,0.0,0.0,1.0,0.0,0.0,0.0,0.0,0.0,0.0,0.0,0.0,0.0,0.0,0.0,0.0,0.0,0.0,0.0,1.0,0.0,0.0,0.0,-64.77,-47.04,2.2,1.2,0.141,1637.0,1.0,0.0054978619425778,0.0122174709835064,0.0183262064752596
0.0,0.0,0.0,0.0,0.0,0.0,0.0,0.0,0.0,0.0,0.0,0.0,0.0,0.0,1.0,0.0,0.0,0.0,0.0,0.0,0.0,0.0,0.0,1.0,0.0,0.0,0.0,-52.44,-47.19,88.0,1.2,0.141,1637.0,1.0,0.0048869883934025,0.0140500916310323,0.0195479535736102
0.0,0.0,0.0,1.0,0.0,0.0,0.0,0.0,0.0,0.0,0.0,0.0,0.0,0.0,0.0,0.0,0.0,0.0,0.0,0.0,0.0,0.0,0.0,1.0,0.0,0.0,0.0,-67.81,-42.07,88.1,1.2,0.141,1637.0,1.0,0.0048869883934025,0.0128283445326817,0.0183262064752596
0.0,0.0,0.0,0.0,0.0,0.0,0.0,0.0,0.0,1.0,0.0,0.0,0.0,0.0,0.0,0.0,0.0,0.0,0.0,0.0,0.0,0.0,0.0,1.0,0.0,0.0,0.0,-61.43,-43.62,0.4,1.2,0.141,1637.0,0.5,0.0048869883934025,0.0128283445326817,0.0183262064752596
0.0,0.0,0.0,0.0,0.0,0.0,0.0,0.0,0.0,1.0,0.0,0.0,0.0,0.0,0.0,0.0,0.0,0.0,0.0,0.0,0.0,0.0,0.0,1.0,0.0,0.0,0.0,-64.07,-36.8,0.6,1.2,0.141,1637.0,1.0,0.0048869883934025,0.013439218081857,0.0189370800244349
0.0,0.0,0.0,0.0,0.0,0.0,0.0,0.0,0.0,1.0,0.0,0.0,0.0,0.0,0.0,0.0,0.0,0.0,0.0,0.0,0.0,0.0,0.0,1.0,0.0,0.0,0.0,-69.31,-29.23,49.0,1.2,0.141,1637.0,1.0,0.0048869883934025,0.0097739767868051,0.015271838729383
0.0,0.0,0.0,0.0,0.0,0.0,0.0,0.0,0.0,0.0,0.0,0.0,0.0,0.0,1.0,0.0,0.0,0.0,0.0,0.0,0.0,0.0,0.0,1.0,0.0,0.0,0.0,-93.15,-16.07,118.2,1.2,0.141,1637.0,1.0,0.0048869883934025,0.0079413561392791,0.013439218081857
0.0,0.0,0.0,0.0,0.0,1.0,0.0,0.0,0.0,0.0,0.0,0.0,0.0,0.0,0.0,0.0,0.0,0.0,0.0,0.0,0.0,0.0,0.0,0.0,0.0,1.0,0.0,-76.67,165.39,15.7,1.2,0.141,1637.0,1.0,0.0036652412950519,0.011606597434331,0.0158827122785583
0.0,0.0,0.0,0.0,0.0,0.0,0.0,0.0,0.0,0.0,0.0,0.0,0.0,0.0,0.0,0.0,1.0,0.0,0.0,0.0,0.0,0.0,0.0,0.0,0.0,1.0,0.0,-136.64,-15.14,66.1,1.2,0.141,1637.0,1.0,0.0054978619425778,0.0085522296884544,0.0146609651802076
0.0,0.0,0.0,0.0,0.0,0.0,0.0,1.0,0.0,0.0,0.0,0.0,0.0,0.0,0.0,0.0,0.0,0.0,0.0,0.0,0.0,0.0,0.0,0.0,1.0,0.0,0.0,-119.52,136.55,83.2,1.2,0.141,1637.0,1.0,0.0054978619425778,0.0097739767868051,0.0158827122785583
1.0,0.0,0.0,0.0,0.0,0.0,0.0,0.0,0.0,0.0,0.0,0.0,0.0,0.0,0.0,0.0,0.0,0.0,0.0,0.0,0.0,0.0,0.0,0.0,1.0,0.0,0.0,-131.05,164.77,0.2,1.2,0.141,1637.0,1.0,0.0042761148442272,0.0109957238851557,0.0158827122785583
0.0,0.0,0.0,0.0,0.0,0.0,0.0,0.0,0.0,0.0,0.0,0.0,0.0,0.0,1.0,0.0,0.0,0.0,0.0,0.0,0.0,0.0,0.0,0.0,1.0,0.0,0.0,-115.76,132.14,110.7,1.2,0.141,1637.0,1.0,0.0048869883934025,0.0109957238851557,0.0164935858277336
0.0,0.0,0.0,0.0,0.0,0.0,0.0,0.0,0.0,0.0,0.0,0.0,0.0,0.0,0.0,0.0,0.0,1.0,0.0,0.0,0.0,0.0,0.0,0.0,1.0,0.0,0.0,-112.36,132.69,8.8,1.2,0.141,1637.0,1.0,0.0054978619425778,0.0085522296884544,0.0146609651802076
1.0,0.0,0.0,0.0,0.0,0.0,0.0,0.0,0.0,0.0,0.0,0.0,0.0,0.0,0.0,0.0,0.0,0.0,0.0,0.0,0.0,0.0,0.0,0.0,1.0,0.0,0.0,-114.56,127.46,26.7,1.2,0.141,1637.0,1.0,0.0042761148442272,0.0103848503359804,0.015271838729383
0.0,0.0,0.0,0.0,0.0,0.0,0.0,0.0,0.0,0.0,0.0,0.0,0.0,0.0,0.0,0.0,1.0,0.0,0.0,0.0,0.0,0.0,0.0,0.0,1.0,0.0,0.0,-134.75,158.53,17.9,1.2,0.141,1637.0,1.0,0.0054978619425778,0.0079413561392791,0.0140500916310323
0.0,0.0,0.0,0.0,0.0,0.0,0.0,0.0,0.0,1.0,0.0,0.0,0.0,0.0,0.0,0.0,0.0,0.0,0.0,0.0,0.0,0.0,0.0,0.0,1.0,0.0,0.0,-102.9,135.52,78.3,1.2,0.141,1637.0,1.0,0.0054978619425778,0.011606597434331,0.0177153329260843
0.0,0.0,0.0,0.0,0.0,0.0,0.0,0.0,0.0,0.0,0.0,0.0,0.0,0.0,0.0,0.0,0.0,0.0,1.0,0.0,0.0,0.0,0.0,0.0,1.0,0.0,0.0,-125.66,148.3,9.0,1.2,0.141,1637.0,1.0,0.0048869883934025,0.015271838729383,0.0207697006719609
0.0,0.0,0.0,0.0,0.0,0.0,0.0,0.0,0.0,0.0,0.0,0.0,0.0,1.0,0.0,0.0,0.0,0.0,0.0,0.0,0.0,0.0,0.0,0.0,1.0,0.0,0.0,-79.87,124.45,95.6,1.2,0.141,1637.0,1.0,0.0048869883934025,0.011606597434331,0.0171044593769089
0.0,0.0,0.0,0.0,0.0,1.0,0.0,0.0,0.0,0.0,0.0,0.0,0.0,0.0,0.0,0.0,0.0,0.0,0.0,0.0,0.0,0.0,0.0,0.0,0.0,0.0,1.0,-98.59,-174.39,18.0,1.2,0.141,1637.0,1.0,0.0036652412950519,0.0109957238851557,0.015271838729383
0.0,0.0,0.0,1.0,0.0,0.0,0.0,0.0,0.0,0.0,0.0,0.0,0.0,0.0,0.0,0.0,0.0,0.0,0.0,0.0,0.0,0.0,0.0,0.0,0.0,0.0,1.0,-60.16,-39.63,212.5,1.2,0.141,1637.0,1.0,0.0048869883934025,0.0061087354917532,0.011606597434331
0.0,0.0,1.0,0.0,0.0,0.0,0.0,0.0,0.0,0.0,0.0,0.0,0.0,0.0,0.0,0.0,0.0,0.0,0.0,0.0,0.0,0.0,0.0,0.0,0.0,0.0,1.0,-83.23,6.59,135.8,1.2,0.141,1637.0,1.0,0.0054978619425778,0.0054978619425778,0.011606597434331
0.0,0.0,0.0,0.0,0.0,1.0,0.0,0.0,0.0,0.0,0.0,0.0,0.0,0.0,0.0,0.0,0.0,0.0,0.0,0.0,0.0,0.0,0.0,0.0,0.0,0.0,1.0,87.83,-13.45,42.3,1.2,0.141,1637.0,1.0,0.0036652412950519,0.0103848503359804,0.0146609651802076
1.0,0.0,0.0,0.0,0.0,0.0,0.0,0.0,0.0,0.0,0.0,0.0,0.0,0.0,0.0,0.0,0.0,0.0,0.0,0.0,0.0,0.0,0.0,0.0,0.0,1.0,0.0,-84.01,143.97,48.0,1.2,0.141,1637.0,1.0,0.0042761148442272,0.0073304825901038,0.0122174709835064
1.0,0.0,0.0,0.0,0.0,0.0,0.0,0.0,0.0,0.0,0.0,0.0,0.0,0.0,0.0,0.0,0.0,0.0,0.0,0.0,0.0,0.0,0.0,0.0,1.0,0.0,0.0,-65.24,140.57,51.7,1.2,0.141,1637.0,1.0,0.0042761148442272,0.0097739767868051,0.0146609651802076
0.0,0.0,0.0,0.0,1.0,0.0,0.0,0.0,0.0,0.0,0.0,0.0,0.0,0.0,0.0,0.0,0.0,0.0,0.0,0.0,0.0,0.0,0.0,0.0,1.0,0.0,0.0,-143.99,150.18,93.8,1.2,0.141,1637.0,1.0,0.0054978619425778,0.0097739767868051,0.0158827122785583
0.0,0.0,0.0,0.0,0.0,0.0,0.0,0.0,0.0,0.0,0.0,0.0,1.0,0.0,0.0,0.0,0.0,0.0,0.0,0.0,0.0,0.0,0.0,0.0,1.0,0.0,0.0,-88.14,142.38,79.7,1.2,0.141,1637.0,1.0,0.0054978619425778,0.0091631032376298,0.015271838729383
0.0,0.0,0.0,0.0,1.0,0.0,0.0,0.0,0.0,0.0,0.0,0.0,0.0,0.0,0.0,0.0,0.0,0.0,0.0,0.0,0.0,0.0,0.0,0.0,1.0,0.0,0.0,-90.77,161.17,51.5,1.2,0.141,1637.0,1.0,0.0054978619425778,0.0073304825901038,0.013439218081857
0.0,0.0,0.0,0.0,0.0,0.0,0.0,1.0,0.0,0.0,0.0,0.0,0.0,0.0,0.0,0.0,0.0,0.0,0.0,0.0,0.0,0.0,0.0,0.0,1.0,0.0,0.0,-134.56,118.14,127.0,1.2,0.141,1637.0,1.0,0.0054978619425778,0.0079413561392791,0.0140500916310323
0.0,0.0,0.0,0.0,0.0,0.0,0.0,0.0,0.0,0.0,0.0,0.0,0.0,0.0,0.0,0.0,1.0,0.0,0.0,0.0,0.0,0.0,0.0,0.0,1.0,0.0,0.0,-123.88,123.48,28.7,1.2,0.141,1637.0,1.0,0.0061087354917532,0.0067196090409285,0.013439218081857
0.0,0.0,0.0,0.0,0.0,0.0,0.0,0.0,0.0,0.0,0.0,0.0,1.0,0.0,0.0,0.0,0.0,0.0,0.0,0.0,0.0,0.0,0.0,0.0,1.0,0.0,0.0,-82.26,140.55,77.9,1.2,0.141,1637.0,1.0,0.0054978619425778,0.0103848503359804,0.0164935858277336
0.0,0.0,0.0,0.0,0.0,0.0,0.0,0.0,0.0,1.0,0.0,0.0,0.0,0.0,0.0,0.0,0.0,0.0,0.0,0.0,0.0,0.0,0.0,0.0,1.0,0.0,0.0,-161.84,162.13,17.6,1.2,0.141,1637.0,1.0,0.0048869883934025,0.0079413561392791,0.013439218081857
1.0,0.0,0.0,0.0,0.0,0.0,0.0,0.0,0.0,0.0,0.0,0.0,0.0,0.0,0.0,0.0,0.0,0.0,0.0,0.0,0.0,0.0,0.0,0.0,1.0,0.0,0.0,-73.95,148.03,34.1,1.2,0.141,1637.0,1.0,0.0042761148442272,0.0085522296884544,0.013439218081857
0.0,0.0,0.0,0.0,0.0,0.0,0.0,0.0,0.0,0.0,0.0,0.0,0.0,0.0,0.0,0.0,0.0,0.0,0.0,1.0,0.0,0.0,0.0,0.0,1.0,0.0,0.0,-145.83,167.72,0.4,1.2,0.141,1637.0,1.0,0.0048869883934025,0.011606597434331,0.0171044593769089
1.0,0.0,0.0,0.0,0.0,0.0,0.0,0.0,0.0,0.0,0.0,0.0,0.0,0.0,0.0,0.0,0.0,0.0,0.0,0.0,0.0,0.0,0.0,0.0,1.0,0.0,0.0,-140.48,134.84,0.4,1.2,0.141,1637.0,1.0,0.0042761148442272,0.0103848503359804,0.015271838729383
0.0,0.0,0.0,0.0,0.0,0.0,0.0,0.0,0.0,0.0,0.0,0.0,0.0,0.0,0.0,0.0,0.0,0.0,0.0,1.0,0.0,0.0,0.0,0.0,1.0,0.0,0.0,-83.73,127.54,16.0,1.2,0.141,1637.0,1.0,0.0048869883934025,0.013439218081857,0.0189370800244349
0.0,0.0,0.0,0.0,0.0,0.0,0.0,0.0,0.0,0.0,0.0,0.0,0.0,0.0,1.0,0.0,0.0,0.0,0.0,0.0,0.0,0.0,0.0,0.0,1.0,0.0,0.0,-114.41,92.62,25.3,1.2,0.141,1637.0,1.0,0.0054978619425778,0.0128283445326817,0.0189370800244349
0.0,0.0,0.0,0.0,0.0,0.0,0.0,0.0,0.0,0.0,0.0,0.0,1.0,0.0,0.0,0.0,0.0,0.0,0.0,0.0,0.0,0.0,0.0,0.0,0.0,0.0,1.0,-62.06,-36.48,42.9,1.2,0.141,1637.0,1.0,0.0054978619425778,0.0109957238851557,0.0171044593769089
0.0,0.0,0.0,1.0,0.0,0.0,0.0,0.0,0.0,0.0,0.0,0.0,0.0,0.0,0.0,0.0,0.0,0.0,0.0,0.0,0.0,0.0,0.0,0.0,0.0,0.0,1.0,-66.05,-46.72,182.3,1.2,0.141,1637.0,1.0,0.0048869883934025,0.0085522296884544,0.0140500916310323
0.0,0.0,0.0,0.0,0.0,0.0,0.0,0.0,0.0,0.0,0.0,0.0,0.0,1.0,0.0,0.0,0.0,0.0,0.0,0.0,0.0,0.0,0.0,0.0,0.0,0.0,1.0,-68.79,-23.7,107.7,1.2,0.141,1637.0,1.0,0.0048869883934025,0.0091631032376298,0.0146609651802076
0.0,0.0,0.0,0.0,0.0,1.0,0.0,0.0,0.0,0.0,0.0,0.0,0.0,0.0,0.0,0.0,0.0,0.0,0.0,0.0,0.0,0.0,0.0,0.0,0.0,0.0,1.0,77.99,35.48,23.7,1.2,0.141,1637.0,1.0,0.0036652412950519,0.0091631032376298,0.013439218081857
0.0,0.0,1.0,0.0,0.0,0.0,0.0,0.0,0.0,0.0,0.0,0.0,0.0,0.0,0.0,0.0,0.0,0.0,0.0,0.0,0.0,0.0,0.0,0.0,1.0,0.0,0.0,-142.79,171.47,4.6,1.2,0.141,1637.0,1.0,0.0054978619425778,0.0128283445326817,0.0189370800244349
0.0,0.0,0.0,0.0,0.0,0.0,0.0,0.0,0.0,1.0,0.0,0.0,0.0,0.0,0.0,0.0,0.0,0.0,0.0,0.0,0.0,0.0,0.0,0.0,1.0,0.0,0.0,-122.5,142.21,0.0,1.2,0.141,1637.0,1.0,0.0048869883934025,0.0122174709835064,0.0177153329260843
0.0,0.0,0.0,0.0,0.0,0.0,0.0,0.0,0.0,0.0,0.0,0.0,0.0,0.0,0.0,0.0,0.0,1.0,0.0,0.0,0.0,0.0,0.0,0.0,1.0,0.0,0.0,-117.27,149.36,0.6,1.2,0.141,1637.0,1.0,0.0054978619425778,0.0085522296884544,0.0146609651802076
0.0,0.0,0.0,0.0,0.0,0.0,0.0,0.0,0.0,0.0,0.0,0.0,0.0,0.0,0.0,0.0,0.0,0.0,0.0,1.0,0.0,0.0,0.0,0.0,1.0,0.0,0.0,-165.62,167.63,4.4,1.2,0.141,1637.0,1.0,0.0048869883934025,0.0103848503359804,0.0158827122785583
0.0,0.0,0.0,0.0,0.0,0.0,1.0,0.0,0.0,0.0,0.0,0.0,0.0,0.0,0.0,0.0,0.0,0.0,0.0,0.0,0.0,0.0,0.0,0.0,1.0,0.0,0.0,-136.87,144.12,84.8,1.2,0.141,1637.0,1.0,0.0048869883934025,0.0122174709835064,0.0177153329260843
0.0,0.0,0.0,0.0,0.0,0.0,0.0,0.0,0.0,0.0,0.0,0.0,0.0,0.0,0.0,0.0,1.0,0.0,0.0,0.0,0.0,0.0,0.0,0.0,0.0,1.0,0.0,-164.69,142.58,25.5,1.2,0.141,1637.0,1.0,0.0054978619425778,0.0073304825901038,0.013439218081857
0.0,0.0,0.0,0.0,0.0,0.0,0.0,0.0,0.0,0.0,0.0,1.0,0.0,0.0,0.0,0.0,0.0,0.0,0.0,0.0,0.0,0.0,0.0,0.0,0.0,1.0,0.0,-101.82,15.35,96.3,1.2,0.141,1637.0,1.0,0.0054978619425778,0.0067196090409285,0.0128283445326817
0.0,0.0,0.0,0.0,0.0,0.0,0.0,0.0,0.0,0.0,0.0,0.0,0.0,0.0,0.0,0.0,0.0,1.0,0.0,0.0,0.0,0.0,0.0,0.0,0.0,1.0,0.0,-73.66,132.79,68.4,1.2,0.141,1637.0,1.0,0.0054978619425778,0.0067196090409285,0.0128283445326817
0.0,0.0,0.0,0.0,0.0,0.0,0.0,0.0,0.0,0.0,0.0,0.0,0.0,0.0,0.0,0.0,0.0,1.0,0.0,0.0,0.0,0.0,0.0,0.0,0.0,1.0,0.0,-145.66,164.92,87.5,1.2,0.141,1637.0,1.0,0.0054978619425778,0.0085522296884544,0.0146609651802076
0.0,0.0,0.0,0.0,0.0,1.0,0.0,0.0,0.0,0.0,0.0,0.0,0.0,0.0,0.0,0.0,0.0,0.0,0.0,0.0,0.0,0.0,0.0,0.0,0.0,1.0,0.0,-104.86,-141.89,20.0,1.2,0.141,1637.0,1.0,0.0036652412950519,0.0122174709835064,0.0164935858277336
0.0,0.0,0.0,0.0,0.0,0.0,0.0,0.0,0.0,0.0,0.0,0.0,0.0,0.0,1.0,0.0,0.0,0.0,0.0,0.0,0.0,0.0,0.0,0.0,0.0,1.0,0.0,-91.39,-79.28,219.6,1.2,0.141,1637.0,1.0,0.0054978619425778,0.0073304825901038,0.013439218081857
0.0,0.0,0.0,0.0,0.0,0.0,0.0,0.0,0.0,1.0,0.0,0.0,0.0,0.0,0.0,0.0,0.0,0.0,0.0,0.0,0.0,0.0,0.0,0.0,1.0,0.0,0.0,-113.83,140.2,108.0,1.2,0.141,1637.0,1.0,0.0048869883934025,0.0073304825901038,0.0128283445326817
0.0,0.0,0.0,0.0,0.0,0.0,0.0,0.0,0.0,0.0,0.0,0.0,0.0,0.0,1.0,0.0,0.0,0.0,0.0,0.0,0.0,0.0,0.0,0.0,1.0,0.0,0.0,-67.01,144.16,68.9,1.2,0.141,1637.0,1.0,0.0048869883934025,0.011606597434331,0.0171044593769089
1.0,0.0,0.0,0.0,0.0,0.0,0.0,0.0,0.0,0.0,0.0,0.0,0.0,0.0,0.0,0.0,0.0,0.0,0.0,0.0,0.0,0.0,0.0,0.0,0.0,1.0,0.0,-91.2,84.63,27.6,1.2,0.141,1637.0,0.5,0.0042761148442272,0.0103848503359804,0.015271838729383
0.0,0.0,0.0,0.0,0.0,0.0,0.0,0.0,0.0,0.0,0.0,1.0,0.0,0.0,0.0,0.0,0.0,0.0,0.0,0.0,0.0,0.0,0.0,0.0,0.0,1.0,0.0,170.53,161.95,64.0,1.2,0.141,1637.0,0.5,0.0048869883934025,0.0067196090409285,0.0122174709835064
1.0,0.0,0.0,0.0,0.0,0.0,0.0,0.0,0.0,0.0,0.0,0.0,0.0,0.0,0.0,0.0,0.0,0.0,0.0,0.0,0.0,0.0,0.0,0.0,0.0,1.0,0.0,-93.66,157.26,90.6,1.2,0.141,1637.0,0.5,0.0042761148442272,0.0048869883934025,0.0097739767868051
0.0,0.0,0.0,0.0,0.0,1.0,0.0,0.0,0.0,0.0,0.0,0.0,0.0,0.0,0.0,0.0,0.0,0.0,0.0,0.0,0.0,0.0,0.0,0.0,0.0,1.0,0.0,95.95,176.31,72.5,1.2,0.141,1637.0,1.0,0.0036652412950519,0.0054978619425778,0.0097739767868051
0.0,0.0,0.0,0.0,0.0,0.0,0.0,0.0,0.0,0.0,0.0,0.0,0.0,1.0,0.0,0.0,0.0,0.0,0.0,0.0,0.0,0.0,0.0,0.0,0.0,1.0,0.0,-87.84,-11.12,197.9,1.2,0.141,1637.0,0.5,0.0048869883934025,0.0042761148442272,0.0097739767868051
0.0,0.0,0.0,0.0,0.0,1.0,0.0,0.0,0.0,0.0,0.0,0.0,0.0,0.0,0.0,0.0,0.0,0.0,0.0,0.0,0.0,0.0,0.0,0.0,1.0,0.0,0.0,-120.87,177.15,18.1,1.2,0.141,1637.0,1.0,0.0036652412950519,0.0103848503359804,0.0146609651802076
0.0,0.0,0.0,0.0,0.0,0.0,1.0,0.0,0.0,0.0,0.0,0.0,0.0,0.0,0.0,0.0,0.0,0.0,0.0,0.0,0.0,0.0,0.0,0.0,1.0,0.0,0.0,-143.18,143.43,12.0,1.2,0.141,1637.0,1.0,0.0054978619425778,0.0103848503359804,0.0164935858277336
0.0,0.0,0.0,0.0,0.0,0.0,0.0,0.0,0.0,0.0,0.0,0.0,1.0,0.0,0.0,0.0,0.0,0.0,0.0,0.0,0.0,0.0,0.0,0.0,1.0,0.0,0.0,-58.04,143.19,73.3,1.2,0.141,1637.0,1.0,0.0054978619425778,0.0085522296884544,0.0146609651802076
1.0,0.0,0.0,0.0,0.0,0.0,0.0,0.0,0.0,0.0,0.0,0.0,0.0,0.0,0.0,0.0,0.0,0.0,0.0,0.0,0.0,0.0,0.0,0.0,1.0,0.0,0.0,-147.23,144.77,3.9,1.2,0.141,1637.0,1.0,0.0042761148442272,0.0097739767868051,0.0146609651802076
0.0,0.0,0.0,0.0,0.0,0.0,0.0,0.0,0.0,0.0,0.0,0.0,0.0,0.0,0.0,0.0,1.0,0.0,0.0,0.0,0.0,0.0,0.0,0.0,1.0,0.0,0.0,-112.42,130.03,47.3,1.2,0.141,1637.0,1.0,0.0054978619425778,0.0085522296884544,0.0146609651802076
0.0,0.0,0.0,0.0,0.0,0.0,0.0,0.0,0.0,1.0,0.0,0.0,0.0,0.0,0.0,0.0,0.0,0.0,0.0,0.0,0.0,0.0,0.0,0.0,1.0,0.0,0.0,-119.51,133.08,0.0,1.2,0.141,1637.0,1.0,0.0048869883934025,0.0128283445326817,0.0183262064752596
0.0,0.0,0.0,1.0,0.0,0.0,0.0,0.0,0.0,0.0,0.0,0.0,0.0,0.0,0.0,0.0,0.0,0.0,0.0,0.0,0.0,0.0,0.0,0.0,1.0,0.0,0.0,-121.08,136.44,46.0,1.2,0.141,1637.0,1.0,0.0048869883934025,0.0122174709835064,0.0177153329260843
0.0,0.0,0.0,0.0,0.0,0.0,0.0,0.0,0.0,0.0,0.0,0.0,0.0,0.0,0.0,0.0,0.0,1.0,0.0,0.0,0.0,0.0,0.0,0.0,1.0,0.0,0.0,-129.22,134.46,2.6,1.2,0.141,1637.0,1.0,0.0054978619425778,0.0103848503359804,0.0164935858277336
0.0,0.0,0.0,0.0,0.0,0.0,0.0,0.0,0.0,0.0,0.0,0.0,0.0,0.0,0.0,1.0,0.0,0.0,0.0,0.0,0.0,0.0,0.0,0.0,1.0,0.0,0.0,-140.55,159.83,36.8,1.2,0.141,1637.0,1.0,0.0054978619425778,0.0097739767868051,0.0158827122785583
0.0,0.0,0.0,1.0,0.0,0.0,0.0,0.0,0.0,0.0,0.0,0.0,0.0,0.0,0.0,0.0,0.0,0.0,0.0,0.0,0.0,0.0,0.0,0.0,1.0,0.0,0.0,-119.02,120.06,48.7,1.2,0.141,1637.0,1.0,0.0048869883934025,0.0103848503359804,0.0158827122785583
0.0,0.0,0.0,0.0,0.0,0.0,0.0,1.0,0.0,0.0,0.0,0.0,0.0,0.0,0.0,0.0,0.0,0.0,0.0,0.0,0.0,0.0,0.0,0.0,1.0,0.0,0.0,-106.25,123.9,109.1,1.2,0.141,1637.0,1.0,0.0054978619425778,0.0073304825901038,0.013439218081857
0.0,0.0,0.0,0.0,0.0,1.0,0.0,0.0,0.0,0.0,0.0,0.0,0.0,0.0,0.0,0.0,0.0,0.0,0.0,0.0,0.0,0.0,0.0,0.0,1.0,0.0,0.0,-97.85,-132.5,16.3,1.2,0.141,1637.0,1.0,0.0036652412950519,0.0146609651802076,0.0189370800244349
0.0,0.0,0.0,0.0,0.0,0.0,0.0,0.0,0.0,0.0,0.0,0.0,0.0,1.0,0.0,0.0,0.0,0.0,0.0,0.0,0.0,0.0,0.0,0.0,1.0,0.0,0.0,-97.62,152.52,135.3,1.2,0.141,1637.0,1.0,0.0054978619425778,0.0085522296884544,0.0146609651802076
0.0,0.0,0.0,0.0,1.0,0.0,0.0,0.0,0.0,0.0,0.0,0.0,0.0,0.0,0.0,0.0,0.0,0.0,0.0,0.0,0.0,0.0,0.0,0.0,1.0,0.0,0.0,-69.05,132.47,168.0,1.2,0.141,1637.0,1.0,0.0048869883934025,0.0103848503359804,0.0158827122785583
0.0,0.0,0.0,0.0,0.0,0.0,0.0,0.0,0.0,1.0,0.0,0.0,0.0,0.0,0.0,0.0,0.0,0.0,0.0,0.0,0.0,0.0,0.0,0.0,1.0,0.0,0.0,-106.61,106.78,15.9,1.2,0.141,1637.0,1.0,0.0054978619425778,0.0097739767868051,0.0158827122785583
0.0,0.0,0.0,0.0,0.0,0.0,0.0,0.0,0.0,0.0,0.0,0.0,1.0,0.0,0.0,0.0,0.0,0.0,0.0,0.0,0.0,0.0,0.0,0.0,0.0,1.0,0.0,-74.92,154.59,25.9,1.2,0.141,1637.0,1.0,0.0054978619425778,0.0054978619425778,0.011606597434331
0.0,0.0,0.0,0.0,0.0,0.0,0.0,0.0,0.0,0.0,0.0,0.0,0.0,0.0,0.0,1.0,0.0,0.0,0.0,0.0,0.0,0.0,0.0,0.0,0.0,0.0,1.0,-152.13,155.33,11.7,1.2,0.141,1637.0,1.0,0.0048869883934025,0.011606597434331,0.0171044593769089
0.0,0.0,0.0,0.0,0.0,0.0,0.0,0.0,0.0,0.0,0.0,1.0,0.0,0.0,0.0,0.0,0.0,0.0,0.0,0.0,0.0,0.0,0.0,0.0,0.0,0.0,1.0,-88.05,7.5,24.4,1.2,0.141,1637.0,1.0,0.0054978619425778,0.0079413561392791,0.0140500916310323
0.0,0.0,0.0,0.0,0.0,0.0,0.0,0.0,0.0,0.0,0.0,0.0,0.0,0.0,0.0,1.0,0.0,0.0,0.0,0.0,0.0,0.0,0.0,0.0,0.0,0.0,1.0,-115.32,116.58,27.3,1.2,0.141,1637.0,1.0,0.0054978619425778,0.011606597434331,0.0177153329260843
0.0,0.0,0.0,0.0,0.0,0.0,0.0,0.0,0.0,0.0,0.0,0.0,1.0,0.0,0.0,0.0,0.0,0.0,0.0,0.0,0.0,0.0,1.0,0.0,0.0,0.0,0.0,-66.58,-32.57,93.0,1.2,0.141,1637.0,1.0,0.0054978619425778,0.0073304825901038,0.013439218081857
0.0,0.0,0.0,0.0,0.0,0.0,0.0,0.0,0.0,1.0,0.0,0.0,0.0,0.0,0.0,0.0,0.0,0.0,0.0,0.0,0.0,0.0,1.0,0.0,0.0,0.0,0.0,-88.38,4.44,159.8,1.2,0.141,1637.0,1.0,0.0048869883934025,0.0079413561392791,0.013439218081857
0.0,0.0,0.0,1.0,0.0,0.0,0.0,0.0,0.0,0.0,0.0,0.0,0.0,0.0,0.0,0.0,0.0,0.0,0.0,0.0,0.0,0.0,1.0,0.0,0.0,0.0,0.0,-92.05,-8.44,72.4,1.2,0.141,1637.0,1.0,0.0048869883934025,0.0103848503359804,0.0158827122785583
0.0,0.0,0.0,0.0,0.0,0.0,0.0,0.0,0.0,1.0,0.0,0.0,0.0,0.0,0.0,0.0,0.0,0.0,0.0,0.0,0.0,0.0,0.0,0.0,0.0,1.0,0.0,-58.64,128.32,99.1,1.2,0.141,1637.0,1.0,0.0048869883934025,0.0109957238851557,0.0164935858277336
0.0,0.0,0.0,0.0,0.0,0.0,0.0,0.0,0.0,0.0,0.0,0.0,0.0,0.0,0.0,1.0,0.0,0.0,0.0,0.0,0.0,0.0,0.0,0.0,1.0,0.0,0.0,-159.85,176.39,50.8,1.2,0.141,1637.0,1.0,0.0048869883934025,0.0067196090409285,0.0122174709835064
0.0,0.0,0.0,0.0,0.0,0.0,0.0,0.0,0.0,0.0,0.0,0.0,0.0,0.0,0.0,0.0,0.0,1.0,0.0,0.0,0.0,0.0,0.0,0.0,1.0,0.0,0.0,-122.2,136.97,41.9,1.2,0.141,1637.0,1.0,0.0054978619425778,0.0103848503359804,0.0164935858277336
0.0,0.0,0.0,0.0,0.0,0.0,0.0,0.0,0.0,0.0,0.0,0.0,0.0,1.0,0.0,0.0,0.0,0.0,0.0,0.0,0.0,0.0,0.0,0.0,1.0,0.0,0.0,-65.75,136.83,23.1,1.2,0.141,1637.0,1.0,0.0048869883934025,0.0158827122785583,0.0213805742211362
0.0,0.0,0.0,0.0,0.0,0.0,0.0,0.0,0.0,0.0,0.0,0.0,0.0,0.0,0.0,0.0,0.0,0.0,0.0,1.0,0.0,0.0,0.0,0.0,1.0,0.0,0.0,-150.53,156.36,49.1,1.2,0.141,1637.0,0.5,0.0048869883934025,0.0146609651802076,0.0201588271227855
0.0,0.0,0.0,0.0,0.0,0.0,0.0,0.0,0.0,0.0,0.0,0.0,0.0,0.0,1.0,0.0,0.0,0.0,0.0,0.0,0.0,0.0,0.0,0.0,1.0,0.0,0.0,-134.51,132.08,50.7,1.2,0.141,1637.0,1.0,0.0048869883934025,0.0146609651802076,0.0201588271227855
0.0,0.0,0.0,0.0,0.0,0.0,0.0,0.0,0.0,0.0,0.0,0.0,0.0,0.0,0.0,1.0,0.0,0.0,0.0,0.0,0.0,0.0,0.0,0.0,1.0,0.0,0.0,-145.9,134.56,31.0,1.2,0.141,1637.0,1.0,0.0048869883934025,0.0103848503359804,0.0158827122785583
0.0,0.0,0.0,0.0,0.0,0.0,0.0,0.0,0.0,0.0,0.0,0.0,0.0,0.0,0.0,0.0,0.0,1.0,0.0,0.0,0.0,0.0,0.0,0.0,1.0,0.0,0.0,-118.56,134.76,0.2,1.2,0.141,1637.0,1.0,0.0054978619425778,0.0091631032376298,0.015271838729383
0.0,0.0,0.0,0.0,0.0,0.0,0.0,0.0,0.0,0.0,1.0,0.0,0.0,0.0,0.0,0.0,0.0,0.0,0.0,0.0,0.0,0.0,0.0,0.0,1.0,0.0,0.0,-105.61,132.14,93.1,1.2,0.141,1637.0,1.0,0.0048869883934025,0.0109957238851557,0.0164935858277336
0.0,0.0,0.0,0.0,0.0,0.0,0.0,0.0,0.0,0.0,0.0,0.0,0.0,0.0,0.0,0.0,0.0,1.0,0.0,0.0,0.0,0.0,0.0,0.0,1.0,0.0,0.0,-114.48,130.54,0.0,1.2,0.141,1637.0,1.0,0.0054978619425778,0.0097739767868051,0.0158827122785583
0.0,0.0,0.0,0.0,1.0,0.0,0.0,0.0,0.0,0.0,0.0,0.0,0.0,0.0,0.0,0.0,0.0,0.0,0.0,0.0,0.0,0.0,0.0,0.0,1.0,0.0,0.0,-112.13,129.7,52.7,1.2,0.141,1637.0,1.0,0.0048869883934025,0.0109957238851557,0.0164935858277336
0.0,0.0,0.0,0.0,0.0,1.0,0.0,0.0,0.0,0.0,0.0,0.0,0.0,0.0,0.0,0.0,0.0,0.0,0.0,0.0,0.0,0.0,0.0,0.0,1.0,0.0,0.0,-169.55,-153.5,6.9,1.2,0.141,1637.0,1.0,0.0036652412950519,0.0140500916310323,0.0183262064752596
0.0,0.0,0.0,0.0,0.0,0.0,0.0,0.0,0.0,0.0,0.0,0.0,0.0,0.0,0.0,0.0,1.0,0.0,0.0,0.0,0.0,0.0,0.0,0.0,1.0,0.0,0.0,-125.81,125.13,61.7,1.2,0.141,1637.0,1.0,0.0054978619425778,0.0091631032376298,0.015271838729383
1.0,0.0,0.0,0.0,0.0,0.0,0.0,0.0,0.0,0.0,0.0,0.0,0.0,0.0,0.0,0.0,0.0,0.0,0.0,0.0,0.0,0.0,0.0,0.0,1.0,0.0,0.0,-100.22,137.25,0.0,1.2,0.141,1637.0,1.0,0.0042761148442272,0.015271838729383,0.0201588271227855
0.0,0.0,0.0,0.0,0.0,0.0,0.0,0.0,0.0,0.0,0.0,0.0,0.0,0.0,1.0,0.0,0.0,0.0,0.0,0.0,0.0,0.0,0.0,0.0,1.0,0.0,0.0,-131.53,145.8,104.0,1.2,0.141,1637.0,1.0,0.0048869883934025,0.0085522296884544,0.0140500916310323
0.0,0.0,0.0,0.0,0.0,0.0,0.0,0.0,0.0,0.0,0.0,0.0,0.0,0.0,0.0,0.0,0.0,1.0,0.0,0.0,0.0,0.0,0.0,0.0,1.0,0.0,0.0,-78.07,136.58,84.2,1.2,0.141,1637.0,0.5,0.0054978619425778,0.0097739767868051,0.0158827122785583
0.0,0.0,0.0,0.0,0.0,0.0,0.0,0.0,0.0,1.0,0.0,0.0,0.0,0.0,0.0,0.0,0.0,0.0,0.0,0.0,0.0,0.0,0.0,0.0,0.0,1.0,0.0,-93.41,155.54,15.3,1.2,0.141,1637.0,1.0,0.0048869883934025,0.0109957238851557,0.0164935858277336
1.0,0.0,0.0,0.0,0.0,0.0,0.0,0.0,0.0,0.0,0.0,0.0,0.0,0.0,0.0,0.0,0.0,0.0,0.0,0.0,0.0,0.0,0.0,0.0,0.0,1.0,0.0,-133.28,156.04,74.1,1.2,0.141,1637.0,1.0,0.0042761148442272,0.0054978619425778,0.0103848503359804
0.0,0.0,0.0,0.0,0.0,1.0,0.0,0.0,0.0,0.0,0.0,0.0,0.0,0.0,0.0,0.0,0.0,0.0,0.0,0.0,0.0,0.0,0.0,1.0,0.0,0.0,0.0,56.05,-135.36,31.1,1.2,0.141,1637.0,1.0,0.0036652412950519,0.0061087354917532,0.0103848503359804
0.0,0.0,0.0,1.0,0.0,0.0,0.0,0.0,0.0,0.0,0.0,0.0,0.0,0.0,0.0,0.0,0.0,0.0,0.0,0.0,0.0,0.0,0.0,1.0,0.0,0.0,0.0,-61.87,-28.65,132.3,1.2,0.141,1637.0,1.0,0.0048869883934025,0.0097739767868051,0.015271838729383
0.0,0.0,1.0,0.0,0.0,0.0,0.0,0.0,0.0,0.0,0.0,0.0,0.0,0.0,0.0,0.0,0.0,0.0,0.0,0.0,0.0,0.0,0.0,1.0,0.0,0.0,0.0,-63.68,-43.71,105.3,1.2,0.141,1637.0,1.0,0.0054978619425778,0.0091631032376298,0.015271838729383
1.0,0.0,0.0,0.0,0.0,0.0,0.0,0.0,0.0,0.0,0.0,0.0,0.0,0.0,0.0,0.0,0.0,0.0,0.0,0.0,0.0,0.0,0.0,1.0,0.0,0.0,0.0,-68.58,-43.35,3.4,1.2,0.141,1637.0,1.0,0.0042761148442272,0.0171044593769089,0.0219914477703115
0.0,0.0,0.0,0.0,0.0,0.0,0.0,0.0,0.0,0.0,0.0,0.0,0.0,0.0,1.0,0.0,0.0,0.0,0.0,0.0,0.0,0.0,0.0,1.0,0.0,0.0,0.0,-59.21,-45.05,44.9,1.2,0.141,1637.0,1.0,0.0048869883934025,0.015271838729383,0.0207697006719609
1.0,0.0,0.0,0.0,0.0,0.0,0.0,0.0,0.0,0.0,0.0,0.0,0.0,0.0,0.0,0.0,0.0,0.0,0.0,0.0,0.0,0.0,0.0,1.0,0.0,0.0,0.0,-66.89,-40.78,50.6,1.2,0.141,1637.0,1.0,0.0042761148442272,0.0109957238851557,0.0158827122785583
1.0,0.0,0.0,0.0,0.0,0.0,0.0,0.0,0.0,0.0,0.0,0.0,0.0,0.0,0.0,0.0,0.0,0.0,0.0,0.0,0.0,0.0,0.0,1.0,0.0,0.0,0.0,-61.98,-46.61,0.6,1.2,0.141,1637.0,1.0,0.0042761148442272,0.0128283445326817,0.0177153329260843
0.0,0.0,0.0,0.0,0.0,0.0,0.0,0.0,0.0,1.0,0.0,0.0,0.0,0.0,0.0,0.0,0.0,0.0,0.0,0.0,0.0,0.0,0.0,1.0,0.0,0.0,0.0,-62.15,-35.9,15.6,1.2,0.141,1637.0,1.0,0.0048869883934025,0.0128283445326817,0.0183262064752596
0.0,0.0,0.0,0.0,0.0,0.0,0.0,0.0,0.0,0.0,0.0,0.0,0.0,0.0,0.0,0.0,1.0,0.0,0.0,0.0,0.0,0.0,0.0,1.0,0.0,0.0,0.0,-67.72,-49.66,30.1,1.2,0.141,1637.0,1.0,0.0054978619425778,0.0128283445326817,0.0189370800244349
0.0,0.0,0.0,0.0,0.0,0.0,0.0,0.0,0.0,0.0,0.0,0.0,0.0,0.0,0.0,0.0,1.0,0.0,0.0,0.0,0.0,0.0,0.0,1.0,0.0,0.0,0.0,-56.13,-44.38,47.2,1.2,0.141,1637.0,1.0,0.0054978619425778,0.0091631032376298,0.015271838729383
0.0,0.0,0.0,0.0,0.0,0.0,0.0,0.0,0.0,1.0,0.0,0.0,0.0,0.0,0.0,0.0,0.0,0.0,0.0,0.0,0.0,0.0,0.0,1.0,0.0,0.0,0.0,-58.14,-52.68,5.6,1.2,0.141,1637.0,1.0,0.0048869883934025,0.0128283445326817,0.0183262064752596
0.0,0.0,0.0,0.0,0.0,0.0,0.0,0.0,0.0,0.0,0.0,0.0,0.0,0.0,0.0,1.0,0.0,0.0,0.0,0.0,0.0,0.0,0.0,1.0,0.0,0.0,0.0,-61.28,-44.54,37.3,1.2,0.141,1637.0,1.0,0.0048869883934025,0.0109957238851557,0.0164935858277336
0.0,0.0,0.0,1.0,0.0,0.0,0.0,0.0,0.0,0.0,0.0,0.0,0.0,0.0,0.0,0.0,0.0,0.0,0.0,0.0,0.0,0.0,0.0,1.0,0.0,0.0,0.0,-72.8,-25.7,54.6,1.2,0.141,1637.0,1.0,0.0048869883934025,0.013439218081857,0.0189370800244349
0.0,0.0,0.0,0.0,0.0,0.0,0.0,0.0,0.0,0.0,0.0,0.0,0.0,0.0,1.0,0.0,0.0,0.0,0.0,0.0,0.0,0.0,0.0,1.0,0.0,0.0,0.0,-70.02,-43.51,82.1,1.2,0.141,1637.0,0.5,0.0048869883934025,0.0097739767868051,0.015271838729383
0.0,0.0,0.0,0.0,0.0,0.0,0.0,0.0,0.0,0.0,0.0,0.0,0.0,0.0,0.0,0.0,0.0,1.0,0.0,0.0,0.0,0.0,0.0,1.0,0.0,0.0,0.0,-94.46,-12.17,35.8,1.2,0.141,1637.0,1.0,0.0054978619425778,0.0103848503359804,0.0164935858277336
0.0,0.0,0.0,0.0,1.0,0.0,0.0,0.0,0.0,0.0,0.0,0.0,0.0,0.0,0.0,0.0,0.0,0.0,0.0,0.0,0.0,0.0,0.0,0.0,0.0,0.0,1.0,-121.31,74.98,128.2,1.2,0.141,1637.0,1.0,0.0048869883934025,0.0128283445326817,0.0183262064752596
0.0,0.0,0.0,0.0,0.0,0.0,0.0,0.0,0.0,0.0,0.0,0.0,1.0,0.0,0.0,0.0,0.0,0.0,0.0,0.0,0.0,0.0,0.0,0.0,0.0,0.0,1.0,-59.93,130.6,115.5,1.2,0.141,1637.0,1.0,0.0054978619425778,0.0054978619425778,0.011606597434331
0.0,0.0,0.0,0.0,0.0,1.0,0.0,0.0,0.0,0.0,0.0,0.0,0.0,0.0,0.0,0.0,0.0,0.0,0.0,0.0,0.0,0.0,0.0,0.0,0.0,0.0,1.0,98.02,-20.67,65.8,1.2,0.141,1637.0,1.0,0.0036652412950519,0.0054978619425778,0.0097739767868051
0.0,0.0,0.0,0.0,0.0,0.0,0.0,0.0,0.0,1.0,0.0,0.0,0.0,0.0,0.0,0.0,0.0,0.0,0.0,0.0,0.0,0.0,0.0,0.0,0.0,0.0,1.0,-73.87,137.41,35.6,1.2,0.141,1637.0,1.0,0.0048869883934025,0.0097739767868051,0.015271838729383
0.0,0.0,0.0,0.0,0.0,0.0,0.0,0.0,1.0,0.0,0.0,0.0,0.0,0.0,0.0,0.0,0.0,0.0,0.0,0.0,0.0,0.0,0.0,0.0,0.0,0.0,1.0,-125.0,118.24,100.0,1.2,0.141,1637.0,1.0,0.0048869883934025,0.0122174709835064,0.0177153329260843
0.0,0.0,0.0,0.0,0.0,0.0,0.0,0.0,0.0,0.0,0.0,0.0,0.0,0.0,0.0,0.0,0.0,1.0,0.0,0.0,0.0,0.0,0.0,0.0,0.0,0.0,1.0,-62.74,127.95,32.9,1.2,0.141,1637.0,1.0,0.0054978619425778,0.0085522296884544,0.0146609651802076
0.0,0.0,0.0,0.0,0.0,1.0,0.0,0.0,0.0,0.0,0.0,0.0,0.0,0.0,0.0,0.0,0.0,0.0,0.0,0.0,0.0,0.0,0.0,0.0,0.0,0.0,1.0,94.87,-12.69,45.8,1.2,0.141,1637.0,1.0,0.0042761148442272,0.0128283445326817,0.0177153329260843
0.0,0.0,0.0,1.0,0.0,0.0,0.0,0.0,0.0,0.0,0.0,0.0,0.0,0.0,0.0,0.0,0.0,0.0,0.0,0.0,0.0,0.0,0.0,0.0,0.0,0.0,1.0,-117.02,-67.49,168.5,1.2,0.141,1637.0,1.0,0.0048869883934025,0.0097739767868051,0.015271838729383
0.0,0.0,0.0,0.0,0.0,0.0,0.0,0.0,0.0,0.0,0.0,0.0,0.0,0.0,0.0,0.0,1.0,0.0,0.0,0.0,0.0,0.0,0.0,0.0,0.0,0.0,1.0,-64.26,-39.84,83.9,1.2,0.141,1637.0,1.0,0.0054978619425778,0.0073304825901038,0.013439218081857
0.0,0.0,0.0,0.0,0.0,0.0,0.0,0.0,0.0,0.0,0.0,0.0,0.0,0.0,0.0,0.0,1.0,0.0,0.0,0.0,0.0,0.0,0.0,0.0,0.0,0.0,1.0,-113.89,159.62,50.1,1.2,0.141,1637.0,1.0,0.0054978619425778,0.0073304825901038,0.013439218081857
0.0,0.0,0.0,0.0,0.0,0.0,0.0,0.0,0.0,0.0,0.0,0.0,0.0,0.0,1.0,0.0,0.0,0.0,0.0,0.0,0.0,0.0,0.0,0.0,0.0,0.0,1.0,-62.36,157.98,153.3,1.2,0.141,1637.0,1.0,0.0054978619425778,0.0073304825901038,0.013439218081857
0.0,0.0,0.0,0.0,0.0,0.0,0.0,0.0,0.0,0.0,0.0,0.0,1.0,0.0,0.0,0.0,0.0,0.0,0.0,0.0,0.0,0.0,0.0,0.0,0.0,1.0,0.0,-62.76,156.43,88.5,1.2,0.141,1637.0,1.0,0.0054978619425778,0.0073304825901038,0.013439218081857
0.0,0.0,0.0,0.0,0.0,0.0,0.0,1.0,0.0,0.0,0.0,0.0,0.0,0.0,0.0,0.0,0.0,0.0,0.0,0.0,0.0,0.0,0.0,0.0,0.0,1.0,0.0,-71.78,120.56,23.4,1.2,0.141,1637.0,1.0,0.0054978619425778,0.0085522296884544,0.0146609651802076
0.0,0.0,0.0,0.0,0.0,0.0,0.0,0.0,0.0,0.0,0.0,0.0,0.0,0.0,0.0,1.0,0.0,0.0,0.0,0.0,0.0,0.0,0.0,0.0,0.0,1.0,0.0,-93.52,168.39,41.7,1.2,0.141,1637.0,1.0,0.0048869883934025,0.0097739767868051,0.015271838729383
0.0,0.0,0.0,1.0,0.0,0.0,0.0,0.0,0.0,0.0,0.0,0.0,0.0,0.0,0.0,0.0,0.0,0.0,0.0,0.0,0.0,0.0,0.0,1.0,0.0,0.0,0.0,-61.82,-35.34,100.8,1.2,0.141,1637.0,1.0,0.0048869883934025,0.0097739767868051,0.015271838729383
0.0,0.0,1.0,0.0,0.0,0.0,0.0,0.0,0.0,0.0,0.0,0.0,0.0,0.0,0.0,0.0,0.0,0.0,0.0,0.0,0.0,0.0,0.0,1.0,0.0,0.0,0.0,-64.13,-41.57,99.7,1.2,0.141,1637.0,1.0,0.0048869883934025,0.0097739767868051,0.015271838729383
0.0,0.0,1.0,0.0,0.0,0.0,0.0,0.0,0.0,0.0,0.0,0.0,0.0,0.0,0.0,0.0,0.0,0.0,0.0,0.0,0.0,0.0,0.0,1.0,0.0,0.0,0.0,-56.18,-47.81,26.1,1.2,0.141,1637.0,1.0,0.0054978619425778,0.0128283445326817,0.0189370800244349
0.0,0.0,0.0,0.0,0.0,0.0,0.0,0.0,0.0,1.0,0.0,0.0,0.0,0.0,0.0,0.0,0.0,0.0,0.0,0.0,0.0,0.0,0.0,1.0,0.0,0.0,0.0,-63.08,-39.75,21.1,1.2,0.141,1637.0,1.0,0.0048869883934025,0.0109957238851557,0.0164935858277336
0.0,0.0,0.0,0.0,0.0,0.0,0.0,0.0,1.0,0.0,0.0,0.0,0.0,0.0,0.0,0.0,0.0,0.0,0.0,0.0,0.0,0.0,0.0,1.0,0.0,0.0,0.0,-64.82,-25.82,162.9,1.2,0.141,1637.0,1.0,0.0048869883934025,0.0091631032376298,0.0146609651802076
0.0,0.0,0.0,0.0,0.0,0.0,0.0,0.0,0.0,0.0,0.0,0.0,0.0,0.0,1.0,0.0,0.0,0.0,0.0,0.0,0.0,0.0,0.0,1.0,0.0,0.0,0.0,-99.92,4.71,140.9,1.2,0.141,1637.0,1.0,0.0048869883934025,0.0097739767868051,0.015271838729383
0.0,0.0,0.0,0.0,0.0,0.0,0.0,0.0,0.0,0.0,0.0,0.0,0.0,0.0,0.0,0.0,1.0,0.0,0.0,0.0,0.0,0.0,0.0,0.0,0.0,1.0,0.0,-130.65,129.65,34.1,1.2,0.141,1637.0,1.0,0.0054978619425778,0.0091631032376298,0.015271838729383
0.0,0.0,0.0,0.0,0.0,0.0,0.0,0.0,0.0,0.0,0.0,0.0,0.0,0.0,0.0,1.0,0.0,0.0,0.0,0.0,0.0,0.0,0.0,0.0,0.0,1.0,0.0,-90.65,113.07,38.9,1.2,0.141,1637.0,1.0,0.0048869883934025,0.0091631032376298,0.0146609651802076
0.0,0.0,0.0,0.0,0.0,0.0,0.0,0.0,0.0,0.0,0.0,0.0,0.0,0.0,0.0,0.0,0.0,1.0,0.0,0.0,0.0,0.0,0.0,0.0,1.0,0.0,0.0,-111.89,127.27,2.8,1.2,0.141,1637.0,1.0,0.0054978619425778,0.011606597434331,0.0177153329260843
0.0,0.0,0.0,0.0,0.0,0.0,0.0,0.0,0.0,0.0,0.0,0.0,0.0,0.0,0.0,0.0,0.0,0.0,0.0,1.0,0.0,0.0,0.0,0.0,1.0,0.0,0.0,-118.42,149.65,13.6,1.2,0.141,1637.0,1.0,0.0048869883934025,0.0140500916310323,0.0195479535736102
0.0,0.0,0.0,0.0,0.0,0.0,0.0,0.0,0.0,0.0,0.0,0.0,0.0,0.0,0.0,1.0,0.0,0.0,0.0,0.0,0.0,0.0,0.0,0.0,1.0,0.0,0.0,-114.98,117.65,0.0,1.2,0.141,1637.0,1.0,0.0048869883934025,0.0128283445326817,0.0183262064752596
0.0,0.0,0.0,0.0,0.0,0.0,0.0,0.0,0.0,1.0,0.0,0.0,0.0,0.0,0.0,0.0,0.0,0.0,0.0,0.0,0.0,0.0,0.0,0.0,1.0,0.0,0.0,-96.73,105.56,0.0,1.2,0.141,1637.0,1.0,0.0048869883934025,0.011606597434331,0.0171044593769089
0.0,0.0,0.0,0.0,0.0,0.0,0.0,0.0,0.0,0.0,0.0,0.0,0.0,0.0,0.0,1.0,0.0,0.0,0.0,0.0,0.0,0.0,0.0,0.0,1.0,0.0,0.0,-83.41,121.52,49.7,1.2,0.141,1637.0,0.5,0.0048869883934025,0.0122174709835064,0.0177153329260843
0.0,0.0,0.0,0.0,0.0,0.0,0.0,1.0,0.0,0.0,0.0,0.0,0.0,0.0,0.0,0.0,0.0,0.0,0.0,0.0,0.0,0.0,0.0,0.0,1.0,0.0,0.0,-76.54,131.89,35.8,1.2,0.141,1637.0,1.0,0.0054978619425778,0.0109957238851557,0.0171044593769089
0.0,0.0,1.0,0.0,0.0,0.0,0.0,0.0,0.0,0.0,0.0,0.0,0.0,0.0,0.0,0.0,0.0,0.0,0.0,0.0,0.0,0.0,0.0,0.0,1.0,0.0,0.0,-98.12,-55.45,101.6,1.2,0.141,1637.0,0.5,0.0054978619425778,0.0085522296884544,0.0146609651802076
0.0,0.0,0.0,0.0,0.0,0.0,0.0,0.0,0.0,0.0,0.0,0.0,0.0,0.0,1.0,0.0,0.0,0.0,0.0,0.0,0.0,0.0,0.0,0.0,1.0,0.0,0.0,-145.71,161.98,149.1,1.2,0.141,1637.0,1.0,0.0048869883934025,0.0097739767868051,0.015271838729383
0.0,0.0,0.0,0.0,0.0,0.0,0.0,0.0,0.0,0.0,0.0,0.0,0.0,0.0,0.0,0.0,0.0,0.0,1.0,0.0,0.0,0.0,0.0,0.0,1.0,0.0,0.0,-148.86,167.66,51.9,1.2,0.141,1637.0,1.0,0.0048869883934025,0.0109957238851557,0.0164935858277336
0.0,0.0,0.0,0.0,0.0,0.0,0.0,0.0,0.0,0.0,0.0,0.0,0.0,0.0,0.0,1.0,0.0,0.0,0.0,0.0,0.0,0.0,0.0,0.0,1.0,0.0,0.0,-149.89,128.91,33.9,1.2,0.141,1637.0,1.0,0.0048869883934025,0.0079413561392791,0.013439218081857
0.0,0.0,0.0,0.0,0.0,1.0,0.0,0.0,0.0,0.0,0.0,0.0,0.0,0.0,0.0,0.0,0.0,0.0,0.0,0.0,0.0,0.0,0.0,0.0,1.0,0.0,0.0,-125.91,141.31,0.0,1.2,0.141,1637.0,1.0,0.0036652412950519,0.0128283445326817,0.0171044593769089
0.0,0.0,0.0,0.0,0.0,0.0,0.0,0.0,1.0,0.0,0.0,0.0,0.0,0.0,0.0,0.0,0.0,0.0,0.0,0.0,0.0,0.0,0.0,0.0,1.0,0.0,0.0,-137.35,144.96,86.0,1.2,0.141,1637.0,1.0,0.0048869883934025,0.0140500916310323,0.0195479535736102
0.0,0.0,0.0,1.0,0.0,0.0,0.0,0.0,0.0,0.0,0.0,0.0,0.0,0.0,0.0,0.0,0.0,0.0,0.0,0.0,0.0,0.0,0.0,0.0,1.0,0.0,0.0,-137.5,136.19,52.2,1.2,0.141,1637.0,1.0,0.0048869883934025,0.0164935858277336,0.0219914477703115
0.0,0.0,0.0,0.0,0.0,0.0,0.0,0.0,0.0,0.0,0.0,1.0,0.0,0.0,0.0,0.0,0.0,0.0,0.0,0.0,0.0,0.0,0.0,0.0,1.0,0.0,0.0,-139.94,101.6,69.7,1.2,0.141,1637.0,1.0,0.0054978619425778,0.0122174709835064,0.0183262064752596
0.0,0.0,0.0,0.0,0.0,0.0,0.0,0.0,0.0,0.0,0.0,0.0,0.0,0.0,0.0,0.0,0.0,0.0,1.0,0.0,0.0,0.0,0.0,0.0,0.0,1.0,0.0,-131.91,56.75,78.2,1.2,0.141,1637.0,1.0,0.0048869883934025,0.0128283445326817,0.0183262064752596
1.0,0.0,0.0,0.0,0.0,0.0,0.0,0.0,0.0,0.0,0.0,0.0,0.0,0.0,0.0,0.0,0.0,0.0,0.0,0.0,0.0,0.0,0.0,0.0,0.0,0.0,1.0,-71.34,155.38,27.5,1.2,0.141,1637.0,1.0,0.0042761148442272,0.0085522296884544,0.013439218081857
0.0,0.0,0.0,1.0,0.0,0.0,0.0,0.0,0.0,0.0,0.0,0.0,0.0,0.0,0.0,0.0,0.0,0.0,0.0,0.0,0.0,0.0,0.0,0.0,0.0,0.0,1.0,-81.43,-21.47,179.4,1.2,0.141,1637.0,1.0,0.0048869883934025,0.0073304825901038,0.0128283445326817
0.0,0.0,0.0,0.0,0.0,0.0,0.0,0.0,0.0,0.0,0.0,0.0,0.0,1.0,0.0,0.0,0.0,0.0,0.0,0.0,0.0,0.0,0.0,0.0,0.0,0.0,1.0,-147.51,138.61,114.7,1.2,0.141,1637.0,1.0,0.0048869883934025,0.0091631032376298,0.0146609651802076
1.0,0.0,0.0,0.0,0.0,0.0,0.0,0.0,0.0,0.0,0.0,0.0,0.0,0.0,0.0,0.0,0.0,0.0,0.0,0.0,0.0,0.0,0.0,0.0,0.0,0.0,1.0,-64.59,156.61,7.2,1.2,0.141,1637.0,1.0,0.0042761148442272,0.0079413561392791,0.0128283445326817
0.0,0.0,0.0,0.0,0.0,0.0,0.0,1.0,0.0,0.0,0.0,0.0,0.0,0.0,0.0,0.0,0.0,0.0,0.0,0.0,0.0,0.0,0.0,0.0,0.0,1.0,0.0,-64.48,139.49,111.2,1.2,0.141,1637.0,1.0,0.0054978619425778,0.0091631032376298,0.015271838729383
0.0,0.0,0.0,0.0,0.0,0.0,0.0,0.0,0.0,0.0,0.0,0.0,0.0,1.0,0.0,0.0,0.0,0.0,0.0,0.0,0.0,0.0,0.0,0.0,0.0,1.0,0.0,-111.95,162.9,50.6,1.2,0.141,1637.0,1.0,0.0048869883934025,0.0109957238851557,0.0164935858277336
0.0,0.0,0.0,1.0,0.0,0.0,0.0,0.0,0.0,0.0,0.0,0.0,0.0,0.0,0.0,0.0,0.0,0.0,0.0,0.0,0.0,0.0,0.0,0.0,0.0,0.0,1.0,-104.37,113.16,78.3,1.2,0.141,1637.0,0.5,0.0054978619425778,0.0079413561392791,0.0140500916310323
0.0,0.0,0.0,1.0,0.0,0.0,0.0,0.0,0.0,0.0,0.0,0.0,0.0,0.0,0.0,0.0,0.0,0.0,0.0,0.0,0.0,0.0,0.0,0.0,0.0,0.0,1.0,-61.62,-31.72,160.9,1.2,0.141,1637.0,1.0,0.0048869883934025,0.0097739767868051,0.015271838729383
0.0,0.0,1.0,0.0,0.0,0.0,0.0,0.0,0.0,0.0,0.0,0.0,0.0,0.0,0.0,0.0,0.0,0.0,0.0,0.0,0.0,0.0,0.0,0.0,0.0,0.0,1.0,-88.89,17.46,44.4,1.2,0.141,1637.0,1.0,0.0054978619425778,0.0122174709835064,0.0183262064752596
0.0,0.0,0.0,0.0,0.0,0.0,0.0,0.0,0.0,0.0,0.0,0.0,0.0,0.0,0.0,0.0,0.0,0.0,1.0,0.0,0.0,0.0,0.0,0.0,0.0,0.0,1.0,-127.98,149.59,171.3,1.2,0.141,1637.0,1.0,0.0048869883934025,0.011606597434331,0.0171044593769089
0.0,0.0,0.0,0.0,0.0,0.0,0.0,0.0,0.0,0.0,0.0,0.0,1.0,0.0,0.0,0.0,0.0,0.0,0.0,0.0,0.0,0.0,0.0,0.0,0.0,1.0,0.0,-48.98,132.97,97.7,1.2,0.141,1637.0,1.0,0.0054978619425778,0.0067196090409285,0.0128283445326817
1.0,0.0,0.0,0.0,0.0,0.0,0.0,0.0,0.0,0.0,0.0,0.0,0.0,0.0,0.0,0.0,0.0,0.0,0.0,0.0,0.0,0.0,0.0,0.0,0.0,1.0,0.0,-65.53,152.78,87.2,1.2,0.141,1637.0,1.0,0.0042761148442272,0.0073304825901038,0.0122174709835064
0.0,0.0,0.0,0.0,0.0,0.0,0.0,0.0,0.0,1.0,0.0,0.0,0.0,0.0,0.0,0.0,0.0,0.0,0.0,0.0,0.0,0.0,0.0,0.0,0.0,1.0,0.0,-54.93,136.3,41.6,1.2,0.141,1637.0,1.0,0.0048869883934025,0.0061087354917532,0.011606597434331
0.0,0.0,0.0,0.0,0.0,1.0,0.0,0.0,0.0,0.0,0.0,0.0,0.0,0.0,0.0,0.0,0.0,0.0,0.0,0.0,0.0,0.0,0.0,0.0,0.0,0.0,1.0,-68.47,166.34,25.5,1.2,0.141,1637.0,1.0,0.0042761148442272,0.0085522296884544,0.013439218081857
0.0,0.0,0.0,0.0,0.0,0.0,0.0,0.0,0.0,0.0,0.0,0.0,1.0,0.0,0.0,0.0,0.0,0.0,0.0,0.0,0.0,0.0,0.0,0.0,0.0,0.0,1.0,-58.36,-26.28,115.8,1.2,0.141,1637.0,1.0,0.0054978619425778,0.0054978619425778,0.011606597434331
0.0,0.0,0.0,1.0,0.0,0.0,0.0,0.0,0.0,0.0,0.0,0.0,0.0,0.0,0.0,0.0,0.0,0.0,0.0,0.0,0.0,0.0,0.0,0.0,0.0,0.0,1.0,-61.27,-31.71,141.7,1.2,0.141,1637.0,0.5,0.0048869883934025,0.0079413561392791,0.013439218081857
0.0,0.0,0.0,0.0,0.0,0.0,0.0,0.0,0.0,0.0,0.0,0.0,0.0,0.0,0.0,0.0,0.0,0.0,1.0,0.0,0.0,0.0,0.0,0.0,0.0,0.0,1.0,-74.94,-48.1,145.4,1.2,0.141,1637.0,1.0,0.0048869883934025,0.011606597434331,0.0171044593769089
0.0,0.0,0.0,0.0,0.0,0.0,0.0,0.0,0.0,1.0,0.0,0.0,0.0,0.0,0.0,0.0,0.0,0.0,0.0,0.0,0.0,0.0,0.0,0.0,0.0,0.0,1.0,-103.64,-3.85,89.7,1.2,0.141,1637.0,1.0,0.0048869883934025,0.0061087354917532,0.011606597434331
0.0,0.0,0.0,0.0,0.0,1.0,0.0,0.0,0.0,0.0,0.0,0.0,0.0,0.0,0.0,0.0,0.0,0.0,0.0,0.0,0.0,0.0,0.0,0.0,0.0,1.0,0.0,-96.14,360.0,108.3,1.2,0.141,1637.0,0.5,0.0030543677458766,0.0030543677458766,0.0067196090409285
