0.0,0.0,0.0,0.0,0.0,0.0,0.0,0.0,0.0,0.0,0.0,0.0,0.0,1.0,0.0,0.0,0.0,0.0,0.0,0.0,0.0,0.0,0.0,0.0,0.0,1.0,0.0,360.0,128.51,230.4,1.06,0.213,1852.0,1.0,0.0032397408207343,0.0048596112311015,0.0086393088552915
0.0,0.0,0.0,0.0,0.0,0.0,0.0,0.0,0.0,1.0,0.0,0.0,0.0,0.0,0.0,0.0,0.0,0.0,0.0,0.0,0.0,0.0,0.0,0.0,0.0,1.0,0.0,-120.12,137.09,34.9,1.06,0.213,1852.0,1.0,0.0043196544276457,0.0070194384449244,0.0118790496760259
0.0,0.0,0.0,0.0,0.0,0.0,0.0,0.0,0.0,0.0,0.0,0.0,0.0,1.0,0.0,0.0,0.0,0.0,0.0,0.0,0.0,0.0,0.0,0.0,1.0,0.0,0.0,-141.69,122.43,101.0,1.06,0.213,1852.0,1.0,0.0043196544276457,0.0086393088552915,0.013498920086393
0.0,0.0,0.0,1.0,0.0,0.0,0.0,0.0,0.0,0.0,0.0,0.0,0.0,0.0,0.0,0.0,0.0,0.0,0.0,0.0,0.0,0.0,0.0,0.0,1.0,0.0,0.0,-84.68,154.15,5.2,1.06,0.213,1852.0,1.0,0.0043196544276457,0.0118790496760259,0.0167386609071274
0.0,0.0,0.0,0.0,0.0,0.0,0.0,0.0,0.0,0.0,0.0,0.0,0.0,0.0,0.0,1.0,0.0,0.0,0.0,0.0,0.0,0.0,0.0,0.0,1.0,0.0,0.0,-155.07,175.45,56.7,1.06,0.213,1852.0,1.0,0.0043196544276457,0.0070194384449244,0.0118790496760259
0.0,0.0,0.0,0.0,0.0,1.0,0.0,0.0,0.0,0.0,0.0,0.0,0.0,0.0,0.0,0.0,0.0,0.0,0.0,0.0,0.0,0.0,0.0,0.0,0.0,1.0,0.0,93.99,0.59,36.2,1.06,0.213,1852.0,1.0,0.0032397408207343,0.0075593952483801,0.0113390928725701
0.0,0.0,0.0,0.0,0.0,1.0,0.0,0.0,0.0,0.0,0.0,0.0,0.0,0.0,0.0,0.0,0.0,0.0,0.0,0.0,0.0,0.0,0.0,0.0,0.0,1.0,0.0,-68.68,170.53,28.7,1.06,0.213,1852.0,1.0,0.0032397408207343,0.009719222462203,0.013498920086393
0.0,0.0,0.0,0.0,0.0,1.0,0.0,0.0,0.0,0.0,0.0,0.0,0.0,0.0,0.0,0.0,0.0,0.0,0.0,0.0,0.0,0.0,0.0,0.0,1.0,0.0,0.0,164.54,-165.21,30.2,1.06,0.213,1852.0,1.0,0.0032397408207343,0.0053995680345572,0.0091792656587473
0.0,0.0,0.0,0.0,0.0,0.0,0.0,0.0,0.0,1.0,0.0,0.0,0.0,0.0,0.0,0.0,0.0,0.0,0.0,0.0,0.0,0.0,0.0,0.0,1.0,0.0,0.0,-111.7,127.15,128.5,1.06,0.213,1852.0,1.0,0.0043196544276457,0.0075593952483801,0.0124190064794816
0.0,0.0,0.0,0.0,0.0,0.0,0.0,0.0,0.0,0.0,0.0,0.0,0.0,0.0,0.0,0.0,0.0,1.0,0.0,0.0,0.0,0.0,0.0,0.0,1.0,0.0,0.0,-134.36,159.36,23.9,1.06,0.213,1852.0,1.0,0.0048596112311015,0.0064794816414686,0.0118790496760259
0.0,0.0,0.0,0.0,0.0,0.0,0.0,0.0,0.0,0.0,0.0,0.0,0.0,1.0,0.0,0.0,0.0,0.0,0.0,0.0,0.0,0.0,0.0,0.0,0.0,0.0,1.0,-83.8,160.25,147.8,1.06,0.213,1852.0,1.0,0.0048596112311015,0.0091792656587473,0.0145788336933045
0.0,0.0,0.0,0.0,0.0,0.0,0.0,0.0,0.0,0.0,0.0,0.0,1.0,0.0,0.0,0.0,0.0,0.0,0.0,0.0,0.0,0.0,0.0,0.0,0.0,0.0,1.0,-53.75,137.61,62.9,1.06,0.213,1852.0,1.0,0.0048596112311015,0.0059395248380129,0.0113390928725701
0.0,0.0,0.0,0.0,0.0,1.0,0.0,0.0,0.0,0.0,0.0,0.0,0.0,0.0,0.0,0.0,0.0,0.0,0.0,0.0,0.0,0.0,0.0,0.0,0.0,0.0,1.0,93.16,-11.11,58.3,1.06,0.213,1852.0,1.0,0.0032397408207343,0.0070194384449244,0.0107991360691144
0.0,0.0,0.0,0.0,0.0,1.0,0.0,0.0,0.0,0.0,0.0,0.0,0.0,0.0,0.0,0.0,0.0,0.0,0.0,0.0,0.0,1.0,0.0,0.0,0.0,0.0,0.0,-76.56,-178.99,21.8,1.06,0.213,1852.0,1.0,0.0032397408207343,0.0086393088552915,0.0124190064794816
0.0,0.0,0.0,0.0,0.0,0.0,0.0,0.0,0.0,0.0,0.0,0.0,0.0,0.0,0.0,1.0,0.0,0.0,0.0,0.0,0.0,0.0,0.0,0.0,0.0,1.0,0.0,-140.94,157.27,62.8,1.06,0.213,1852.0,1.0,0.0043196544276457,0.0075593952483801,0.0124190064794816
0.0,0.0,0.0,0.0,0.0,0.0,0.0,0.0,0.0,1.0,0.0,0.0,0.0,0.0,0.0,0.0,0.0,0.0,0.0,0.0,0.0,0.0,0.0,0.0,1.0,0.0,0.0,-137.58,160.71,20.5,1.06,0.213,1852.0,1.0,0.0043196544276457,0.0075593952483801,0.0124190064794816
0.0,0.0,0.0,0.0,0.0,0.0,0.0,0.0,0.0,0.0,0.0,0.0,0.0,0.0,1.0,0.0,0.0,0.0,0.0,0.0,0.0,0.0,0.0,0.0,1.0,0.0,0.0,-129.52,100.21,191.8,1.06,0.213,1852.0,1.0,0.0043196544276457,0.0080993520518358,0.0129589632829373
0.0,0.0,0.0,0.0,0.0,0.0,0.0,0.0,0.0,1.0,0.0,0.0,0.0,0.0,0.0,0.0,0.0,0.0,0.0,0.0,0.0,0.0,0.0,0.0,1.0,0.0,0.0,-82.8,153.59,1.6,1.06,0.213,1852.0,1.0,0.0043196544276457,0.0118790496760259,0.0167386609071274
0.0,0.0,0.0,0.0,0.0,0.0,0.0,0.0,0.0,0.0,0.0,0.0,0.0,0.0,0.0,1.0,0.0,0.0,0.0,0.0,0.0,0.0,0.0,0.0,1.0,0.0,0.0,-134.24,161.03,28.3,1.06,0.213,1852.0,1.0,0.0043196544276457,0.0102591792656587,0.0151187904967602
0.0,1.0,0.0,0.0,0.0,0.0,0.0,0.0,0.0,0.0,0.0,0.0,0.0,0.0,0.0,0.0,0.0,0.0,0.0,0.0,0.0,0.0,0.0,0.0,1.0,0.0,0.0,-134.04,125.39,2.3,1.06,0.213,1852.0,1.0,0.0043196544276457,0.0124190064794816,0.0172786177105831
1.0,0.0,0.0,0.0,0.0,0.0,0.0,0.0,0.0,0.0,0.0,0.0,0.0,0.0,0.0,0.0,0.0,0.0,0.0,0.0,0.0,0.0,0.0,0.0,1.0,0.0,0.0,-99.61,360.0,62.3,1.06,0.213,1852.0,1.0,0.0032397408207343,0.0059395248380129,0.009719222462203
0.0,0.0,0.0,0.0,0.0,0.0,0.0,0.0,0.0,0.0,0.0,0.0,0.0,0.0,0.0,1.0,0.0,0.0,0.0,0.0,0.0,0.0,0.0,0.0,0.0,1.0,0.0,360.0,-14.38,80.7,1.06,0.213,1852.0,1.0,0.0032397408207343,0.0059395248380129,0.009719222462203
0.0,0.0,0.0,0.0,0.0,0.0,0.0,0.0,0.0,0.0,0.0,1.0,0.0,0.0,0.0,0.0,0.0,0.0,0.0,0.0,0.0,0.0,0.0,0.0,0.0,1.0,0.0,-82.22,-13.16,139.0,1.06,0.213,1852.0,1.0,0.0048596112311015,0.0064794816414686,0.0118790496760259
0.0,0.0,0.0,0.0,0.0,0.0,0.0,0.0,0.0,0.0,0.0,0.0,0.0,0.0,0.0,0.0,0.0,0.0,0.0,1.0,0.0,0.0,0.0,0.0,0.0,1.0,0.0,-103.31,134.01,77.2,1.06,0.213,1852.0,1.0,0.0043196544276457,0.0107991360691144,0.0156587473002159
0.0,0.0,0.0,0.0,0.0,0.0,0.0,0.0,0.0,0.0,0.0,0.0,0.0,0.0,1.0,0.0,0.0,0.0,0.0,0.0,0.0,0.0,0.0,0.0,1.0,0.0,0.0,-67.13,149.89,3.0,1.06,0.213,1852.0,1.0,0.0043196544276457,0.0129589632829373,0.0178185745140388
0.0,0.0,0.0,0.0,0.0,0.0,0.0,0.0,0.0,0.0,1.0,0.0,0.0,0.0,0.0,0.0,0.0,0.0,0.0,0.0,0.0,0.0,0.0,0.0,1.0,0.0,0.0,-122.73,156.61,19.6,1.06,0.213,1852.0,1.0,0.0043196544276457,0.0113390928725701,0.0161987041036717
0.0,0.0,0.0,0.0,0.0,1.0,0.0,0.0,0.0,0.0,0.0,0.0,0.0,0.0,0.0,0.0,0.0,0.0,0.0,0.0,0.0,0.0,0.0,0.0,1.0,0.0,0.0,-142.67,155.08,0.0,1.06,0.213,1852.0,1.0,0.0032397408207343,0.0140388768898488,0.0178185745140388
0.0,0.0,0.0,0.0,0.0,0.0,0.0,0.0,0.0,0.0,0.0,0.0,0.0,0.0,0.0,0.0,0.0,0.0,1.0,0.0,0.0,0.0,0.0,0.0,1.0,0.0,0.0,-114.78,138.78,0.0,1.06,0.213,1852.0,1.0,0.0043196544276457,0.0113390928725701,0.0161987041036717
0.0,0.0,0.0,0.0,1.0,0.0,0.0,0.0,0.0,0.0,0.0,0.0,0.0,0.0,0.0,0.0,0.0,0.0,0.0,0.0,0.0,0.0,0.0,0.0,1.0,0.0,0.0,-128.85,165.7,1.2,1.06,0.213,1852.0,1.0,0.0043196544276457,0.0129589632829373,0.0178185745140388
0.0,0.0,0.0,0.0,0.0,0.0,0.0,0.0,0.0,0.0,0.0,0.0,0.0,0.0,1.0,0.0,0.0,0.0,0.0,0.0,0.0,0.0,0.0,0.0,1.0,0.0,0.0,-142.86,147.69,6.0,1.06,0.213,1852.0,1.0,0.0043196544276457,0.0124190064794816,0.0172786177105831
0.0,0.0,0.0,0.0,0.0,0.0,0.0,0.0,0.0,0.0,0.0,0.0,0.0,1.0,0.0,0.0,0.0,0.0,0.0,0.0,0.0,0.0,0.0,0.0,1.0,0.0,0.0,-128.26,112.3,75.9,1.06,0.213,1852.0,1.0,0.0043196544276457,0.0118790496760259,0.0167386609071274
1.0,0.0,0.0,0.0,0.0,0.0,0.0,0.0,0.0,0.0,0.0,0.0,0.0,0.0,0.0,0.0,0.0,0.0,0.0,0.0,0.0,0.0,0.0,0.0,0.0,0.0,1.0,-93.41,157.68,17.6,1.06,0.213,1852.0,1.0,0.0043196544276457,0.0080993520518358,0.0129589632829373
0.0,0.0,0.0,0.0,0.0,0.0,0.0,0.0,0.0,0.0,0.0,0.0,1.0,0.0,0.0,0.0,0.0,0.0,0.0,0.0,0.0,0.0,0.0,0.0,0.0,0.0,1.0,-54.49,132.31,116.9,1.06,0.213,1852.0,1.0,0.0048596112311015,0.0032397408207343,0.0086393088552915
0.0,0.0,0.0,0.0,0.0,1.0,0.0,0.0,0.0,0.0,0.0,0.0,0.0,0.0,0.0,0.0,0.0,0.0,0.0,0.0,0.0,0.0,0.0,0.0,0.0,0.0,1.0,63.44,29.1,95.3,1.06,0.213,1852.0,1.0,0.0032397408207343,0.0048596112311015,0.0086393088552915
0.0,0.0,0.0,0.0,0.0,0.0,0.0,0.0,1.0,0.0,0.0,0.0,0.0,0.0,0.0,0.0,0.0,0.0,0.0,0.0,0.0,0.0,0.0,0.0,0.0,0.0,1.0,-144.03,147.44,103.2,1.06,0.213,1852.0,1.0,0.0043196544276457,0.0064794816414686,0.0113390928725701
0.0,0.0,0.0,1.0,0.0,0.0,0.0,0.0,0.0,0.0,0.0,0.0,0.0,0.0,0.0,0.0,0.0,0.0,0.0,0.0,0.0,0.0,0.0,0.0,0.0,1.0,0.0,-66.01,151.02,155.8,1.06,0.213,1852.0,1.0,0.0043196544276457,0.0075593952483801,0.0124190064794816
0.0,0.0,0.0,0.0,0.0,0.0,0.0,0.0,0.0,0.0,0.0,0.0,0.0,0.0,1.0,0.0,0.0,0.0,0.0,0.0,0.0,0.0,0.0,0.0,0.0,1.0,0.0,-55.45,130.01,75.9,1.06,0.213,1852.0,1.0,0.0043196544276457,0.0102591792656587,0.0151187904967602
0.0,0.0,0.0,1.0,0.0,0.0,0.0,0.0,0.0,0.0,0.0,0.0,0.0,0.0,0.0,0.0,0.0,0.0,0.0,0.0,0.0,0.0,0.0,0.0,1.0,0.0,0.0,-115.71,136.4,32.8,1.06,0.213,1852.0,1.0,0.0043196544276457,0.0102591792656587,0.0151187904967602
0.0,0.0,0.0,0.0,1.0,0.0,0.0,0.0,0.0,0.0,0.0,0.0,0.0,0.0,0.0,0.0,0.0,0.0,0.0,0.0,0.0,0.0,0.0,0.0,1.0,0.0,0.0,-62.47,137.91,20.5,1.06,0.213,1852.0,1.0,0.0043196544276457,0.0107991360691144,0.0156587473002159
0.0,0.0,0.0,0.0,0.0,0.0,0.0,0.0,0.0,0.0,0.0,0.0,0.0,0.0,0.0,0.0,0.0,1.0,0.0,0.0,0.0,0.0,0.0,0.0,1.0,0.0,0.0,-113.56,-54.96,0.0,1.06,0.213,1852.0,1.0,0.0048596112311015,0.0113390928725701,0.0167386609071274
1.0,0.0,0.0,0.0,0.0,0.0,0.0,0.0,0.0,0.0,0.0,0.0,0.0,0.0,0.0,0.0,0.0,0.0,0.0,0.0,0.0,0.0,0.0,0.0,1.0,0.0,0.0,-162.32,154.57,0.0,1.06,0.213,1852.0,1.0,0.00377969762419,0.0129589632829373,0.0172786177105831
0.0,0.0,0.0,0.0,0.0,0.0,0.0,0.0,0.0,0.0,0.0,0.0,0.0,0.0,0.0,0.0,1.0,0.0,0.0,0.0,0.0,0.0,0.0,0.0,1.0,0.0,0.0,-133.97,155.66,3.0,1.06,0.213,1852.0,1.0,0.0048596112311015,0.0102591792656587,0.0156587473002159
0.0,0.0,0.0,0.0,0.0,0.0,0.0,1.0,0.0,0.0,0.0,0.0,0.0,0.0,0.0,0.0,0.0,0.0,0.0,0.0,0.0,0.0,0.0,0.0,1.0,0.0,0.0,-141.93,142.09,1.6,1.06,0.213,1852.0,1.0,0.0048596112311015,0.0118790496760259,0.0172786177105831
0.0,0.0,0.0,0.0,0.0,0.0,0.0,0.0,0.0,0.0,0.0,0.0,0.0,0.0,0.0,1.0,0.0,0.0,0.0,0.0,0.0,0.0,0.0,0.0,0.0,0.0,1.0,-69.58,165.56,2.2,1.06,0.213,1852.0,1.0,0.0043196544276457,0.0118790496760259,0.0167386609071274
0.0,0.0,0.0,0.0,0.0,0.0,0.0,0.0,0.0,0.0,0.0,0.0,0.0,1.0,0.0,0.0,0.0,0.0,0.0,0.0,0.0,0.0,0.0,0.0,0.0,0.0,1.0,-53.73,-45.33,39.3,1.06,0.213,1852.0,1.0,0.0043196544276457,0.0118790496760259,0.0167386609071274
0.0,0.0,0.0,0.0,0.0,0.0,0.0,0.0,0.0,0.0,0.0,0.0,0.0,0.0,0.0,1.0,0.0,0.0,0.0,0.0,0.0,0.0,0.0,0.0,0.0,0.0,1.0,-75.47,-18.98,91.4,1.06,0.213,1852.0,1.0,0.0043196544276457,0.0053995680345572,0.0102591792656587
0.0,0.0,0.0,0.0,0.0,1.0,0.0,0.0,0.0,0.0,0.0,0.0,0.0,0.0,0.0,0.0,0.0,0.0,0.0,0.0,0.0,0.0,0.0,0.0,0.0,0.0,1.0,89.13,-0.08,23.4,1.06,0.213,1852.0,1.0,0.0032397408207343,0.0102591792656587,0.0140388768898488
1.0,0.0,0.0,0.0,0.0,0.0,0.0,0.0,0.0,0.0,0.0,0.0,0.0,0.0,0.0,0.0,0.0,0.0,0.0,0.0,0.0,0.0,0.0,0.0,0.0,1.0,0.0,-85.34,-13.13,91.4,1.06,0.213,1852.0,1.0,0.00377969762419,0.0048596112311015,0.0091792656587473
1.0,0.0,0.0,0.0,0.0,0.0,0.0,0.0,0.0,0.0,0.0,0.0,0.0,0.0,0.0,0.0,0.0,0.0,0.0,0.0,0.0,0.0,0.0,0.0,0.0,1.0,0.0,-133.16,133.74,26.3,1.06,0.213,1852.0,1.0,0.00377969762419,0.0086393088552915,0.0129589632829373
0.0,0.0,0.0,0.0,0.0,0.0,0.0,0.0,0.0,0.0,0.0,0.0,0.0,0.0,0.0,0.0,1.0,0.0,0.0,0.0,0.0,0.0,0.0,0.0,1.0,0.0,0.0,-130.28,158.92,63.5,1.06,0.213,1852.0,1.0,0.0048596112311015,0.0075593952483801,0.0129589632829373
1.0,0.0,0.0,0.0,0.0,0.0,0.0,0.0,0.0,0.0,0.0,0.0,0.0,0.0,0.0,0.0,0.0,0.0,0.0,0.0,0.0,0.0,0.0,0.0,1.0,0.0,0.0,-139.98,143.16,20.0,1.06,0.213,1852.0,1.0,0.00377969762419,0.0075593952483801,0.0118790496760259
0.0,0.0,0.0,0.0,0.0,0.0,0.0,0.0,0.0,0.0,0.0,0.0,0.0,0.0,0.0,0.0,0.0,0.0,0.0,1.0,0.0,0.0,0.0,0.0,1.0,0.0,0.0,-123.16,144.11,34.5,1.06,0.213,1852.0,1.0,0.0043196544276457,0.0113390928725701,0.0161987041036717
1.0,0.0,0.0,0.0,0.0,0.0,0.0,0.0,0.0,0.0,0.0,0.0,0.0,0.0,0.0,0.0,0.0,0.0,0.0,0.0,0.0,0.0,0.0,0.0,0.0,0.0,1.0,-58.86,143.39,11.6,1.06,0.213,1852.0,1.0,0.00377969762419,0.0080993520518358,0.0124190064794816
0.0,0.0,1.0,0.0,0.0,0.0,0.0,0.0,0.0,0.0,0.0,0.0,0.0,0.0,0.0,0.0,0.0,0.0,0.0,0.0,0.0,0.0,0.0,0.0,0.0,0.0,1.0,-55.76,-33.92,138.9,1.06,0.213,1852.0,1.0,0.0043196544276457,0.0080993520518358,0.0129589632829373
0.0,0.0,0.0,0.0,0.0,0.0,0.0,0.0,0.0,0.0,0.0,0.0,0.0,0.0,0.0,1.0,0.0,0.0,0.0,0.0,0.0,0.0,0.0,0.0,0.0,0.0,1.0,-62.69,-17.22,55.8,1.06,0.213,1852.0,1.0,0.0043196544276457,0.0070194384449244,0.0118790496760259
0.0,0.0,0.0,0.0,0.0,0.0,0.0,0.0,0.0,0.0,0.0,0.0,0.0,0.0,0.0,0.0,0.0,1.0,0.0,0.0,0.0,0.0,0.0,0.0,0.0,0.0,1.0,-127.66,-12.91,0.0,1.06,0.213,1852.0,1.0,0.0048596112311015,0.0102591792656587,0.0156587473002159
0.0,0.0,0.0,0.0,0.0,0.0,0.0,0.0,1.0,0.0,0.0,0.0,0.0,0.0,0.0,0.0,0.0,0.0,0.0,0.0,0.0,0.0,0.0,0.0,0.0,0.0,1.0,-58.28,134.9,82.1,1.06,0.213,1852.0,1.0,0.0043196544276457,0.0080993520518358,0.0129589632829373
0.0,0.0,0.0,0.0,0.0,1.0,0.0,0.0,0.0,0.0,0.0,0.0,0.0,0.0,0.0,0.0,0.0,0.0,0.0,0.0,0.0,0.0,0.0,0.0,0.0,0.0,1.0,95.45,-17.07,80.3,1.06,0.213,1852.0,1.0,0.0032397408207343,0.0059395248380129,0.009719222462203
0.0,0.0,0.0,0.0,0.0,0.0,0.0,0.0,0.0,0.0,0.0,0.0,0.0,0.0,1.0,0.0,0.0,0.0,0.0,0.0,0.0,0.0,0.0,0.0,0.0,0.0,1.0,-115.2,-28.52,40.5,1.06,0.213,1852.0,1.0,0.0043196544276457,0.009719222462203,0.0145788336933045
0.0,0.0,0.0,0.0,1.0,0.0,0.0,0.0,0.0,0.0,0.0,0.0,0.0,0.0,0.0,0.0,0.0,0.0,0.0,0.0,0.0,0.0,0.0,0.0,1.0,0.0,0.0,-108.32,148.86,5.4,1.06,0.213,1852.0,1.0,0.0048596112311015,0.0091792656587473,0.0145788336933045
0.0,0.0,0.0,0.0,0.0,0.0,0.0,0.0,0.0,0.0,0.0,0.0,0.0,0.0,0.0,0.0,1.0,0.0,0.0,0.0,0.0,0.0,0.0,0.0,1.0,0.0,0.0,-136.05,119.53,69.1,1.06,0.213,1852.0,1.0,0.0048596112311015,0.0080993520518358,0.013498920086393
0.0,0.0,0.0,0.0,1.0,0.0,0.0,0.0,0.0,0.0,0.0,0.0,0.0,0.0,0.0,0.0,0.0,0.0,0.0,0.0,0.0,0.0,0.0,0.0,1.0,0.0,0.0,-103.39,126.87,5.5,1.06,0.213,1852.0,1.0,0.0048596112311015,0.0102591792656587,0.0156587473002159
0.0,0.0,0.0,0.0,0.0,0.0,0.0,0.0,0.0,0.0,0.0,0.0,0.0,0.0,0.0,1.0,0.0,0.0,0.0,0.0,0.0,0.0,0.0,0.0,1.0,0.0,0.0,-137.27,163.17,50.4,1.06,0.213,1852.0,1.0,0.0043196544276457,0.0070194384449244,0.0118790496760259
0.0,0.0,0.0,0.0,0.0,0.0,0.0,0.0,0.0,0.0,0.0,0.0,0.0,0.0,1.0,0.0,0.0,0.0,0.0,0.0,0.0,0.0,0.0,0.0,1.0,0.0,0.0,-135.53,156.46,35.1,1.06,0.213,1852.0,1.0,0.0043196544276457,0.0091792656587473,0.0140388768898488
0.0,0.0,1.0,0.0,0.0,0.0,0.0,0.0,0.0,0.0,0.0,0.0,0.0,0.0,0.0,0.0,0.0,0.0,0.0,0.0,0.0,0.0,0.0,0.0,1.0,0.0,0.0,-127.5,98.74,49.1,1.06,0.213,1852.0,1.0,0.0048596112311015,0.0080993520518358,0.013498920086393
0.0,0.0,0.0,0.0,0.0,0.0,0.0,0.0,0.0,0.0,0.0,1.0,0.0,0.0,0.0,0.0,0.0,0.0,0.0,0.0,0.0,0.0,1.0,0.0,0.0,0.0,0.0,-62.55,-37.8,41.0,1.06,0.213,1852.0,1.0,0.0048596112311015,0.0075593952483801,0.0129589632829373
1.0,0.0,0.0,0.0,0.0,0.0,0.0,0.0,0.0,0.0,0.0,0.0,0.0,0.0,0.0,0.0,0.0,0.0,0.0,0.0,0.0,0.0,1.0,0.0,0.0,0.0,0.0,-60.69,-29.03,97.5,1.06,0.213,1852.0,1.0,0.00377969762419,0.0064794816414686,0.0107991360691144
0.0,0.0,0.0,0.0,0.0,0.0,0.0,0.0,1.0,0.0,0.0,0.0,0.0,0.0,0.0,0.0,0.0,0.0,0.0,0.0,0.0,0.0,1.0,0.0,0.0,0.0,0.0,-105.8,1.73,134.3,1.06,0.213,1852.0,1.0,0.0043196544276457,0.0091792656587473,0.0140388768898488
0.0,0.0,0.0,0.0,0.0,0.0,0.0,0.0,0.0,0.0,0.0,1.0,0.0,0.0,0.0,0.0,0.0,0.0,0.0,0.0,0.0,0.0,0.0,0.0,0.0,1.0,0.0,53.62,43.15,123.3,1.06,0.213,1852.0,1.0,0.0048596112311015,0.0080993520518358,0.013498920086393
0.0,0.0,0.0,0.0,0.0,0.0,0.0,0.0,0.0,1.0,0.0,0.0,0.0,0.0,0.0,0.0,0.0,0.0,0.0,0.0,0.0,0.0,0.0,0.0,1.0,0.0,0.0,-128.37,146.42,48.2,1.06,0.213,1852.0,1.0,0.0043196544276457,0.0091792656587473,0.0140388768898488
0.0,0.0,0.0,0.0,0.0,0.0,0.0,0.0,0.0,1.0,0.0,0.0,0.0,0.0,0.0,0.0,0.0,0.0,0.0,0.0,0.0,0.0,0.0,0.0,1.0,0.0,0.0,-120.08,153.75,8.0,1.06,0.213,1852.0,1.0,0.0043196544276457,0.0129589632829373,0.0178185745140388
0.0,0.0,0.0,0.0,0.0,0.0,0.0,0.0,0.0,0.0,0.0,0.0,0.0,0.0,0.0,0.0,0.0,0.0,0.0,1.0,0.0,0.0,0.0,0.0,1.0,0.0,0.0,-134.16,141.37,82.4,1.06,0.213,1852.0,1.0,0.0043196544276457,0.0102591792656587,0.0151187904967602
0.0,0.0,0.0,0.0,0.0,0.0,0.0,0.0,0.0,1.0,0.0,0.0,0.0,0.0,0.0,0.0,0.0,0.0,0.0,0.0,0.0,0.0,0.0,0.0,1.0,0.0,0.0,-130.16,105.87,0.4,1.06,0.213,1852.0,1.0,0.0043196544276457,0.0107991360691144,0.0156587473002159
0.0,0.0,0.0,1.0,0.0,0.0,0.0,0.0,0.0,0.0,0.0,0.0,0.0,0.0,0.0,0.0,0.0,0.0,0.0,0.0,0.0,0.0,0.0,0.0,1.0,0.0,0.0,-81.14,127.63,84.7,1.06,0.213,1852.0,1.0,0.0043196544276457,0.0102591792656587,0.0151187904967602
0.0,0.0,0.0,0.0,0.0,0.0,0.0,0.0,0.0,0.0,1.0,0.0,0.0,0.0,0.0,0.0,0.0,0.0,0.0,0.0,0.0,0.0,0.0,0.0,1.0,0.0,0.0,-124.92,106.74,0.0,1.06,0.213,1852.0,1.0,0.0043196544276457,0.0151187904967602,0.0199784017278617
0.0,0.0,0.0,0.0,0.0,0.0,0.0,0.0,0.0,1.0,0.0,0.0,0.0,0.0,0.0,0.0,0.0,0.0,0.0,0.0,0.0,0.0,0.0,0.0,0.0,0.0,1.0,-104.07,159.42,66.7,1.06,0.213,1852.0,1.0,0.0043196544276457,0.0091792656587473,0.0140388768898488
0.0,0.0,0.0,0.0,0.0,0.0,0.0,0.0,0.0,0.0,0.0,0.0,0.0,0.0,0.0,1.0,0.0,0.0,0.0,0.0,0.0,0.0,0.0,0.0,0.0,0.0,1.0,51.55,50.72,70.6,1.06,0.213,1852.0,1.0,0.0043196544276457,0.0086393088552915,0.013498920086393
0.0,0.0,0.0,0.0,0.0,0.0,0.0,0.0,0.0,1.0,0.0,0.0,0.0,0.0,0.0,0.0,0.0,0.0,0.0,0.0,0.0,1.0,0.0,0.0,0.0,0.0,0.0,-71.0,147.65,1.7,1.06,0.213,1852.0,1.0,0.0043196544276457,0.0118790496760259,0.0167386609071274
0.0,0.0,0.0,1.0,0.0,0.0,0.0,0.0,0.0,0.0,0.0,0.0,0.0,0.0,0.0,0.0,0.0,0.0,0.0,0.0,0.0,0.0,0.0,0.0,0.0,1.0,0.0,-130.48,162.27,82.0,1.06,0.213,1852.0,1.0,0.0048596112311015,0.0113390928725701,0.0167386609071274
0.0,0.0,0.0,0.0,0.0,0.0,0.0,0.0,0.0,0.0,0.0,0.0,1.0,0.0,0.0,0.0,0.0,0.0,0.0,0.0,0.0,0.0,1.0,0.0,0.0,0.0,0.0,-48.49,-38.57,55.6,1.06,0.213,1852.0,1.0,0.0048596112311015,0.0086393088552915,0.0140388768898488
0.0,0.0,0.0,1.0,0.0,0.0,0.0,0.0,0.0,0.0,0.0,0.0,0.0,0.0,0.0,0.0,0.0,0.0,0.0,0.0,0.0,0.0,1.0,0.0,0.0,0.0,0.0,-69.17,-8.54,139.1,1.06,0.213,1852.0,1.0,0.0043196544276457,0.0064794816414686,0.0113390928725701
0.0,0.0,1.0,0.0,0.0,0.0,0.0,0.0,0.0,0.0,0.0,0.0,0.0,0.0,0.0,0.0,0.0,0.0,0.0,0.0,0.0,0.0,1.0,0.0,0.0,0.0,0.0,-82.4,-3.92,0.4,1.06,0.213,1852.0,1.0,0.0048596112311015,0.009719222462203,0.0151187904967602
0.0,0.0,0.0,0.0,0.0,0.0,0.0,0.0,0.0,0.0,0.0,0.0,0.0,0.0,0.0,0.0,1.0,0.0,0.0,0.0,0.0,0.0,0.0,0.0,0.0,1.0,0.0,-64.49,128.05,32.3,1.06,0.213,1852.0,1.0,0.0048596112311015,0.009719222462203,0.0151187904967602
1.0,0.0,0.0,0.0,0.0,0.0,0.0,0.0,0.0,0.0,0.0,0.0,0.0,0.0,0.0,0.0,0.0,0.0,0.0,0.0,0.0,0.0,0.0,0.0,1.0,0.0,0.0,179.43,166.01,0.8,1.06,0.213,1852.0,1.0,0.00377969762419,0.0107991360691144,0.0151187904967602
0.0,0.0,0.0,0.0,0.0,0.0,0.0,0.0,0.0,0.0,0.0,0.0,0.0,0.0,0.0,0.0,0.0,1.0,0.0,0.0,0.0,0.0,0.0,0.0,1.0,0.0,0.0,-83.15,128.45,33.3,1.06,0.213,1852.0,1.0,0.0048596112311015,0.0118790496760259,0.0172786177105831
0.0,0.0,0.0,0.0,0.0,0.0,0.0,0.0,0.0,0.0,0.0,0.0,0.0,0.0,0.0,0.0,0.0,0.0,0.0,1.0,0.0,0.0,0.0,0.0,1.0,0.0,0.0,-103.21,133.16,0.0,1.06,0.213,1852.0,1.0,0.0043196544276457,0.0145788336933045,0.019438444924406
0.0,0.0,0.0,0.0,0.0,0.0,0.0,0.0,0.0,0.0,0.0,0.0,0.0,0.0,0.0,0.0,0.0,0.0,0.0,1.0,0.0,0.0,0.0,0.0,1.0,0.0,0.0,-123.0,137.65,28.3,1.06,0.213,1852.0,1.0,0.0043196544276457,0.0113390928725701,0.0161987041036717
0.0,1.0,0.0,0.0,0.0,0.0,0.0,0.0,0.0,0.0,0.0,0.0,0.0,0.0,0.0,0.0,0.0,0.0,0.0,0.0,0.0,0.0,0.0,0.0,1.0,0.0,0.0,-95.28,147.05,0.0,1.06,0.213,1852.0,1.0,0.0043196544276457,0.0113390928725701,0.0161987041036717
1.0,0.0,0.0,0.0,0.0,0.0,0.0,0.0,0.0,0.0,0.0,0.0,0.0,0.0,0.0,0.0,0.0,0.0,0.0,0.0,0.0,0.0,0.0,0.0,1.0,0.0,0.0,-146.52,150.7,0.0,1.06,0.213,1852.0,1.0,0.00377969762419,0.0124190064794816,0.0167386609071274
1.0,0.0,0.0,0.0,0.0,0.0,0.0,0.0,0.0,0.0,0.0,0.0,0.0,0.0,0.0,0.0,0.0,0.0,0.0,0.0,0.0,0.0,0.0,0.0,1.0,0.0,0.0,-120.17,132.48,4.0,1.06,0.213,1852.0,1.0,0.00377969762419,0.0118790496760259,0.0161987041036717
0.0,0.0,0.0,0.0,0.0,0.0,0.0,0.0,0.0,0.0,0.0,0.0,0.0,0.0,0.0,1.0,0.0,0.0,0.0,0.0,0.0,0.0,0.0,0.0,1.0,0.0,0.0,-119.0,135.4,0.0,1.06,0.213,1852.0,1.0,0.0043196544276457,0.0140388768898488,0.0188984881209503
0.0,0.0,0.0,0.0,0.0,0.0,0.0,0.0,0.0,0.0,0.0,0.0,0.0,0.0,0.0,1.0,0.0,0.0,0.0,0.0,0.0,0.0,0.0,0.0,0.0,1.0,0.0,-88.91,-0.81,56.1,1.06,0.213,1852.0,1.0,0.0043196544276457,0.0080993520518358,0.0129589632829373
0.0,0.0,0.0,0.0,0.0,0.0,0.0,0.0,0.0,0.0,0.0,0.0,0.0,0.0,1.0,0.0,0.0,0.0,0.0,0.0,0.0,0.0,0.0,0.0,0.0,1.0,0.0,-60.44,128.79,99.2,1.06,0.213,1852.0,1.0,0.0043196544276457,0.0086393088552915,0.013498920086393
0.0,0.0,0.0,0.0,0.0,0.0,0.0,0.0,0.0,0.0,0.0,0.0,0.0,0.0,0.0,0.0,0.0,1.0,0.0,0.0,0.0,0.0,0.0,0.0,0.0,1.0,0.0,-69.87,-53.26,96.5,1.06,0.213,1852.0,1.0,0.0048596112311015,0.0064794816414686,0.0118790496760259
0.0,0.0,0.0,0.0,1.0,0.0,0.0,0.0,0.0,0.0,0.0,0.0,0.0,0.0,0.0,0.0,0.0,0.0,0.0,0.0,0.0,0.0,0.0,0.0,0.0,1.0,0.0,-99.79,152.13,101.9,1.06,0.213,1852.0,1.0,0.0043196544276457,0.009719222462203,0.0145788336933045
0.0,0.0,0.0,0.0,0.0,0.0,0.0,0.0,0.0,0.0,0.0,0.0,0.0,0.0,0.0,0.0,0.0,0.0,0.0,1.0,0.0,0.0,0.0,0.0,0.0,1.0,0.0,-73.68,131.63,9.4,1.06,0.213,1852.0,1.0,0.0043196544276457,0.0107991360691144,0.0156587473002159
0.0,0.0,0.0,0.0,0.0,0.0,0.0,0.0,0.0,0.0,0.0,0.0,0.0,0.0,0.0,0.0,1.0,0.0,0.0,0.0,0.0,0.0,0.0,0.0,0.0,1.0,0.0,-144.59,171.65,50.0,1.06,0.213,1852.0,1.0,0.0048596112311015,0.0070194384449244,0.0124190064794816
0.0,0.0,0.0,1.0,0.0,0.0,0.0,0.0,0.0,0.0,0.0,0.0,0.0,0.0,0.0,0.0,0.0,0.0,0.0,0.0,0.0,0.0,1.0,0.0,0.0,0.0,0.0,-59.16,-19.06,79.9,1.06,0.213,1852.0,1.0,0.0043196544276457,0.0102591792656587,0.0151187904967602
0.0,0.0,0.0,0.0,0.0,0.0,0.0,0.0,0.0,0.0,0.0,0.0,0.0,0.0,0.0,0.0,0.0,1.0,0.0,0.0,0.0,0.0,1.0,0.0,0.0,0.0,0.0,-59.16,-24.93,31.0,1.06,0.213,1852.0,1.0,0.0048596112311015,0.0080993520518358,0.013498920086393
0.0,0.0,0.0,0.0,0.0,0.0,0.0,0.0,0.0,1.0,0.0,0.0,0.0,0.0,0.0,0.0,0.0,0.0,0.0,0.0,0.0,0.0,1.0,0.0,0.0,0.0,0.0,-69.17,-7.37,0.0,1.06,0.213,1852.0,1.0,0.0043196544276457,0.0107991360691144,0.0156587473002159
0.0,0.0,0.0,0.0,0.0,0.0,0.0,0.0,0.0,0.0,0.0,0.0,0.0,1.0,0.0,0.0,0.0,0.0,0.0,0.0,0.0,0.0,1.0,0.0,0.0,0.0,0.0,-99.72,15.23,60.2,1.06,0.213,1852.0,1.0,0.0043196544276457,0.0118790496760259,0.0167386609071274
0.0,0.0,0.0,0.0,0.0,0.0,0.0,0.0,0.0,0.0,0.0,0.0,0.0,0.0,0.0,0.0,1.0,0.0,0.0,0.0,0.0,0.0,0.0,0.0,0.0,1.0,0.0,-131.84,154.77,57.3,1.06,0.213,1852.0,1.0,0.0048596112311015,0.0075593952483801,0.0129589632829373
0.0,0.0,0.0,0.0,0.0,0.0,0.0,0.0,0.0,0.0,0.0,0.0,0.0,0.0,0.0,0.0,1.0,0.0,0.0,0.0,0.0,0.0,1.0,0.0,0.0,0.0,0.0,-60.87,-33.14,61.6,1.06,0.213,1852.0,1.0,0.0048596112311015,0.0086393088552915,0.0140388768898488
0.0,0.0,0.0,0.0,0.0,0.0,0.0,0.0,0.0,0.0,0.0,0.0,0.0,0.0,0.0,0.0,1.0,0.0,0.0,0.0,0.0,0.0,1.0,0.0,0.0,0.0,0.0,-55.54,-28.21,103.7,1.06,0.213,1852.0,1.0,0.0048596112311015,0.0059395248380129,0.0113390928725701
0.0,0.0,0.0,0.0,0.0,1.0,0.0,0.0,0.0,0.0,0.0,0.0,0.0,0.0,0.0,0.0,0.0,0.0,0.0,0.0,0.0,0.0,1.0,0.0,0.0,0.0,0.0,-72.64,-7.39,0.0,1.06,0.213,1852.0,1.0,0.0032397408207343,0.0145788336933045,0.0183585313174946
0.0,0.0,0.0,0.0,0.0,0.0,0.0,0.0,0.0,0.0,0.0,0.0,0.0,0.0,0.0,0.0,0.0,0.0,0.0,1.0,0.0,0.0,0.0,0.0,0.0,1.0,0.0,-115.93,153.05,14.4,1.06,0.213,1852.0,1.0,0.0043196544276457,0.0124190064794816,0.0172786177105831
0.0,0.0,1.0,0.0,0.0,0.0,0.0,0.0,0.0,0.0,0.0,0.0,0.0,0.0,0.0,0.0,0.0,0.0,0.0,0.0,0.0,0.0,0.0,0.0,0.0,1.0,0.0,-101.62,-52.2,72.8,1.06,0.213,1852.0,1.0,0.0048596112311015,0.0064794816414686,0.0118790496760259
0.0,0.0,0.0,0.0,0.0,0.0,0.0,0.0,0.0,0.0,0.0,0.0,0.0,0.0,0.0,0.0,0.0,0.0,0.0,1.0,0.0,0.0,0.0,0.0,1.0,0.0,0.0,-120.35,147.8,141.0,1.06,0.213,1852.0,1.0,0.0043196544276457,0.009719222462203,0.0145788336933045
0.0,0.0,0.0,0.0,0.0,0.0,0.0,0.0,0.0,0.0,0.0,0.0,0.0,0.0,0.0,0.0,0.0,0.0,1.0,0.0,0.0,0.0,0.0,0.0,1.0,0.0,0.0,-133.81,143.71,81.6,1.06,0.213,1852.0,1.0,0.0043196544276457,0.0091792656587473,0.0140388768898488
0.0,0.0,0.0,0.0,0.0,1.0,0.0,0.0,0.0,0.0,0.0,0.0,0.0,0.0,0.0,0.0,0.0,0.0,0.0,0.0,0.0,0.0,0.0,0.0,0.0,1.0,0.0,-80.61,175.46,7.1,1.06,0.213,1852.0,1.0,0.0032397408207343,0.0102591792656587,0.0140388768898488
0.0,0.0,0.0,0.0,0.0,0.0,0.0,0.0,0.0,0.0,0.0,0.0,0.0,1.0,0.0,0.0,0.0,0.0,0.0,0.0,0.0,0.0,0.0,0.0,0.0,1.0,0.0,-91.51,-10.52,173.0,1.06,0.213,1852.0,1.0,0.0043196544276457,0.0070194384449244,0.0118790496760259
0.0,0.0,0.0,0.0,0.0,1.0,0.0,0.0,0.0,0.0,0.0,0.0,0.0,0.0,0.0,0.0,0.0,0.0,0.0,0.0,0.0,0.0,0.0,0.0,0.0,1.0,0.0,105.1,156.97,18.0,1.06,0.213,1852.0,1.0,0.0032397408207343,0.013498920086393,0.0172786177105831
0.0,0.0,0.0,0.0,0.0,0.0,0.0,0.0,0.0,0.0,0.0,0.0,0.0,0.0,0.0,0.0,1.0,0.0,0.0,0.0,0.0,0.0,0.0,0.0,1.0,0.0,0.0,-128.92,132.04,21.2,1.06,0.213,1852.0,1.0,0.0048596112311015,0.0053995680345572,0.0107991360691144
0.0,0.0,0.0,0.0,0.0,0.0,0.0,0.0,0.0,0.0,0.0,0.0,0.0,1.0,0.0,0.0,0.0,0.0,0.0,0.0,0.0,0.0,0.0,0.0,1.0,0.0,0.0,-77.23,129.93,97.0,1.06,0.213,1852.0,1.0,0.0043196544276457,0.0102591792656587,0.0151187904967602
0.0,0.0,0.0,0.0,0.0,0.0,0.0,0.0,0.0,0.0,0.0,0.0,0.0,0.0,0.0,0.0,0.0,1.0,0.0,0.0,0.0,0.0,0.0,0.0,1.0,0.0,0.0,-116.59,125.21,0.0,1.06,0.213,1852.0,1.0,0.0048596112311015,0.0113390928725701,0.0167386609071274
0.0,0.0,0.0,0.0,0.0,0.0,0.0,0.0,0.0,0.0,0.0,0.0,0.0,0.0,0.0,0.0,1.0,0.0,0.0,0.0,0.0,0.0,0.0,0.0,1.0,0.0,0.0,-124.61,123.77,51.5,1.06,0.213,1852.0,1.0,0.0048596112311015,0.009719222462203,0.0151187904967602
0.0,0.0,0.0,0.0,0.0,0.0,0.0,0.0,0.0,0.0,0.0,0.0,0.0,0.0,0.0,0.0,0.0,1.0,0.0,0.0,0.0,0.0,0.0,0.0,1.0,0.0,0.0,-111.22,113.47,4.5,1.06,0.213,1852.0,1.0,0.0048596112311015,0.0086393088552915,0.0140388768898488
0.0,0.0,0.0,0.0,0.0,0.0,0.0,0.0,0.0,0.0,0.0,0.0,0.0,0.0,0.0,1.0,0.0,0.0,0.0,0.0,0.0,0.0,0.0,0.0,0.0,1.0,0.0,-62.45,152.77,47.2,1.06,0.213,1852.0,1.0,0.0043196544276457,0.0059395248380129,0.0107991360691144
0.0,0.0,0.0,0.0,0.0,0.0,0.0,0.0,0.0,0.0,0.0,0.0,0.0,0.0,0.0,1.0,0.0,0.0,0.0,0.0,0.0,0.0,0.0,0.0,0.0,1.0,0.0,-67.9,360.0,143.1,1.06,0.213,1852.0,1.0,0.00377969762419,0.00377969762419,0.0080993520518358
0.0,0.0,0.0,0.0,0.0,0.0,0.0,0.0,0.0,0.0,0.0,0.0,0.0,1.0,0.0,0.0,0.0,0.0,0.0,0.0,0.0,0.0,0.0,0.0,0.0,1.0,0.0,360.0,128.49,214.0,1.06,0.213,1852.0,1.0,0.0032397408207343,0.0048596112311015,0.0086393088552915
0.0,0.0,0.0,0.0,0.0,0.0,0.0,0.0,0.0,1.0,0.0,0.0,0.0,0.0,0.0,0.0,0.0,0.0,0.0,0.0,0.0,0.0,0.0,0.0,0.0,1.0,0.0,-121.96,136.12,14.8,1.06,0.213,1852.0,1.0,0.0043196544276457,0.0075593952483801,0.0124190064794816
0.0,0.0,0.0,0.0,0.0,0.0,0.0,0.0,0.0,0.0,0.0,0.0,0.0,1.0,0.0,0.0,0.0,0.0,0.0,0.0,0.0,0.0,0.0,0.0,1.0,0.0,0.0,-140.25,122.42,100.5,1.06,0.213,1852.0,1.0,0.0043196544276457,0.0086393088552915,0.013498920086393
0.0,0.0,0.0,1.0,0.0,0.0,0.0,0.0,0.0,0.0,0.0,0.0,0.0,0.0,0.0,0.0,0.0,0.0,0.0,0.0,0.0,0.0,0.0,0.0,1.0,0.0,0.0,-84.41,154.3,5.1,1.06,0.213,1852.0,1.0,0.0043196544276457,0.0118790496760259,0.0167386609071274
0.0,0.0,0.0,0.0,0.0,0.0,0.0,0.0,0.0,0.0,0.0,0.0,0.0,0.0,0.0,1.0,0.0,0.0,0.0,0.0,0.0,0.0,0.0,0.0,1.0,0.0,0.0,-155.59,176.8,58.1,1.06,0.213,1852.0,1.0,0.0043196544276457,0.0070194384449244,0.0118790496760259
0.0,0.0,0.0,0.0,0.0,1.0,0.0,0.0,0.0,0.0,0.0,0.0,0.0,0.0,0.0,0.0,0.0,0.0,0.0,0.0,0.0,0.0,0.0,0.0,0.0,1.0,0.0,94.75,-1.5,35.8,1.06,0.213,1852.0,1.0,0.0032397408207343,0.0075593952483801,0.0113390928725701
0.0,0.0,0.0,0.0,0.0,1.0,0.0,0.0,0.0,0.0,0.0,0.0,0.0,0.0,0.0,0.0,0.0,0.0,0.0,0.0,0.0,0.0,0.0,0.0,0.0,1.0,0.0,-65.6,170.07,29.3,1.06,0.213,1852.0,1.0,0.0032397408207343,0.0102591792656587,0.0140388768898488
0.0,0.0,0.0,0.0,0.0,1.0,0.0,0.0,0.0,0.0,0.0,0.0,0.0,0.0,0.0,0.0,0.0,0.0,0.0,0.0,0.0,0.0,0.0,0.0,1.0,0.0,0.0,164.59,-166.98,29.9,1.06,0.213,1852.0,1.0,0.0032397408207343,0.0053995680345572,0.0091792656587473
0.0,0.0,0.0,0.0,0.0,0.0,0.0,0.0,0.0,1.0,0.0,0.0,0.0,0.0,0.0,0.0,0.0,0.0,0.0,0.0,0.0,0.0,0.0,0.0,1.0,0.0,0.0,-112.99,122.43,127.4,1.06,0.213,1852.0,1.0,0.0043196544276457,0.0075593952483801,0.0124190064794816
0.0,0.0,0.0,0.0,0.0,0.0,0.0,0.0,0.0,0.0,0.0,0.0,0.0,0.0,0.0,0.0,0.0,1.0,0.0,0.0,0.0,0.0,0.0,0.0,1.0,0.0,0.0,-129.54,160.41,25.5,1.06,0.213,1852.0,1.0,0.0048596112311015,0.0059395248380129,0.0113390928725701
0.0,0.0,0.0,0.0,0.0,0.0,0.0,0.0,0.0,0.0,0.0,0.0,0.0,1.0,0.0,0.0,0.0,0.0,0.0,0.0,0.0,0.0,0.0,0.0,0.0,0.0,1.0,-81.12,158.19,150.6,1.06,0.213,1852.0,1.0,0.0048596112311015,0.0091792656587473,0.0145788336933045
0.0,0.0,0.0,0.0,0.0,0.0,0.0,0.0,0.0,0.0,0.0,0.0,1.0,0.0,0.0,0.0,0.0,0.0,0.0,0.0,0.0,0.0,0.0,0.0,0.0,0.0,1.0,-53.48,137.87,52.5,1.06,0.213,1852.0,1.0,0.0048596112311015,0.0075593952483801,0.0129589632829373
0.0,0.0,0.0,0.0,0.0,1.0,0.0,0.0,0.0,0.0,0.0,0.0,0.0,0.0,0.0,0.0,0.0,0.0,0.0,0.0,0.0,0.0,0.0,0.0,0.0,0.0,1.0,92.05,-10.91,50.0,1.06,0.213,1852.0,1.0,0.0032397408207343,0.0075593952483801,0.0113390928725701
0.0,0.0,0.0,0.0,0.0,1.0,0.0,0.0,0.0,0.0,0.0,0.0,0.0,0.0,0.0,0.0,0.0,0.0,0.0,0.0,0.0,1.0,0.0,0.0,0.0,0.0,0.0,-76.76,-179.22,23.3,1.06,0.213,1852.0,1.0,0.0032397408207343,0.0086393088552915,0.0124190064794816
0.0,0.0,0.0,0.0,0.0,0.0,0.0,0.0,0.0,0.0,0.0,0.0,0.0,0.0,0.0,1.0,0.0,0.0,0.0,0.0,0.0,0.0,0.0,0.0,0.0,1.0,0.0,-140.13,158.04,69.7,1.06,0.213,1852.0,1.0,0.0043196544276457,0.0075593952483801,0.0124190064794816
0.0,0.0,0.0,0.0,0.0,0.0,0.0,0.0,0.0,1.0,0.0,0.0,0.0,0.0,0.0,0.0,0.0,0.0,0.0,0.0,0.0,0.0,0.0,0.0,1.0,0.0,0.0,-138.93,157.9,26.4,1.06,0.213,1852.0,1.0,0.0043196544276457,0.0070194384449244,0.0118790496760259
0.0,0.0,0.0,0.0,0.0,0.0,0.0,0.0,0.0,0.0,0.0,0.0,0.0,0.0,1.0,0.0,0.0,0.0,0.0,0.0,0.0,0.0,0.0,0.0,1.0,0.0,0.0,-125.96,102.35,138.9,1.06,0.213,1852.0,1.0,0.0043196544276457,0.0080993520518358,0.0129589632829373
0.0,0.0,0.0,0.0,0.0,0.0,0.0,0.0,0.0,1.0,0.0,0.0,0.0,0.0,0.0,0.0,0.0,0.0,0.0,0.0,0.0,0.0,0.0,0.0,1.0,0.0,0.0,-81.86,153.53,0.0,1.06,0.213,1852.0,1.0,0.0043196544276457,0.0124190064794816,0.0172786177105831
0.0,0.0,0.0,0.0,0.0,0.0,0.0,0.0,0.0,0.0,0.0,0.0,0.0,0.0,0.0,1.0,0.0,0.0,0.0,0.0,0.0,0.0,0.0,0.0,1.0,0.0,0.0,-134.03,161.79,16.2,1.06,0.213,1852.0,1.0,0.0043196544276457,0.0107991360691144,0.0156587473002159
0.0,1.0,0.0,0.0,0.0,0.0,0.0,0.0,0.0,0.0,0.0,0.0,0.0,0.0,0.0,0.0,0.0,0.0,0.0,0.0,0.0,0.0,0.0,0.0,1.0,0.0,0.0,-135.24,125.06,1.2,1.06,0.213,1852.0,1.0,0.0043196544276457,0.0118790496760259,0.0167386609071274
1.0,0.0,0.0,0.0,0.0,0.0,0.0,0.0,0.0,0.0,0.0,0.0,0.0,0.0,0.0,0.0,0.0,0.0,0.0,0.0,0.0,0.0,0.0,0.0,1.0,0.0,0.0,-100.46,126.43,46.1,1.06,0.213,1852.0,1.0,0.00377969762419,0.0080993520518358,0.0124190064794816
1.0,0.0,0.0,0.0,0.0,0.0,0.0,0.0,0.0,0.0,0.0,0.0,0.0,0.0,0.0,0.0,0.0,0.0,0.0,0.0,0.0,0.0,0.0,0.0,0.0,1.0,0.0,-99.74,360.0,48.8,1.06,0.213,1852.0,1.0,0.0032397408207343,0.0059395248380129,0.009719222462203
0.0,0.0,0.0,0.0,1.0,0.0,0.0,0.0,0.0,0.0,0.0,0.0,0.0,0.0,0.0,0.0,0.0,0.0,0.0,0.0,0.0,0.0,0.0,0.0,0.0,0.0,1.0,360.0,-46.99,52.0,1.06,0.213,1852.0,1.0,0.0032397408207343,0.0064794816414686,0.0102591792656587
0.0,0.0,0.0,0.0,0.0,0.0,0.0,0.0,0.0,0.0,0.0,0.0,0.0,0.0,0.0,1.0,0.0,0.0,0.0,0.0,0.0,0.0,0.0,0.0,0.0,0.0,1.0,-63.23,-17.05,57.0,1.06,0.213,1852.0,1.0,0.0043196544276457,0.0091792656587473,0.0140388768898488
0.0,0.0,0.0,0.0,0.0,0.0,0.0,0.0,0.0,0.0,0.0,1.0,0.0,0.0,0.0,0.0,0.0,0.0,0.0,0.0,0.0,0.0,0.0,0.0,0.0,0.0,1.0,-81.34,-12.73,135.4,1.06,0.213,1852.0,1.0,0.0048596112311015,0.0070194384449244,0.0124190064794816
0.0,0.0,0.0,0.0,0.0,0.0,0.0,0.0,0.0,0.0,0.0,0.0,0.0,0.0,0.0,0.0,0.0,0.0,0.0,1.0,0.0,0.0,0.0,0.0,0.0,0.0,1.0,-102.57,133.5,66.7,1.06,0.213,1852.0,1.0,0.0043196544276457,0.0113390928725701,0.0161987041036717
0.0,0.0,0.0,0.0,0.0,0.0,0.0,0.0,0.0,0.0,0.0,0.0,0.0,0.0,1.0,0.0,0.0,0.0,0.0,0.0,0.0,0.0,0.0,0.0,1.0,0.0,0.0,-66.09,150.53,26.9,1.06,0.213,1852.0,1.0,0.0043196544276457,0.013498920086393,0.0183585313174946
0.0,0.0,0.0,0.0,0.0,0.0,0.0,0.0,0.0,0.0,1.0,0.0,0.0,0.0,0.0,0.0,0.0,0.0,0.0,0.0,0.0,0.0,0.0,0.0,1.0,0.0,0.0,-124.2,156.95,0.6,1.06,0.213,1852.0,1.0,0.0043196544276457,0.0113390928725701,0.0161987041036717
0.0,0.0,0.0,0.0,0.0,1.0,0.0,0.0,0.0,0.0,0.0,0.0,0.0,0.0,0.0,0.0,0.0,0.0,0.0,0.0,0.0,0.0,0.0,0.0,1.0,0.0,0.0,-143.22,157.14,0.0,1.06,0.213,1852.0,1.0,0.0032397408207343,0.013498920086393,0.0172786177105831
0.0,0.0,0.0,0.0,0.0,0.0,0.0,0.0,0.0,0.0,0.0,0.0,0.0,0.0,0.0,0.0,0.0,0.0,1.0,0.0,0.0,0.0,0.0,0.0,1.0,0.0,0.0,-115.85,139.86,0.0,1.06,0.213,1852.0,1.0,0.0043196544276457,0.0113390928725701,0.0161987041036717
0.0,0.0,0.0,0.0,1.0,0.0,0.0,0.0,0.0,0.0,0.0,0.0,0.0,0.0,0.0,0.0,0.0,0.0,0.0,0.0,0.0,0.0,0.0,0.0,1.0,0.0,0.0,-129.97,164.8,1.6,1.06,0.213,1852.0,1.0,0.0043196544276457,0.013498920086393,0.0183585313174946
0.0,0.0,0.0,0.0,0.0,0.0,0.0,0.0,0.0,0.0,0.0,0.0,0.0,0.0,1.0,0.0,0.0,0.0,0.0,0.0,0.0,0.0,0.0,0.0,1.0,0.0,0.0,-142.82,147.81,7.2,1.06,0.213,1852.0,1.0,0.0043196544276457,0.0118790496760259,0.0167386609071274
0.0,0.0,0.0,0.0,0.0,0.0,0.0,0.0,0.0,0.0,0.0,0.0,0.0,1.0,0.0,0.0,0.0,0.0,0.0,0.0,0.0,0.0,0.0,0.0,1.0,0.0,0.0,-128.38,112.75,79.0,1.06,0.213,1852.0,1.0,0.0043196544276457,0.0113390928725701,0.0161987041036717
1.0,0.0,0.0,0.0,0.0,0.0,0.0,0.0,0.0,0.0,0.0,0.0,0.0,0.0,0.0,0.0,0.0,0.0,0.0,0.0,0.0,0.0,0.0,0.0,0.0,0.0,1.0,-92.78,158.61,21.7,1.06,0.213,1852.0,1.0,0.0043196544276457,0.0075593952483801,0.0124190064794816
0.0,0.0,0.0,0.0,0.0,0.0,0.0,0.0,0.0,0.0,0.0,0.0,1.0,0.0,0.0,0.0,0.0,0.0,0.0,0.0,0.0,0.0,0.0,0.0,0.0,0.0,1.0,-56.02,133.08,111.2,1.06,0.213,1852.0,1.0,0.0048596112311015,0.0032397408207343,0.0086393088552915
0.0,0.0,0.0,0.0,0.0,1.0,0.0,0.0,0.0,0.0,0.0,0.0,0.0,0.0,0.0,0.0,0.0,0.0,0.0,0.0,0.0,0.0,0.0,0.0,0.0,0.0,1.0,65.09,22.88,86.8,1.06,0.213,1852.0,1.0,0.0032397408207343,0.0053995680345572,0.0091792656587473
0.0,0.0,0.0,0.0,0.0,0.0,0.0,0.0,1.0,0.0,0.0,0.0,0.0,0.0,0.0,0.0,0.0,0.0,0.0,0.0,0.0,0.0,0.0,0.0,0.0,0.0,1.0,-134.58,149.85,84.7,1.06,0.213,1852.0,1.0,0.0043196544276457,0.0070194384449244,0.0118790496760259
0.0,0.0,0.0,1.0,0.0,0.0,0.0,0.0,0.0,0.0,0.0,0.0,0.0,0.0,0.0,0.0,0.0,0.0,0.0,0.0,0.0,0.0,0.0,0.0,0.0,1.0,0.0,-65.48,149.04,176.7,1.06,0.213,1852.0,1.0,0.0043196544276457,0.0053995680345572,0.0102591792656587
0.0,0.0,0.0,0.0,0.0,0.0,0.0,0.0,0.0,0.0,0.0,0.0,0.0,0.0,1.0,0.0,0.0,0.0,0.0,0.0,0.0,0.0,0.0,0.0,0.0,1.0,0.0,-50.86,131.77,65.6,1.06,0.213,1852.0,1.0,0.0043196544276457,0.0107991360691144,0.0156587473002159
0.0,0.0,0.0,1.0,0.0,0.0,0.0,0.0,0.0,0.0,0.0,0.0,0.0,0.0,0.0,0.0,0.0,0.0,0.0,0.0,0.0,0.0,0.0,0.0,1.0,0.0,0.0,-117.37,132.1,72.2,1.06,0.213,1852.0,1.0,0.0043196544276457,0.009719222462203,0.0145788336933045
0.0,0.0,0.0,0.0,1.0,0.0,0.0,0.0,0.0,0.0,0.0,0.0,0.0,0.0,0.0,0.0,0.0,0.0,0.0,0.0,0.0,0.0,0.0,0.0,1.0,0.0,0.0,-62.98,139.08,18.6,1.06,0.213,1852.0,1.0,0.0043196544276457,0.0113390928725701,0.0161987041036717
0.0,0.0,0.0,0.0,0.0,0.0,0.0,0.0,0.0,0.0,0.0,0.0,0.0,0.0,0.0,0.0,0.0,1.0,0.0,0.0,0.0,0.0,0.0,0.0,1.0,0.0,0.0,-115.54,-54.8,0.0,1.06,0.213,1852.0,1.0,0.0048596112311015,0.0113390928725701,0.0167386609071274
1.0,0.0,0.0,0.0,0.0,0.0,0.0,0.0,0.0,0.0,0.0,0.0,0.0,0.0,0.0,0.0,0.0,0.0,0.0,0.0,0.0,0.0,0.0,0.0,1.0,0.0,0.0,-162.83,155.71,0.0,1.06,0.213,1852.0,1.0,0.00377969762419,0.0129589632829373,0.0172786177105831
0.0,0.0,0.0,0.0,0.0,0.0,0.0,0.0,0.0,0.0,0.0,0.0,0.0,0.0,0.0,0.0,1.0,0.0,0.0,0.0,0.0,0.0,0.0,0.0,1.0,0.0,0.0,-133.83,155.86,3.4,1.06,0.213,1852.0,1.0,0.0048596112311015,0.0107991360691144,0.0161987041036717
0.0,0.0,0.0,0.0,0.0,0.0,0.0,1.0,0.0,0.0,0.0,0.0,0.0,0.0,0.0,0.0,0.0,0.0,0.0,0.0,0.0,0.0,0.0,0.0,1.0,0.0,0.0,-142.68,142.04,0.8,1.06,0.213,1852.0,1.0,0.0048596112311015,0.0118790496760259,0.0172786177105831
0.0,0.0,0.0,0.0,0.0,0.0,0.0,0.0,0.0,0.0,0.0,0.0,0.0,0.0,0.0,1.0,0.0,0.0,0.0,0.0,0.0,0.0,0.0,0.0,0.0,0.0,1.0,-69.34,164.43,10.8,1.06,0.213,1852.0,1.0,0.0043196544276457,0.0107991360691144,0.0156587473002159
0.0,0.0,0.0,0.0,0.0,0.0,0.0,0.0,0.0,0.0,0.0,0.0,0.0,1.0,0.0,0.0,0.0,0.0,0.0,0.0,0.0,0.0,0.0,0.0,0.0,0.0,1.0,-52.74,-45.52,41.1,1.06,0.213,1852.0,1.0,0.0043196544276457,0.0124190064794816,0.0172786177105831
0.0,0.0,0.0,0.0,0.0,0.0,0.0,0.0,0.0,0.0,0.0,0.0,0.0,0.0,0.0,1.0,0.0,0.0,0.0,0.0,0.0,0.0,0.0,0.0,0.0,0.0,1.0,-74.84,-18.39,89.7,1.06,0.213,1852.0,1.0,0.0043196544276457,0.0053995680345572,0.0102591792656587
0.0,0.0,0.0,0.0,0.0,1.0,0.0,0.0,0.0,0.0,0.0,0.0,0.0,0.0,0.0,0.0,0.0,0.0,0.0,0.0,0.0,0.0,0.0,0.0,0.0,0.0,1.0,87.72,-0.16,23.5,1.06,0.213,1852.0,1.0,0.0032397408207343,0.0107991360691144,0.0145788336933045
1.0,0.0,0.0,0.0,0.0,0.0,0.0,0.0,0.0,0.0,0.0,0.0,0.0,0.0,0.0,0.0,0.0,0.0,0.0,0.0,0.0,0.0,0.0,0.0,0.0,1.0,0.0,-84.41,-15.56,90.9,1.06,0.213,1852.0,1.0,0.00377969762419,0.0048596112311015,0.0091792656587473
1.0,0.0,0.0,0.0,0.0,0.0,0.0,0.0,0.0,0.0,0.0,0.0,0.0,0.0,0.0,0.0,0.0,0.0,0.0,0.0,0.0,0.0,0.0,0.0,0.0,1.0,0.0,-131.17,133.44,56.5,1.06,0.213,1852.0,1.0,0.00377969762419,0.0075593952483801,0.0118790496760259
0.0,0.0,0.0,0.0,0.0,0.0,0.0,0.0,0.0,0.0,0.0,0.0,0.0,0.0,0.0,0.0,1.0,0.0,0.0,0.0,0.0,0.0,0.0,0.0,1.0,0.0,0.0,-129.86,159.32,63.0,1.06,0.213,1852.0,1.0,0.0048596112311015,0.0075593952483801,0.0129589632829373
1.0,0.0,0.0,0.0,0.0,0.0,0.0,0.0,0.0,0.0,0.0,0.0,0.0,0.0,0.0,0.0,0.0,0.0,0.0,0.0,0.0,0.0,0.0,0.0,1.0,0.0,0.0,-140.61,141.52,20.4,1.06,0.213,1852.0,1.0,0.00377969762419,0.0075593952483801,0.0118790496760259
0.0,0.0,0.0,0.0,0.0,0.0,0.0,0.0,0.0,0.0,0.0,0.0,0.0,0.0,0.0,0.0,0.0,0.0,0.0,1.0,0.0,0.0,0.0,0.0,1.0,0.0,0.0,-121.96,144.13,34.6,1.06,0.213,1852.0,1.0,0.0043196544276457,0.0107991360691144,0.0156587473002159
1.0,0.0,0.0,0.0,0.0,0.0,0.0,0.0,0.0,0.0,0.0,0.0,0.0,0.0,0.0,0.0,0.0,0.0,0.0,0.0,0.0,0.0,0.0,0.0,0.0,0.0,1.0,-59.44,142.75,11.6,1.06,0.213,1852.0,1.0,0.00377969762419,0.0080993520518358,0.0124190064794816
0.0,0.0,1.0,0.0,0.0,0.0,0.0,0.0,0.0,0.0,0.0,0.0,0.0,0.0,0.0,0.0,0.0,0.0,0.0,0.0,0.0,0.0,0.0,0.0,0.0,0.0,1.0,-55.7,-33.41,35.2,1.06,0.213,1852.0,1.0,0.0043196544276457,0.0080993520518358,0.0129589632829373
0.0,0.0,0.0,0.0,0.0,0.0,0.0,0.0,0.0,0.0,0.0,0.0,0.0,0.0,0.0,1.0,0.0,0.0,0.0,0.0,0.0,0.0,0.0,0.0,0.0,0.0,1.0,-62.22,-17.83,18.8,1.06,0.213,1852.0,1.0,0.0043196544276457,0.0091792656587473,0.0140388768898488
0.0,0.0,0.0,0.0,0.0,0.0,0.0,0.0,0.0,0.0,0.0,0.0,0.0,0.0,0.0,0.0,0.0,1.0,0.0,0.0,0.0,0.0,0.0,0.0,0.0,0.0,1.0,-127.66,-11.31,0.0,1.06,0.213,1852.0,1.0,0.0048596112311015,0.0102591792656587,0.0156587473002159
0.0,0.0,0.0,0.0,0.0,0.0,0.0,0.0,1.0,0.0,0.0,0.0,0.0,0.0,0.0,0.0,0.0,0.0,0.0,0.0,0.0,0.0,0.0,0.0,0.0,0.0,1.0,-59.78,135.37,100.9,1.06,0.213,1852.0,1.0,0.0043196544276457,0.0075593952483801,0.0124190064794816
0.0,0.0,0.0,0.0,0.0,1.0,0.0,0.0,0.0,0.0,0.0,0.0,0.0,0.0,0.0,0.0,0.0,0.0,0.0,0.0,0.0,0.0,0.0,0.0,0.0,0.0,1.0,95.14,-17.76,45.3,1.06,0.213,1852.0,1.0,0.0032397408207343,0.009719222462203,0.013498920086393
0.0,0.0,0.0,0.0,0.0,0.0,0.0,0.0,0.0,0.0,0.0,0.0,0.0,0.0,1.0,0.0,0.0,0.0,0.0,0.0,0.0,0.0,0.0,0.0,0.0,0.0,1.0,-114.64,-29.42,17.8,1.06,0.213,1852.0,1.0,0.0043196544276457,0.0091792656587473,0.0140388768898488
0.0,0.0,0.0,0.0,1.0,0.0,0.0,0.0,0.0,0.0,0.0,0.0,0.0,0.0,0.0,0.0,0.0,0.0,0.0,0.0,0.0,0.0,0.0,0.0,1.0,0.0,0.0,-108.51,148.7,4.9,1.06,0.213,1852.0,1.0,0.0048596112311015,0.0091792656587473,0.0145788336933045
0.0,0.0,0.0,0.0,0.0,0.0,0.0,0.0,0.0,0.0,0.0,0.0,0.0,0.0,0.0,0.0,1.0,0.0,0.0,0.0,0.0,0.0,0.0,0.0,1.0,0.0,0.0,-134.89,121.02,69.3,1.06,0.213,1852.0,1.0,0.0048596112311015,0.0080993520518358,0.013498920086393
0.0,0.0,0.0,0.0,1.0,0.0,0.0,0.0,0.0,0.0,0.0,0.0,0.0,0.0,0.0,0.0,0.0,0.0,0.0,0.0,0.0,0.0,0.0,0.0,1.0,0.0,0.0,-104.82,125.18,5.7,1.06,0.213,1852.0,1.0,0.0048596112311015,0.0102591792656587,0.0156587473002159
0.0,0.0,0.0,0.0,0.0,0.0,0.0,0.0,0.0,0.0,0.0,0.0,0.0,0.0,0.0,1.0,0.0,0.0,0.0,0.0,0.0,0.0,0.0,0.0,1.0,0.0,0.0,-135.15,164.24,50.4,1.06,0.213,1852.0,1.0,0.0043196544276457,0.0075593952483801,0.0124190064794816
0.0,0.0,0.0,0.0,0.0,0.0,0.0,0.0,0.0,0.0,0.0,0.0,0.0,0.0,1.0,0.0,0.0,0.0,0.0,0.0,0.0,0.0,0.0,0.0,1.0,0.0,0.0,-136.94,156.47,25.9,1.06,0.213,1852.0,1.0,0.0043196544276457,0.009719222462203,0.0145788336933045
0.0,0.0,1.0,0.0,0.0,0.0,0.0,0.0,0.0,0.0,0.0,0.0,0.0,0.0,0.0,0.0,0.0,0.0,0.0,0.0,0.0,0.0,0.0,0.0,1.0,0.0,0.0,-129.16,98.54,62.5,1.06,0.213,1852.0,1.0,0.0048596112311015,0.0075593952483801,0.0129589632829373
0.0,0.0,0.0,0.0,0.0,0.0,0.0,0.0,0.0,0.0,0.0,1.0,0.0,0.0,0.0,0.0,0.0,0.0,0.0,0.0,0.0,0.0,1.0,0.0,0.0,0.0,0.0,-63.4,-37.21,39.6,1.06,0.213,1852.0,1.0,0.0048596112311015,0.0075593952483801,0.0129589632829373
1.0,0.0,0.0,0.0,0.0,0.0,0.0,0.0,0.0,0.0,0.0,0.0,0.0,0.0,0.0,0.0,0.0,0.0,0.0,0.0,0.0,0.0,1.0,0.0,0.0,0.0,0.0,-61.13,-28.96,98.7,1.06,0.213,1852.0,1.0,0.00377969762419,0.0059395248380129,0.0102591792656587
0.0,0.0,0.0,0.0,0.0,0.0,0.0,0.0,1.0,0.0,0.0,0.0,0.0,0.0,0.0,0.0,0.0,0.0,0.0,0.0,0.0,0.0,1.0,0.0,0.0,0.0,0.0,-102.24,-1.94,131.3,1.06,0.213,1852.0,1.0,0.0043196544276457,0.009719222462203,0.0145788336933045
0.0,0.0,0.0,0.0,0.0,0.0,0.0,0.0,0.0,0.0,0.0,1.0,0.0,0.0,0.0,0.0,0.0,0.0,0.0,0.0,0.0,0.0,0.0,0.0,0.0,1.0,0.0,53.42,42.69,71.2,1.06,0.213,1852.0,1.0,0.0048596112311015,0.0124190064794816,0.0178185745140388
0.0,0.0,0.0,0.0,0.0,0.0,0.0,0.0,0.0,1.0,0.0,0.0,0.0,0.0,0.0,0.0,0.0,0.0,0.0,0.0,0.0,0.0,0.0,0.0,1.0,0.0,0.0,-127.64,145.72,29.9,1.06,0.213,1852.0,1.0,0.0043196544276457,0.0107991360691144,0.0156587473002159
0.0,0.0,0.0,0.0,0.0,0.0,0.0,0.0,0.0,1.0,0.0,0.0,0.0,0.0,0.0,0.0,0.0,0.0,0.0,0.0,0.0,0.0,0.0,0.0,1.0,0.0,0.0,-116.98,151.7,0.4,1.06,0.213,1852.0,1.0,0.0043196544276457,0.0129589632829373,0.0178185745140388
0.0,0.0,0.0,0.0,0.0,0.0,0.0,0.0,0.0,0.0,0.0,0.0,0.0,0.0,0.0,0.0,0.0,0.0,0.0,1.0,0.0,0.0,0.0,0.0,1.0,0.0,0.0,-132.09,139.9,52.5,1.06,0.213,1852.0,1.0,0.0043196544276457,0.0107991360691144,0.0156587473002159
0.0,0.0,0.0,0.0,0.0,0.0,0.0,0.0,0.0,1.0,0.0,0.0,0.0,0.0,0.0,0.0,0.0,0.0,0.0,0.0,0.0,0.0,0.0,0.0,1.0,0.0,0.0,-128.73,105.94,0.0,1.06,0.213,1852.0,1.0,0.0043196544276457,0.0107991360691144,0.0156587473002159
0.0,0.0,0.0,1.0,0.0,0.0,0.0,0.0,0.0,0.0,0.0,0.0,0.0,0.0,0.0,0.0,0.0,0.0,0.0,0.0,0.0,0.0,0.0,0.0,1.0,0.0,0.0,-80.04,126.8,87.9,1.06,0.213,1852.0,1.0,0.0043196544276457,0.0102591792656587,0.0151187904967602
0.0,0.0,0.0,0.0,0.0,0.0,0.0,0.0,0.0,0.0,1.0,0.0,0.0,0.0,0.0,0.0,0.0,0.0,0.0,0.0,0.0,0.0,0.0,0.0,1.0,0.0,0.0,-124.33,105.76,0.0,1.06,0.213,1852.0,1.0,0.0043196544276457,0.0151187904967602,0.0199784017278617
0.0,0.0,0.0,0.0,0.0,0.0,0.0,0.0,0.0,1.0,0.0,0.0,0.0,0.0,0.0,0.0,0.0,0.0,0.0,0.0,0.0,0.0,0.0,0.0,0.0,0.0,1.0,-102.85,159.64,66.7,1.06,0.213,1852.0,1.0,0.0043196544276457,0.0091792656587473,0.0140388768898488
0.0,0.0,0.0,0.0,0.0,0.0,0.0,0.0,0.0,0.0,0.0,0.0,0.0,0.0,0.0,1.0,0.0,0.0,0.0,0.0,0.0,0.0,0.0,0.0,0.0,0.0,1.0,50.86,51.94,70.0,1.06,0.213,1852.0,1.0,0.0043196544276457,0.0086393088552915,0.013498920086393
0.0,0.0,0.0,0.0,0.0,0.0,0.0,0.0,0.0,1.0,0.0,0.0,0.0,0.0,0.0,0.0,0.0,0.0,0.0,0.0,0.0,1.0,0.0,0.0,0.0,0.0,0.0,-72.27,148.08,0.0,1.06,0.213,1852.0,1.0,0.0043196544276457,0.0124190064794816,0.0172786177105831
0.0,0.0,0.0,1.0,0.0,0.0,0.0,0.0,0.0,0.0,0.0,0.0,0.0,0.0,0.0,0.0,0.0,0.0,0.0,0.0,0.0,0.0,0.0,0.0,0.0,1.0,0.0,-130.71,161.48,37.9,1.06,0.213,1852.0,1.0,0.0048596112311015,0.0118790496760259,0.0172786177105831
0.0,0.0,0.0,0.0,0.0,0.0,0.0,0.0,0.0,0.0,0.0,0.0,1.0,0.0,0.0,0.0,0.0,0.0,0.0,0.0,0.0,0.0,1.0,0.0,0.0,0.0,0.0,-48.42,-38.86,37.0,1.06,0.213,1852.0,1.0,0.0048596112311015,0.0086393088552915,0.0140388768898488
0.0,0.0,0.0,1.0,0.0,0.0,0.0,0.0,0.0,0.0,0.0,0.0,0.0,0.0,0.0,0.0,0.0,0.0,0.0,0.0,0.0,0.0,1.0,0.0,0.0,0.0,0.0,-69.48,-7.89,70.3,1.06,0.213,1852.0,1.0,0.0043196544276457,0.0064794816414686,0.0113390928725701
0.0,0.0,1.0,0.0,0.0,0.0,0.0,0.0,0.0,0.0,0.0,0.0,0.0,0.0,0.0,0.0,0.0,0.0,0.0,0.0,0.0,0.0,1.0,0.0,0.0,0.0,0.0,-81.71,-4.55,1.2,1.06,0.213,1852.0,1.0,0.0048596112311015,0.0091792656587473,0.0145788336933045
0.0,0.0,0.0,0.0,0.0,0.0,0.0,0.0,0.0,0.0,0.0,0.0,0.0,0.0,0.0,0.0,1.0,0.0,0.0,0.0,0.0,0.0,0.0,0.0,0.0,1.0,0.0,-63.29,126.94,33.1,1.06,0.213,1852.0,1.0,0.0048596112311015,0.009719222462203,0.0151187904967602
1.0,0.0,0.0,0.0,0.0,0.0,0.0,0.0,0.0,0.0,0.0,0.0,0.0,0.0,0.0,0.0,0.0,0.0,0.0,0.0,0.0,0.0,0.0,0.0,1.0,0.0,0.0,179.87,165.45,1.0,1.06,0.213,1852.0,1.0,0.00377969762419,0.0107991360691144,0.0151187904967602
0.0,0.0,0.0,0.0,0.0,0.0,0.0,0.0,0.0,0.0,0.0,0.0,0.0,0.0,0.0,0.0,0.0,1.0,0.0,0.0,0.0,0.0,0.0,0.0,1.0,0.0,0.0,-82.66,127.93,32.7,1.06,0.213,1852.0,1.0,0.0048596112311015,0.0118790496760259,0.0172786177105831
0.0,0.0,0.0,0.0,0.0,0.0,0.0,0.0,0.0,0.0,0.0,0.0,0.0,0.0,0.0,0.0,0.0,0.0,0.0,1.0,0.0,0.0,0.0,0.0,1.0,0.0,0.0,-102.67,133.19,0.0,1.06,0.213,1852.0,1.0,0.0043196544276457,0.0151187904967602,0.0199784017278617
0.0,0.0,0.0,0.0,0.0,0.0,0.0,0.0,0.0,0.0,0.0,0.0,0.0,0.0,0.0,0.0,0.0,0.0,0.0,1.0,0.0,0.0,0.0,0.0,1.0,0.0,0.0,-123.35,136.24,38.9,1.06,0.213,1852.0,1.0,0.0043196544276457,0.0113390928725701,0.0161987041036717
0.0,1.0,0.0,0.0,0.0,0.0,0.0,0.0,0.0,0.0,0.0,0.0,0.0,0.0,0.0,0.0,0.0,0.0,0.0,0.0,0.0,0.0,0.0,0.0,1.0,0.0,0.0,-94.13,147.51,0.0,1.06,0.213,1852.0,1.0,0.0043196544276457,0.0113390928725701,0.0161987041036717
1.0,0.0,0.0,0.0,0.0,0.0,0.0,0.0,0.0,0.0,0.0,0.0,0.0,0.0,0.0,0.0,0.0,0.0,0.0,0.0,0.0,0.0,0.0,0.0,1.0,0.0,0.0,-146.39,150.41,0.0,1.06,0.213,1852.0,1.0,0.00377969762419,0.0118790496760259,0.0161987041036717
1.0,0.0,0.0,0.0,0.0,0.0,0.0,0.0,0.0,0.0,0.0,0.0,0.0,0.0,0.0,0.0,0.0,0.0,0.0,0.0,0.0,0.0,0.0,0.0,1.0,0.0,0.0,-119.32,132.94,5.6,1.06,0.213,1852.0,1.0,0.00377969762419,0.0118790496760259,0.0161987041036717
0.0,0.0,0.0,0.0,0.0,0.0,0.0,0.0,0.0,0.0,0.0,0.0,0.0,0.0,0.0,1.0,0.0,0.0,0.0,0.0,0.0,0.0,0.0,0.0,1.0,0.0,0.0,-119.86,135.02,0.0,1.06,0.213,1852.0,1.0,0.0043196544276457,0.0145788336933045,0.019438444924406
0.0,0.0,0.0,0.0,0.0,0.0,0.0,0.0,0.0,0.0,0.0,0.0,0.0,0.0,0.0,1.0,0.0,0.0,0.0,0.0,0.0,0.0,0.0,0.0,0.0,1.0,0.0,-90.09,-0.95,56.0,1.06,0.213,1852.0,1.0,0.0043196544276457,0.0080993520518358,0.0129589632829373
0.0,0.0,0.0,0.0,0.0,0.0,0.0,0.0,0.0,0.0,0.0,0.0,0.0,0.0,1.0,0.0,0.0,0.0,0.0,0.0,0.0,0.0,0.0,0.0,0.0,1.0,0.0,-59.34,129.45,99.4,1.06,0.213,1852.0,1.0,0.0043196544276457,0.0086393088552915,0.013498920086393
0.0,0.0,0.0,0.0,0.0,0.0,0.0,0.0,0.0,0.0,0.0,0.0,0.0,0.0,0.0,0.0,0.0,1.0,0.0,0.0,0.0,0.0,0.0,0.0,0.0,1.0,0.0,-72.12,-55.3,96.9,1.06,0.213,1852.0,1.0,0.0048596112311015,0.0070194384449244,0.0124190064794816
0.0,0.0,0.0,0.0,1.0,0.0,0.0,0.0,0.0,0.0,0.0,0.0,0.0,0.0,0.0,0.0,0.0,0.0,0.0,0.0,0.0,0.0,0.0,0.0,0.0,1.0,0.0,-95.16,151.54,166.3,1.06,0.213,1852.0,1.0,0.0043196544276457,0.0091792656587473,0.0140388768898488
0.0,0.0,0.0,0.0,0.0,0.0,0.0,0.0,0.0,0.0,0.0,0.0,0.0,0.0,0.0,0.0,0.0,0.0,0.0,1.0,0.0,0.0,0.0,0.0,0.0,1.0,0.0,-73.09,131.74,103.1,1.06,0.213,1852.0,1.0,0.0043196544276457,0.0091792656587473,0.0140388768898488
0.0,0.0,0.0,0.0,0.0,0.0,0.0,0.0,0.0,0.0,0.0,0.0,0.0,0.0,0.0,0.0,1.0,0.0,0.0,0.0,0.0,0.0,0.0,0.0,0.0,1.0,0.0,-144.65,171.59,67.6,1.06,0.213,1852.0,1.0,0.0048596112311015,0.0070194384449244,0.0124190064794816
0.0,0.0,0.0,1.0,0.0,0.0,0.0,0.0,0.0,0.0,0.0,0.0,0.0,0.0,0.0,0.0,0.0,0.0,0.0,0.0,0.0,0.0,1.0,0.0,0.0,0.0,0.0,-59.5,-19.0,154.1,1.06,0.213,1852.0,1.0,0.0043196544276457,0.009719222462203,0.0145788336933045
0.0,0.0,0.0,0.0,0.0,0.0,0.0,0.0,0.0,0.0,0.0,0.0,0.0,0.0,0.0,0.0,0.0,1.0,0.0,0.0,0.0,0.0,1.0,0.0,0.0,0.0,0.0,-61.59,-23.55,46.0,1.06,0.213,1852.0,1.0,0.0048596112311015,0.0080993520518358,0.013498920086393
0.0,0.0,0.0,0.0,0.0,0.0,0.0,0.0,0.0,1.0,0.0,0.0,0.0,0.0,0.0,0.0,0.0,0.0,0.0,0.0,0.0,0.0,1.0,0.0,0.0,0.0,0.0,-68.46,-7.77,0.6,1.06,0.213,1852.0,1.0,0.0043196544276457,0.0102591792656587,0.0151187904967602
0.0,0.0,0.0,0.0,0.0,0.0,0.0,0.0,0.0,0.0,0.0,0.0,0.0,1.0,0.0,0.0,0.0,0.0,0.0,0.0,0.0,0.0,1.0,0.0,0.0,0.0,0.0,-99.29,14.73,76.7,1.06,0.213,1852.0,1.0,0.0043196544276457,0.0118790496760259,0.0167386609071274
0.0,0.0,0.0,0.0,0.0,0.0,0.0,0.0,0.0,0.0,0.0,0.0,0.0,0.0,0.0,0.0,1.0,0.0,0.0,0.0,0.0,0.0,0.0,0.0,0.0,1.0,0.0,-131.25,154.87,57.9,1.06,0.213,1852.0,1.0,0.0048596112311015,0.0075593952483801,0.0129589632829373
0.0,0.0,0.0,0.0,0.0,0.0,0.0,0.0,0.0,0.0,0.0,0.0,0.0,0.0,0.0,0.0,1.0,0.0,0.0,0.0,0.0,0.0,1.0,0.0,0.0,0.0,0.0,-60.33,-32.4,58.0,1.06,0.213,1852.0,1.0,0.0048596112311015,0.0075593952483801,0.0129589632829373
0.0,0.0,0.0,0.0,0.0,0.0,0.0,0.0,0.0,0.0,0.0,0.0,0.0,0.0,0.0,0.0,1.0,0.0,0.0,0.0,0.0,0.0,1.0,0.0,0.0,0.0,0.0,-61.4,-23.82,106.6,1.06,0.213,1852.0,1.0,0.0048596112311015,0.0059395248380129,0.0113390928725701
0.0,0.0,0.0,0.0,0.0,1.0,0.0,0.0,0.0,0.0,0.0,0.0,0.0,0.0,0.0,0.0,0.0,0.0,0.0,0.0,0.0,0.0,1.0,0.0,0.0,0.0,0.0,-71.66,-7.92,0.0,1.06,0.213,1852.0,1.0,0.0032397408207343,0.013498920086393,0.0172786177105831
0.0,0.0,0.0,0.0,0.0,0.0,0.0,0.0,0.0,0.0,0.0,0.0,0.0,0.0,0.0,0.0,0.0,0.0,0.0,1.0,0.0,0.0,0.0,0.0,0.0,1.0,0.0,-114.54,152.49,7.4,1.06,0.213,1852.0,1.0,0.0043196544276457,0.0140388768898488,0.0188984881209503
0.0,0.0,1.0,0.0,0.0,0.0,0.0,0.0,0.0,0.0,0.0,0.0,0.0,0.0,0.0,0.0,0.0,0.0,0.0,0.0,0.0,0.0,0.0,0.0,0.0,1.0,0.0,-101.94,-52.26,60.2,1.06,0.213,1852.0,1.0,0.0048596112311015,0.0086393088552915,0.0140388768898488
0.0,0.0,0.0,0.0,0.0,0.0,0.0,0.0,0.0,0.0,0.0,0.0,0.0,0.0,0.0,0.0,0.0,0.0,0.0,1.0,0.0,0.0,0.0,0.0,1.0,0.0,0.0,-119.67,147.87,140.5,1.06,0.213,1852.0,1.0,0.0043196544276457,0.0113390928725701,0.0161987041036717
0.0,0.0,0.0,0.0,0.0,0.0,0.0,0.0,0.0,0.0,0.0,0.0,0.0,0.0,0.0,0.0,0.0,0.0,1.0,0.0,0.0,0.0,0.0,0.0,1.0,0.0,0.0,-133.97,145.61,116.1,1.06,0.213,1852.0,1.0,0.0043196544276457,0.009719222462203,0.0145788336933045
0.0,0.0,0.0,0.0,0.0,1.0,0.0,0.0,0.0,0.0,0.0,0.0,0.0,0.0,0.0,0.0,0.0,0.0,0.0,0.0,0.0,0.0,0.0,0.0,0.0,1.0,0.0,-81.89,176.08,6.9,1.06,0.213,1852.0,1.0,0.0032397408207343,0.0124190064794816,0.0161987041036717
0.0,0.0,0.0,0.0,0.0,0.0,0.0,0.0,0.0,0.0,0.0,0.0,0.0,1.0,0.0,0.0,0.0,0.0,0.0,0.0,0.0,0.0,0.0,0.0,0.0,1.0,0.0,-91.37,-12.33,129.9,1.06,0.213,1852.0,1.0,0.0043196544276457,0.0070194384449244,0.0118790496760259
0.0,0.0,0.0,0.0,0.0,1.0,0.0,0.0,0.0,0.0,0.0,0.0,0.0,0.0,0.0,0.0,0.0,0.0,0.0,0.0,0.0,0.0,0.0,0.0,0.0,1.0,0.0,105.2,157.23,17.6,1.06,0.213,1852.0,1.0,0.0032397408207343,0.013498920086393,0.0172786177105831
0.0,0.0,0.0,0.0,0.0,0.0,0.0,0.0,0.0,0.0,0.0,0.0,0.0,0.0,0.0,0.0,1.0,0.0,0.0,0.0,0.0,0.0,0.0,0.0,1.0,0.0,0.0,-129.86,132.27,21.6,1.06,0.213,1852.0,1.0,0.0048596112311015,0.0053995680345572,0.0107991360691144
0.0,0.0,0.0,0.0,0.0,0.0,0.0,0.0,0.0,0.0,0.0,0.0,0.0,1.0,0.0,0.0,0.0,0.0,0.0,0.0,0.0,0.0,0.0,0.0,1.0,0.0,0.0,-77.65,128.17,95.3,1.06,0.213,1852.0,1.0,0.0043196544276457,0.0102591792656587,0.0151187904967602
0.0,0.0,0.0,0.0,0.0,0.0,0.0,0.0,0.0,0.0,0.0,0.0,0.0,0.0,0.0,0.0,0.0,1.0,0.0,0.0,0.0,0.0,0.0,0.0,1.0,0.0,0.0,-114.81,124.71,0.0,1.06,0.213,1852.0,1.0,0.0048596112311015,0.0113390928725701,0.0167386609071274
0.0,0.0,0.0,0.0,0.0,0.0,0.0,0.0,0.0,0.0,0.0,0.0,0.0,0.0,0.0,0.0,1.0,0.0,0.0,0.0,0.0,0.0,0.0,0.0,1.0,0.0,0.0,-124.26,122.33,51.3,1.06,0.213,1852.0,1.0,0.0048596112311015,0.009719222462203,0.0151187904967602
0.0,0.0,0.0,0.0,0.0,0.0,0.0,0.0,0.0,0.0,0.0,0.0,0.0,0.0,0.0,0.0,0.0,1.0,0.0,0.0,0.0,0.0,0.0,0.0,1.0,0.0,0.0,-109.74,113.9,4.5,1.06,0.213,1852.0,1.0,0.0048596112311015,0.0086393088552915,0.0140388768898488
0.0,0.0,0.0,0.0,0.0,0.0,0.0,0.0,0.0,0.0,0.0,0.0,0.0,0.0,0.0,1.0,0.0,0.0,0.0,0.0,0.0,0.0,0.0,0.0,0.0,1.0,0.0,-61.7,151.4,40.4,1.06,0.213,1852.0,1.0,0.0043196544276457,0.0059395248380129,0.0107991360691144
0.0,0.0,0.0,0.0,0.0,0.0,0.0,0.0,0.0,0.0,0.0,0.0,0.0,0.0,0.0,1.0,0.0,0.0,0.0,0.0,0.0,0.0,0.0,0.0,0.0,1.0,0.0,-67.45,360.0,142.8,1.06,0.213,1852.0,1.0,0.00377969762419,0.00377969762419,0.0080993520518358
