0.0,0.0,0.0,0.0,0.0,1.0,0.0,0.0,0.0,0.0,0.0,0.0,0.0,0.0,0.0,0.0,0.0,0.0,0.0,0.0,0.0,0.0,0.0,0.0,0.0,1.0,0.0,360.0,-72.81,84.8,1.4,0.208,742.0,1.0,0.0053908355795148,0.0080862533692722,0.0148247978436657
0.0,0.0,0.0,0.0,0.0,0.0,1.0,0.0,0.0,0.0,0.0,0.0,0.0,0.0,0.0,0.0,0.0,0.0,0.0,0.0,0.0,0.0,0.0,0.0,0.0,1.0,0.0,-97.87,3.34,37.8,1.4,0.208,742.0,1.0,0.0094339622641509,0.0175202156334231,0.0283018867924528
0.0,0.0,0.0,0.0,0.0,0.0,0.0,0.0,0.0,0.0,1.0,0.0,0.0,0.0,0.0,0.0,0.0,0.0,0.0,0.0,0.0,0.0,0.0,0.0,1.0,0.0,0.0,-88.1,140.05,14.3,1.4,0.208,742.0,1.0,0.0107816711590296,0.0256064690026954,0.0377358490566037
0.0,0.0,0.0,0.0,0.0,0.0,0.0,0.0,1.0,0.0,0.0,0.0,0.0,0.0,0.0,0.0,0.0,0.0,0.0,0.0,0.0,0.0,0.0,0.0,1.0,0.0,0.0,-133.37,143.68,54.9,1.4,0.208,742.0,1.0,0.0107816711590296,0.0283018867924528,0.0404312668463611
0.0,0.0,0.0,0.0,0.0,0.0,0.0,0.0,0.0,1.0,0.0,0.0,0.0,0.0,0.0,0.0,0.0,0.0,0.0,0.0,0.0,0.0,0.0,0.0,1.0,0.0,0.0,-96.33,129.77,38.5,1.4,0.208,742.0,1.0,0.0107816711590296,0.0269541778975741,0.0390835579514824
0.0,0.0,0.0,0.0,0.0,0.0,0.0,1.0,0.0,0.0,0.0,0.0,0.0,0.0,0.0,0.0,0.0,0.0,0.0,0.0,0.0,0.0,0.0,0.0,1.0,0.0,0.0,-105.22,124.58,0.7,1.4,0.208,742.0,1.0,0.0121293800539083,0.0256064690026954,0.0390835579514824
0.0,0.0,0.0,0.0,0.0,0.0,0.0,0.0,0.0,0.0,0.0,0.0,0.0,0.0,0.0,0.0,1.0,0.0,0.0,0.0,0.0,0.0,0.0,0.0,1.0,0.0,0.0,-115.3,122.67,1.4,1.4,0.208,742.0,1.0,0.0121293800539083,0.0215633423180593,0.0350404312668463
1.0,0.0,0.0,0.0,0.0,0.0,0.0,0.0,0.0,0.0,0.0,0.0,0.0,0.0,0.0,0.0,0.0,0.0,0.0,0.0,0.0,0.0,0.0,0.0,1.0,0.0,0.0,-118.41,123.27,0.0,1.4,0.208,742.0,1.0,0.0094339622641509,0.0296495956873315,0.0404312668463611
0.0,0.0,0.0,0.0,0.0,0.0,0.0,1.0,0.0,0.0,0.0,0.0,0.0,0.0,0.0,0.0,0.0,0.0,0.0,0.0,0.0,0.0,0.0,0.0,1.0,0.0,0.0,-104.75,110.47,11.4,1.4,0.208,742.0,1.0,0.0121293800539083,0.022911051212938,0.036388140161725
0.0,0.0,0.0,0.0,0.0,0.0,0.0,0.0,0.0,0.0,0.0,0.0,0.0,0.0,0.0,0.0,0.0,1.0,0.0,0.0,0.0,0.0,0.0,0.0,1.0,0.0,0.0,-139.59,167.14,2.4,1.4,0.208,742.0,1.0,0.0121293800539083,0.0242587601078167,0.0377358490566037
0.0,0.0,0.0,0.0,0.0,0.0,0.0,0.0,1.0,0.0,0.0,0.0,0.0,0.0,0.0,0.0,0.0,0.0,0.0,0.0,0.0,0.0,0.0,0.0,0.0,1.0,0.0,-67.09,141.55,23.5,1.4,0.208,742.0,1.0,0.0121293800539083,0.0242587601078167,0.0377358490566037
0.0,0.0,0.0,0.0,0.0,0.0,0.0,0.0,0.0,0.0,0.0,0.0,1.0,0.0,0.0,0.0,0.0,0.0,0.0,0.0,0.0,0.0,1.0,0.0,0.0,0.0,0.0,-59.11,-33.07,53.9,1.4,0.208,742.0,1.0,0.0121293800539083,0.0188679245283018,0.0323450134770889
0.0,0.0,0.0,0.0,1.0,0.0,0.0,0.0,0.0,0.0,0.0,0.0,0.0,0.0,0.0,0.0,0.0,0.0,0.0,0.0,0.0,0.0,1.0,0.0,0.0,0.0,0.0,-71.89,-6.76,145.6,1.4,0.208,742.0,1.0,0.0107816711590296,0.0188679245283018,0.0309973045822102
0.0,0.0,0.0,0.0,0.0,0.0,0.0,0.0,0.0,0.0,0.0,0.0,0.0,0.0,0.0,0.0,1.0,0.0,0.0,0.0,0.0,0.0,1.0,0.0,0.0,0.0,0.0,-91.67,-4.77,4.6,1.4,0.208,742.0,1.0,0.0121293800539083,0.0215633423180593,0.0350404312668463
0.0,0.0,0.0,0.0,0.0,0.0,0.0,0.0,0.0,1.0,0.0,0.0,0.0,0.0,0.0,0.0,0.0,0.0,0.0,0.0,0.0,0.0,0.0,1.0,0.0,0.0,0.0,-54.35,-50.99,43.7,1.4,0.208,742.0,1.0,0.0107816711590296,0.0242587601078167,0.036388140161725
0.0,0.0,1.0,0.0,0.0,0.0,0.0,0.0,0.0,0.0,0.0,0.0,0.0,0.0,0.0,0.0,0.0,0.0,0.0,0.0,0.0,0.0,0.0,1.0,0.0,0.0,0.0,-58.72,-43.29,113.6,1.4,0.208,742.0,1.0,0.0121293800539083,0.0202156334231805,0.0336927223719676
0.0,0.0,1.0,0.0,0.0,0.0,0.0,0.0,0.0,0.0,0.0,0.0,0.0,0.0,0.0,0.0,0.0,0.0,0.0,0.0,0.0,0.0,0.0,1.0,0.0,0.0,0.0,-63.72,-42.54,95.7,1.4,0.208,742.0,1.0,0.0121293800539083,0.0215633423180593,0.0350404312668463
0.0,0.0,0.0,0.0,0.0,0.0,0.0,0.0,0.0,0.0,0.0,0.0,0.0,0.0,0.0,0.0,0.0,1.0,0.0,0.0,0.0,0.0,0.0,1.0,0.0,0.0,0.0,-66.06,-46.08,0.0,1.4,0.208,742.0,1.0,0.0121293800539083,0.0215633423180593,0.0350404312668463
0.0,0.0,0.0,0.0,0.0,0.0,0.0,0.0,1.0,0.0,0.0,0.0,0.0,0.0,0.0,0.0,0.0,0.0,0.0,0.0,0.0,0.0,0.0,1.0,0.0,0.0,0.0,-57.57,-46.93,82.2,1.4,0.208,742.0,1.0,0.0107816711590296,0.0269541778975741,0.0390835579514824
0.0,0.0,0.0,0.0,0.0,0.0,0.0,0.0,0.0,0.0,0.0,0.0,0.0,0.0,0.0,0.0,1.0,0.0,0.0,0.0,0.0,0.0,0.0,1.0,0.0,0.0,0.0,-59.97,-46.6,67.4,1.4,0.208,742.0,1.0,0.0121293800539083,0.0269541778975741,0.0404312668463611
0.0,0.0,0.0,0.0,0.0,0.0,0.0,0.0,0.0,0.0,0.0,0.0,0.0,0.0,0.0,1.0,0.0,0.0,0.0,0.0,0.0,0.0,0.0,1.0,0.0,0.0,0.0,-60.0,-40.42,37.6,1.4,0.208,742.0,1.0,0.0107816711590296,0.022911051212938,0.0350404312668463
0.0,0.0,0.0,0.0,0.0,0.0,0.0,0.0,0.0,1.0,0.0,0.0,0.0,0.0,0.0,0.0,0.0,0.0,0.0,0.0,0.0,0.0,0.0,1.0,0.0,0.0,0.0,-68.53,-49.83,1.2,1.4,0.208,742.0,1.0,0.0107816711590296,0.0296495956873315,0.0417789757412398
0.0,0.0,0.0,1.0,0.0,0.0,0.0,0.0,0.0,0.0,0.0,0.0,0.0,0.0,0.0,0.0,0.0,0.0,0.0,0.0,0.0,0.0,0.0,1.0,0.0,0.0,0.0,-64.03,-38.68,92.3,1.4,0.208,742.0,1.0,0.0107816711590296,0.0269541778975741,0.0390835579514824
0.0,0.0,1.0,0.0,0.0,0.0,0.0,0.0,0.0,0.0,0.0,0.0,0.0,0.0,0.0,0.0,0.0,0.0,0.0,0.0,0.0,0.0,0.0,1.0,0.0,0.0,0.0,-62.5,-30.47,132.9,1.4,0.208,742.0,1.0,0.0121293800539083,0.0188679245283018,0.0323450134770889
1.0,0.0,0.0,0.0,0.0,0.0,0.0,0.0,0.0,0.0,0.0,0.0,0.0,0.0,0.0,0.0,0.0,0.0,0.0,0.0,0.0,0.0,0.0,1.0,0.0,0.0,0.0,-93.69,11.44,69.7,1.4,0.208,742.0,1.0,0.0094339622641509,0.0161725067385444,0.0269541778975741
0.0,0.0,0.0,0.0,0.0,1.0,0.0,0.0,0.0,0.0,0.0,0.0,0.0,0.0,0.0,0.0,0.0,0.0,0.0,0.0,0.0,0.0,0.0,0.0,0.0,1.0,0.0,65.57,25.2,57.2,1.4,0.208,742.0,1.0,0.0080862533692722,0.0188679245283018,0.0283018867924528
0.0,0.0,0.0,0.0,0.0,0.0,0.0,0.0,0.0,0.0,0.0,0.0,0.0,0.0,0.0,0.0,0.0,1.0,0.0,0.0,0.0,0.0,0.0,0.0,0.0,1.0,0.0,-92.49,104.65,7.6,1.4,0.208,742.0,1.0,0.0121293800539083,0.0175202156334231,0.0309973045822102
0.0,0.0,0.0,0.0,0.0,0.0,0.0,0.0,0.0,1.0,0.0,0.0,0.0,0.0,0.0,0.0,0.0,0.0,0.0,0.0,0.0,0.0,0.0,0.0,0.0,1.0,0.0,-101.3,166.63,114.7,1.4,0.208,742.0,1.0,0.0107816711590296,0.0148247978436657,0.0269541778975741
0.0,0.0,0.0,0.0,0.0,1.0,0.0,0.0,0.0,0.0,0.0,0.0,0.0,0.0,0.0,0.0,0.0,0.0,0.0,0.0,0.0,0.0,0.0,0.0,0.0,1.0,0.0,86.64,15.5,62.9,1.4,0.208,742.0,1.0,0.0080862533692722,0.0094339622641509,0.0188679245283018
0.0,0.0,0.0,0.0,0.0,0.0,0.0,0.0,0.0,0.0,1.0,0.0,0.0,0.0,0.0,0.0,0.0,0.0,0.0,0.0,0.0,0.0,0.0,0.0,0.0,1.0,0.0,-61.31,144.46,38.8,1.4,0.208,742.0,1.0,0.0107816711590296,0.0215633423180593,0.0336927223719676
0.0,0.0,0.0,0.0,0.0,0.0,0.0,0.0,0.0,0.0,0.0,0.0,0.0,0.0,0.0,0.0,1.0,0.0,0.0,0.0,0.0,0.0,0.0,0.0,1.0,0.0,0.0,-121.93,158.91,71.8,1.4,0.208,742.0,1.0,0.0121293800539083,0.0175202156334231,0.0309973045822102
0.0,0.0,0.0,0.0,0.0,0.0,0.0,0.0,0.0,0.0,0.0,0.0,0.0,0.0,0.0,0.0,0.0,1.0,0.0,0.0,0.0,0.0,0.0,0.0,1.0,0.0,0.0,-134.98,136.85,62.7,1.4,0.208,742.0,1.0,0.0121293800539083,0.0188679245283018,0.0323450134770889
0.0,0.0,0.0,0.0,0.0,0.0,0.0,0.0,0.0,0.0,0.0,0.0,0.0,0.0,0.0,1.0,0.0,0.0,0.0,0.0,0.0,0.0,0.0,0.0,1.0,0.0,0.0,-132.67,155.15,52.2,1.4,0.208,742.0,1.0,0.0107816711590296,0.0175202156334231,0.0296495956873315
0.0,0.0,0.0,1.0,0.0,0.0,0.0,0.0,0.0,0.0,0.0,0.0,0.0,0.0,0.0,0.0,0.0,0.0,0.0,0.0,0.0,0.0,0.0,0.0,1.0,0.0,0.0,-79.04,145.51,166.6,1.4,0.208,742.0,1.0,0.0107816711590296,0.0175202156334231,0.0296495956873315
0.0,0.0,0.0,0.0,0.0,0.0,0.0,1.0,0.0,0.0,0.0,0.0,0.0,0.0,0.0,0.0,0.0,0.0,0.0,0.0,0.0,0.0,0.0,0.0,1.0,0.0,0.0,-156.65,157.21,44.6,1.4,0.208,742.0,1.0,0.0121293800539083,0.0175202156334231,0.0309973045822102
0.0,0.0,0.0,0.0,0.0,0.0,0.0,0.0,0.0,0.0,0.0,0.0,0.0,1.0,0.0,0.0,0.0,0.0,0.0,0.0,0.0,0.0,0.0,0.0,1.0,0.0,0.0,-119.57,133.73,145.6,1.4,0.208,742.0,1.0,0.0107816711590296,0.0215633423180593,0.0336927223719676
0.0,0.0,0.0,0.0,0.0,1.0,0.0,0.0,0.0,0.0,0.0,0.0,0.0,0.0,0.0,0.0,0.0,0.0,0.0,0.0,0.0,0.0,0.0,0.0,1.0,0.0,0.0,-142.79,173.45,12.3,1.4,0.208,742.0,1.0,0.0080862533692722,0.0242587601078167,0.0336927223719676
0.0,0.0,0.0,0.0,0.0,0.0,0.0,0.0,0.0,0.0,0.0,0.0,0.0,0.0,0.0,0.0,0.0,0.0,0.0,1.0,0.0,0.0,0.0,0.0,1.0,0.0,0.0,-63.58,135.89,169.7,1.4,0.208,742.0,1.0,0.0107816711590296,0.022911051212938,0.0350404312668463
0.0,0.0,0.0,0.0,0.0,1.0,0.0,0.0,0.0,0.0,0.0,0.0,0.0,0.0,0.0,0.0,0.0,0.0,0.0,0.0,0.0,0.0,0.0,0.0,0.0,0.0,1.0,-174.2,179.91,18.3,1.4,0.208,742.0,1.0,0.0080862533692722,0.0202156334231805,0.0296495956873315
0.0,0.0,0.0,0.0,0.0,0.0,0.0,0.0,0.0,0.0,0.0,0.0,0.0,0.0,1.0,0.0,0.0,0.0,0.0,0.0,0.0,0.0,0.0,0.0,0.0,0.0,1.0,-99.75,360.0,113.3,1.4,0.208,742.0,1.0,0.0080862533692722,0.0053908355795148,0.0148247978436657
0.0,0.0,1.0,0.0,0.0,0.0,0.0,0.0,0.0,0.0,0.0,0.0,0.0,0.0,0.0,0.0,0.0,0.0,0.0,0.0,0.0,0.0,0.0,0.0,0.0,0.0,1.0,360.0,138.91,152.7,1.4,0.208,742.0,1.0,0.0094339622641509,0.0094339622641509,0.0202156334231805
0.0,0.0,0.0,0.0,1.0,0.0,0.0,0.0,0.0,0.0,0.0,0.0,0.0,0.0,0.0,0.0,0.0,0.0,0.0,0.0,0.0,0.0,0.0,0.0,1.0,0.0,0.0,-100.96,151.04,105.9,1.4,0.208,742.0,1.0,0.0121293800539083,0.0296495956873315,0.0431266846361186
0.0,0.0,0.0,0.0,0.0,0.0,0.0,0.0,0.0,0.0,0.0,0.0,0.0,0.0,0.0,0.0,0.0,1.0,0.0,0.0,0.0,0.0,0.0,0.0,1.0,0.0,0.0,-126.28,154.91,30.5,1.4,0.208,742.0,1.0,0.013477088948787,0.0148247978436657,0.0296495956873315
0.0,0.0,0.0,0.0,0.0,0.0,0.0,0.0,0.0,0.0,0.0,0.0,1.0,0.0,0.0,0.0,0.0,0.0,0.0,0.0,0.0,0.0,0.0,0.0,1.0,0.0,0.0,-63.78,136.28,94.4,1.4,0.208,742.0,1.0,0.0121293800539083,0.0188679245283018,0.0323450134770889
0.0,0.0,0.0,0.0,0.0,0.0,0.0,0.0,1.0,0.0,0.0,0.0,0.0,0.0,0.0,0.0,0.0,0.0,0.0,0.0,0.0,0.0,0.0,0.0,1.0,0.0,0.0,-135.47,178.36,12.2,1.4,0.208,742.0,1.0,0.0107816711590296,0.0269541778975741,0.0390835579514824
0.0,0.0,0.0,0.0,0.0,0.0,0.0,0.0,0.0,0.0,0.0,0.0,0.0,0.0,0.0,0.0,0.0,1.0,0.0,0.0,0.0,0.0,0.0,0.0,1.0,0.0,0.0,-123.53,148.18,7.2,1.4,0.208,742.0,1.0,0.0121293800539083,0.0215633423180593,0.0350404312668463
0.0,0.0,0.0,0.0,0.0,0.0,0.0,0.0,0.0,0.0,0.0,0.0,0.0,0.0,1.0,0.0,0.0,0.0,0.0,0.0,0.0,0.0,0.0,0.0,1.0,0.0,0.0,-107.06,110.18,72.8,1.4,0.208,742.0,1.0,0.0107816711590296,0.0256064690026954,0.0377358490566037
0.0,0.0,0.0,0.0,0.0,0.0,0.0,1.0,0.0,0.0,0.0,0.0,0.0,0.0,0.0,0.0,0.0,0.0,0.0,0.0,0.0,0.0,0.0,0.0,1.0,0.0,0.0,-104.95,129.1,1.9,1.4,0.208,742.0,1.0,0.0121293800539083,0.0242587601078167,0.0377358490566037
0.0,0.0,0.0,1.0,0.0,0.0,0.0,0.0,0.0,0.0,0.0,0.0,0.0,0.0,0.0,0.0,0.0,0.0,0.0,0.0,0.0,0.0,0.0,0.0,1.0,0.0,0.0,-128.24,135.54,42.8,1.4,0.208,742.0,1.0,0.0107816711590296,0.0256064690026954,0.0377358490566037
0.0,0.0,0.0,0.0,0.0,0.0,0.0,0.0,0.0,0.0,0.0,0.0,0.0,0.0,0.0,0.0,0.0,1.0,0.0,0.0,0.0,0.0,0.0,0.0,1.0,0.0,0.0,-137.33,148.71,3.3,1.4,0.208,742.0,1.0,0.0121293800539083,0.0161725067385444,0.0296495956873315
0.0,0.0,0.0,0.0,0.0,0.0,0.0,0.0,0.0,0.0,0.0,0.0,0.0,0.0,0.0,0.0,0.0,1.0,0.0,0.0,0.0,0.0,0.0,0.0,1.0,0.0,0.0,-106.72,126.12,33.1,1.4,0.208,742.0,1.0,0.0121293800539083,0.0202156334231805,0.0336927223719676
0.0,0.0,0.0,0.0,0.0,0.0,0.0,0.0,0.0,0.0,0.0,0.0,0.0,0.0,0.0,0.0,0.0,1.0,0.0,0.0,0.0,0.0,0.0,0.0,1.0,0.0,0.0,-135.78,160.51,4.9,1.4,0.208,742.0,1.0,0.0121293800539083,0.0188679245283018,0.0323450134770889
0.0,0.0,1.0,0.0,0.0,0.0,0.0,0.0,0.0,0.0,0.0,0.0,0.0,0.0,0.0,0.0,0.0,0.0,0.0,0.0,0.0,0.0,0.0,0.0,1.0,0.0,0.0,-70.69,147.97,49.4,1.4,0.208,742.0,1.0,0.0107816711590296,0.0242587601078167,0.036388140161725
0.0,0.0,1.0,0.0,0.0,0.0,0.0,0.0,0.0,0.0,0.0,0.0,0.0,0.0,0.0,0.0,0.0,0.0,0.0,0.0,0.0,0.0,1.0,0.0,0.0,0.0,0.0,-64.88,-13.88,77.6,1.4,0.208,742.0,1.0,0.0121293800539083,0.0256064690026954,0.0390835579514824
0.0,0.0,0.0,0.0,0.0,0.0,0.0,0.0,0.0,0.0,0.0,0.0,0.0,0.0,0.0,1.0,0.0,0.0,0.0,0.0,0.0,0.0,1.0,0.0,0.0,0.0,0.0,-60.3,-31.67,80.8,1.4,0.208,742.0,1.0,0.0107816711590296,0.0188679245283018,0.0309973045822102
0.0,0.0,0.0,0.0,0.0,0.0,0.0,1.0,0.0,0.0,0.0,0.0,0.0,0.0,0.0,0.0,0.0,0.0,0.0,0.0,0.0,0.0,1.0,0.0,0.0,0.0,0.0,-112.7,-0.75,47.9,1.4,0.208,742.0,1.0,0.0121293800539083,0.0242587601078167,0.0377358490566037
0.0,0.0,0.0,0.0,0.0,0.0,0.0,0.0,0.0,0.0,0.0,0.0,0.0,0.0,0.0,0.0,0.0,1.0,0.0,0.0,0.0,0.0,0.0,1.0,0.0,0.0,0.0,-56.51,-44.98,13.2,1.4,0.208,742.0,1.0,0.0121293800539083,0.022911051212938,0.036388140161725
0.0,0.0,1.0,0.0,0.0,0.0,0.0,0.0,0.0,0.0,0.0,0.0,0.0,0.0,0.0,0.0,0.0,0.0,0.0,0.0,0.0,0.0,0.0,1.0,0.0,0.0,0.0,-60.32,-48.73,126.0,1.4,0.208,742.0,1.0,0.0121293800539083,0.0175202156334231,0.0309973045822102
0.0,0.0,0.0,0.0,0.0,0.0,0.0,0.0,1.0,0.0,0.0,0.0,0.0,0.0,0.0,0.0,0.0,0.0,0.0,0.0,0.0,0.0,0.0,1.0,0.0,0.0,0.0,-72.01,-32.35,124.6,1.4,0.208,742.0,1.0,0.0107816711590296,0.0242587601078167,0.036388140161725
0.0,0.0,0.0,0.0,0.0,0.0,0.0,0.0,0.0,0.0,0.0,0.0,0.0,0.0,0.0,0.0,0.0,1.0,0.0,0.0,0.0,0.0,0.0,1.0,0.0,0.0,0.0,-65.55,-45.43,4.0,1.4,0.208,742.0,1.0,0.0121293800539083,0.0242587601078167,0.0377358490566037
0.0,0.0,0.0,0.0,0.0,0.0,0.0,0.0,0.0,0.0,0.0,0.0,0.0,0.0,0.0,0.0,0.0,1.0,0.0,0.0,0.0,0.0,0.0,1.0,0.0,0.0,0.0,-56.69,-49.61,24.7,1.4,0.208,742.0,1.0,0.0121293800539083,0.0296495956873315,0.0431266846361186
0.0,0.0,1.0,0.0,0.0,0.0,0.0,0.0,0.0,0.0,0.0,0.0,0.0,0.0,0.0,0.0,0.0,0.0,0.0,0.0,0.0,0.0,0.0,1.0,0.0,0.0,0.0,-60.24,-38.65,91.4,1.4,0.208,742.0,1.0,0.0121293800539083,0.0256064690026954,0.0390835579514824
0.0,0.0,0.0,0.0,0.0,0.0,0.0,0.0,0.0,0.0,0.0,0.0,0.0,0.0,0.0,1.0,0.0,0.0,0.0,0.0,0.0,0.0,0.0,1.0,0.0,0.0,0.0,-66.28,-41.34,13.9,1.4,0.208,742.0,1.0,0.0107816711590296,0.0256064690026954,0.0377358490566037
0.0,0.0,0.0,0.0,0.0,0.0,0.0,1.0,0.0,0.0,0.0,0.0,0.0,0.0,0.0,0.0,0.0,0.0,0.0,0.0,0.0,0.0,0.0,1.0,0.0,0.0,0.0,-63.3,-48.74,1.2,1.4,0.208,742.0,1.0,0.0121293800539083,0.0242587601078167,0.0377358490566037
0.0,0.0,0.0,0.0,0.0,0.0,0.0,0.0,0.0,0.0,0.0,0.0,0.0,0.0,0.0,0.0,0.0,1.0,0.0,0.0,0.0,0.0,0.0,1.0,0.0,0.0,0.0,-55.91,-48.26,43.6,1.4,0.208,742.0,1.0,0.0121293800539083,0.022911051212938,0.036388140161725
0.0,0.0,0.0,0.0,0.0,0.0,0.0,0.0,0.0,0.0,0.0,0.0,0.0,0.0,1.0,0.0,0.0,0.0,0.0,0.0,0.0,0.0,0.0,1.0,0.0,0.0,0.0,-61.35,-40.21,163.8,1.4,0.208,742.0,1.0,0.0107816711590296,0.0242587601078167,0.036388140161725
1.0,0.0,0.0,0.0,0.0,0.0,0.0,0.0,0.0,0.0,0.0,0.0,0.0,0.0,0.0,0.0,0.0,0.0,0.0,0.0,0.0,0.0,0.0,1.0,0.0,0.0,0.0,-74.18,-27.23,19.6,1.4,0.208,742.0,1.0,0.0094339622641509,0.0202156334231805,0.0309973045822102
1.0,0.0,0.0,0.0,0.0,0.0,0.0,0.0,0.0,0.0,0.0,0.0,0.0,0.0,0.0,0.0,0.0,0.0,0.0,0.0,0.0,0.0,0.0,1.0,0.0,0.0,0.0,-97.27,-13.79,4.7,1.4,0.208,742.0,1.0,0.0094339622641509,0.0242587601078167,0.0350404312668463
0.0,0.0,0.0,0.0,0.0,0.0,0.0,0.0,0.0,0.0,0.0,0.0,0.0,0.0,1.0,0.0,0.0,0.0,0.0,0.0,0.0,0.0,0.0,0.0,0.0,1.0,0.0,-68.43,136.8,160.0,1.4,0.208,742.0,1.0,0.0107816711590296,0.0242587601078167,0.036388140161725
0.0,0.0,0.0,0.0,0.0,0.0,0.0,0.0,0.0,0.0,0.0,0.0,0.0,0.0,0.0,0.0,1.0,0.0,0.0,0.0,0.0,0.0,0.0,0.0,0.0,1.0,0.0,-122.91,-16.34,58.0,1.4,0.208,742.0,1.0,0.0121293800539083,0.0148247978436657,0.0283018867924528
0.0,0.0,0.0,0.0,0.0,1.0,0.0,0.0,0.0,0.0,0.0,0.0,0.0,0.0,0.0,0.0,0.0,0.0,0.0,0.0,0.0,0.0,0.0,0.0,0.0,1.0,0.0,88.48,-1.15,68.9,1.4,0.208,742.0,1.0,0.0080862533692722,0.0161725067385444,0.0256064690026954
0.0,0.0,0.0,0.0,0.0,0.0,0.0,0.0,1.0,0.0,0.0,0.0,0.0,0.0,0.0,0.0,0.0,0.0,0.0,0.0,0.0,0.0,0.0,0.0,0.0,0.0,1.0,-103.07,157.72,154.1,1.4,0.208,742.0,1.0,0.0107816711590296,0.0202156334231805,0.0323450134770889
0.0,0.0,0.0,0.0,0.0,0.0,0.0,1.0,0.0,0.0,0.0,0.0,0.0,0.0,0.0,0.0,0.0,0.0,0.0,0.0,0.0,0.0,0.0,0.0,0.0,0.0,1.0,-55.87,141.01,138.2,1.4,0.208,742.0,1.0,0.0121293800539083,0.0107816711590296,0.0242587601078167
0.0,0.0,0.0,0.0,0.0,1.0,0.0,0.0,0.0,0.0,0.0,0.0,0.0,0.0,0.0,0.0,0.0,0.0,0.0,0.0,0.0,0.0,0.0,0.0,0.0,0.0,1.0,92.42,5.19,12.4,1.4,0.208,742.0,1.0,0.0080862533692722,0.0242587601078167,0.0336927223719676
0.0,0.0,1.0,0.0,0.0,0.0,0.0,0.0,0.0,0.0,0.0,0.0,0.0,0.0,0.0,0.0,0.0,0.0,0.0,0.0,0.0,0.0,0.0,0.0,0.0,0.0,1.0,-57.32,-23.66,32.2,1.4,0.208,742.0,1.0,0.0121293800539083,0.0175202156334231,0.0309973045822102
0.0,0.0,0.0,0.0,0.0,1.0,0.0,0.0,0.0,0.0,0.0,0.0,0.0,0.0,0.0,0.0,0.0,0.0,0.0,0.0,0.0,0.0,0.0,0.0,1.0,0.0,0.0,102.09,-158.98,44.5,1.4,0.208,742.0,1.0,0.0080862533692722,0.0215633423180593,0.0309973045822102
0.0,0.0,0.0,0.0,0.0,0.0,0.0,0.0,1.0,0.0,0.0,0.0,0.0,0.0,0.0,0.0,0.0,0.0,0.0,0.0,0.0,0.0,0.0,0.0,1.0,0.0,0.0,-146.58,151.6,134.8,1.4,0.208,742.0,1.0,0.0107816711590296,0.0148247978436657,0.0269541778975741
0.0,0.0,0.0,0.0,0.0,0.0,0.0,0.0,0.0,0.0,0.0,0.0,0.0,0.0,0.0,0.0,0.0,1.0,0.0,0.0,0.0,0.0,0.0,0.0,1.0,0.0,0.0,-128.72,127.15,37.1,1.4,0.208,742.0,1.0,0.0121293800539083,0.0175202156334231,0.0309973045822102
0.0,0.0,0.0,0.0,0.0,0.0,0.0,0.0,0.0,0.0,0.0,0.0,0.0,0.0,0.0,0.0,0.0,0.0,1.0,0.0,0.0,0.0,0.0,0.0,1.0,0.0,0.0,-130.15,159.71,101.2,1.4,0.208,742.0,1.0,0.0107816711590296,0.0215633423180593,0.0336927223719676
0.0,0.0,0.0,0.0,0.0,0.0,0.0,0.0,0.0,0.0,0.0,0.0,0.0,0.0,0.0,0.0,0.0,1.0,0.0,0.0,0.0,0.0,0.0,0.0,1.0,0.0,0.0,-120.68,136.35,63.7,1.4,0.208,742.0,1.0,0.0121293800539083,0.0175202156334231,0.0309973045822102
0.0,0.0,0.0,0.0,0.0,0.0,0.0,0.0,0.0,0.0,0.0,0.0,0.0,0.0,0.0,1.0,0.0,0.0,0.0,0.0,0.0,0.0,0.0,0.0,1.0,0.0,0.0,-140.2,153.58,34.0,1.4,0.208,742.0,1.0,0.0121293800539083,0.0148247978436657,0.0283018867924528
0.0,0.0,0.0,0.0,0.0,0.0,0.0,0.0,0.0,0.0,0.0,0.0,1.0,0.0,0.0,0.0,0.0,0.0,0.0,0.0,0.0,0.0,0.0,0.0,1.0,0.0,0.0,-69.98,143.87,95.6,1.4,0.208,742.0,1.0,0.0121293800539083,0.0175202156334231,0.0309973045822102
0.0,0.0,0.0,0.0,0.0,0.0,0.0,0.0,0.0,0.0,0.0,0.0,0.0,0.0,0.0,0.0,0.0,1.0,0.0,0.0,0.0,0.0,0.0,0.0,0.0,1.0,0.0,-118.99,118.47,24.2,1.4,0.208,742.0,1.0,0.0121293800539083,0.0175202156334231,0.0309973045822102
0.0,0.0,1.0,0.0,0.0,0.0,0.0,0.0,0.0,0.0,0.0,0.0,0.0,0.0,0.0,0.0,0.0,0.0,0.0,0.0,0.0,0.0,0.0,0.0,0.0,1.0,0.0,-71.16,-46.76,137.7,1.4,0.208,742.0,1.0,0.0121293800539083,0.0161725067385444,0.0296495956873315
0.0,0.0,0.0,0.0,0.0,0.0,0.0,0.0,0.0,0.0,0.0,0.0,0.0,0.0,0.0,0.0,1.0,0.0,0.0,0.0,0.0,0.0,0.0,0.0,0.0,1.0,0.0,-151.39,154.07,113.1,1.4,0.208,742.0,1.0,0.0121293800539083,0.0148247978436657,0.0283018867924528
0.0,0.0,0.0,0.0,0.0,0.0,0.0,1.0,0.0,0.0,0.0,0.0,0.0,0.0,0.0,0.0,0.0,0.0,0.0,0.0,0.0,0.0,0.0,0.0,0.0,1.0,0.0,-142.86,139.61,43.3,1.4,0.208,742.0,1.0,0.0121293800539083,0.0161725067385444,0.0296495956873315
0.0,0.0,0.0,0.0,0.0,0.0,0.0,0.0,0.0,0.0,0.0,0.0,0.0,0.0,0.0,0.0,0.0,1.0,0.0,0.0,0.0,1.0,0.0,0.0,0.0,0.0,0.0,-127.39,130.85,65.3,1.4,0.208,742.0,1.0,0.0121293800539083,0.0188679245283018,0.0323450134770889
0.0,0.0,0.0,0.0,0.0,0.0,0.0,0.0,0.0,0.0,0.0,0.0,0.0,0.0,1.0,0.0,0.0,0.0,0.0,0.0,0.0,0.0,0.0,0.0,0.0,0.0,1.0,-80.89,119.27,87.6,1.4,0.208,742.0,1.0,0.0107816711590296,0.022911051212938,0.0350404312668463
0.0,0.0,0.0,0.0,0.0,0.0,0.0,0.0,0.0,0.0,0.0,0.0,0.0,0.0,0.0,0.0,0.0,1.0,0.0,0.0,0.0,0.0,0.0,0.0,0.0,0.0,1.0,-58.09,-48.39,142.5,1.4,0.208,742.0,1.0,0.0121293800539083,0.0148247978436657,0.0283018867924528
0.0,0.0,0.0,0.0,0.0,0.0,0.0,0.0,0.0,0.0,0.0,0.0,0.0,0.0,1.0,0.0,0.0,0.0,0.0,0.0,0.0,0.0,0.0,0.0,0.0,0.0,1.0,-55.33,-44.67,213.2,1.4,0.208,742.0,1.0,0.0107816711590296,0.0188679245283018,0.0309973045822102
0.0,0.0,0.0,0.0,0.0,0.0,0.0,0.0,0.0,0.0,0.0,0.0,0.0,0.0,0.0,0.0,1.0,0.0,0.0,0.0,0.0,0.0,0.0,0.0,0.0,0.0,1.0,-106.51,-22.51,60.3,1.4,0.208,742.0,1.0,0.0121293800539083,0.0148247978436657,0.0283018867924528
0.0,0.0,0.0,0.0,0.0,1.0,0.0,0.0,0.0,0.0,0.0,0.0,0.0,0.0,0.0,0.0,0.0,0.0,0.0,0.0,0.0,0.0,0.0,0.0,0.0,0.0,1.0,79.68,8.05,39.3,1.4,0.208,742.0,1.0,0.0080862533692722,0.0161725067385444,0.0256064690026954
0.0,0.0,0.0,1.0,0.0,0.0,0.0,0.0,0.0,0.0,0.0,0.0,0.0,0.0,0.0,0.0,0.0,0.0,0.0,0.0,0.0,0.0,0.0,0.0,0.0,1.0,0.0,-59.38,143.21,71.8,1.4,0.208,742.0,1.0,0.0107816711590296,0.0283018867924528,0.0404312668463611
0.0,0.0,0.0,0.0,0.0,0.0,0.0,0.0,0.0,0.0,0.0,0.0,0.0,0.0,1.0,0.0,0.0,0.0,0.0,0.0,0.0,1.0,0.0,0.0,0.0,0.0,0.0,-123.45,162.53,170.5,1.4,0.208,742.0,1.0,0.0107816711590296,0.022911051212938,0.0350404312668463
0.0,0.0,0.0,0.0,0.0,1.0,0.0,0.0,0.0,0.0,0.0,0.0,0.0,0.0,0.0,0.0,0.0,0.0,0.0,0.0,0.0,0.0,1.0,0.0,0.0,0.0,0.0,57.61,-131.52,28.2,1.4,0.208,742.0,1.0,0.0080862533692722,0.0148247978436657,0.0242587601078167
0.0,0.0,0.0,0.0,0.0,0.0,1.0,0.0,0.0,0.0,0.0,0.0,0.0,0.0,0.0,0.0,0.0,0.0,0.0,0.0,0.0,0.0,1.0,0.0,0.0,0.0,0.0,-65.21,-23.73,142.0,1.4,0.208,742.0,1.0,0.0107816711590296,0.0215633423180593,0.0336927223719676
0.0,0.0,1.0,0.0,0.0,0.0,0.0,0.0,0.0,0.0,0.0,0.0,0.0,0.0,0.0,0.0,0.0,0.0,0.0,0.0,0.0,0.0,1.0,0.0,0.0,0.0,0.0,-71.65,-18.81,81.6,1.4,0.208,742.0,1.0,0.0121293800539083,0.0269541778975741,0.0404312668463611
1.0,0.0,0.0,0.0,0.0,0.0,0.0,0.0,0.0,0.0,0.0,0.0,0.0,0.0,0.0,0.0,0.0,0.0,0.0,0.0,0.0,0.0,1.0,0.0,0.0,0.0,0.0,-95.7,-5.85,8.6,1.4,0.208,742.0,1.0,0.0094339622641509,0.036388140161725,0.0471698113207547
0.0,0.0,0.0,0.0,0.0,0.0,0.0,0.0,0.0,1.0,0.0,0.0,0.0,0.0,0.0,0.0,0.0,0.0,0.0,0.0,0.0,0.0,0.0,0.0,0.0,1.0,0.0,-71.68,360.0,64.7,1.4,0.208,742.0,1.0,0.0107816711590296,0.013477088948787,0.0256064690026954
