res_id,sec_type,phi,psi,area,resolution,Rvalue,heavy_atom_counts,occupancy_values,packing_density1,packing_density2,packing_density3,B-factor
15,5,360.0,-144.72,118.3,1.44,0.159,1933.0,1.0,0.0031039834454216243,0.0046559751681324365,0.008277289187790998,46.76
4,5,-97.98,178.33,35.2,1.44,0.159,1933.0,1.0,0.004138644593895499,0.006207966890843249,0.010863942058975685,31.28
5,6,64.37,26.82,23.6,1.44,0.159,1933.0,1.0,0.0031039834454216243,0.007759958613554061,0.011381272633212623,26.97
13,6,-69.87,-29.47,109.9,1.44,0.159,1933.0,1.0,0.004138644593895499,0.008277289187790998,0.012933264355923435,25.89
6,6,-121.93,-26.34,114.2,1.44,0.159,1933.0,1.0,0.004138644593895499,0.006207966890843249,0.010863942058975685,23.94
9,6,-147.52,134.44,42.8,1.44,0.159,1933.0,1.0,0.004138644593895499,0.006725297465080186,0.011381272633212623,20.73
9,4,-116.22,129.2,88.6,1.44,0.159,1933.0,1.0,0.004138644593895499,0.007759958613554061,0.012415933781686497,20.9
17,4,-118.95,133.5,17.7,1.44,0.159,1933.0,1.0,0.0046559751681324365,0.005690636316606311,0.010863942058975685,20.6
15,5,-46.29,130.69,44.0,1.44,0.159,1933.0,1.0,0.004138644593895499,0.007242628039317123,0.01189860320744956,27.8
3,3,-60.18,-32.35,79.7,1.44,0.159,1933.0,1.0,0.004138644593895499,0.008277289187790998,0.012933264355923435,33.76
5,3,-62.8,-36.97,47.1,1.44,0.159,1933.0,1.0,0.0031039834454216243,0.006725297465080186,0.010346611484738748,30.92
17,3,-68.89,-45.02,4.8,1.44,0.159,1933.0,1.0,0.0046559751681324365,0.006725297465080186,0.01189860320744956,20.52
9,3,-60.65,-42.16,7.6,1.44,0.159,1933.0,1.0,0.004138644593895499,0.010346611484738748,0.015002586652871184,17.71
8,3,-62.45,-37.68,91.1,1.44,0.159,1933.0,1.0,0.004138644593895499,0.009311950336264873,0.01396792550439731,22.93
8,3,-67.82,-40.16,71.4,1.44,0.159,1933.0,1.0,0.004138644593895499,0.008794619762027936,0.013450594930160372,23.01
7,3,-59.52,-48.13,3.0,1.44,0.159,1933.0,1.0,0.0046559751681324365,0.009311950336264873,0.014485256078634247,16.53
0,3,-62.59,-38.05,0.2,1.44,0.159,1933.0,1.0,0.0036213140196585617,0.010346611484738748,0.014485256078634247,17.0
3,3,-63.57,-36.01,130.4,1.44,0.159,1933.0,0.5,0.004138644593895499,0.00982928091050181,0.014485256078634247,22.19
3,3,-65.91,-21.58,35.9,1.44,0.159,1933.0,1.0,0.004138644593895499,0.009311950336264873,0.01396792550439731,17.88
9,3,-75.59,-14.76,0.0,1.44,0.159,1933.0,1.0,0.004138644593895499,0.008794619762027936,0.013450594930160372,14.58
11,5,49.51,54.43,88.3,1.44,0.159,1933.0,1.0,0.0046559751681324365,0.007759958613554061,0.012933264355923435,15.25
7,5,-69.62,126.31,14.5,1.44,0.159,1933.0,0.5,0.0046559751681324365,0.007759958613554061,0.012933264355923435,13.0
3,6,-129.4,163.93,105.4,1.44,0.159,1933.0,0.5,0.004138644593895499,0.010346611484738748,0.015002586652871184,17.96
3,6,-47.34,131.33,165.1,1.44,0.159,1933.0,1.0,0.004138644593895499,0.006207966890843249,0.010863942058975685,17.21
5,6,90.29,-9.58,42.9,1.44,0.159,1933.0,1.0,0.0031039834454216243,0.008277289187790998,0.01189860320744956,17.62
11,6,-67.44,141.95,28.1,1.44,0.159,1933.0,1.0,0.0046559751681324365,0.007759958613554061,0.012933264355923435,14.76
16,4,-107.65,127.87,25.9,1.44,0.159,1933.0,1.0,0.0046559751681324365,0.007759958613554061,0.012933264355923435,12.49
17,4,-116.21,139.97,0.0,1.44,0.159,1933.0,1.0,0.0046559751681324365,0.008277289187790998,0.013450594930160372,9.43
17,4,-120.08,115.0,0.0,1.44,0.159,1933.0,1.0,0.0046559751681324365,0.008794619762027936,0.01396792550439731,10.85
3,4,-101.58,130.55,0.0,1.44,0.159,1933.0,1.0,0.004138644593895499,0.010863942058975685,0.015519917227108122,9.31
17,5,-129.79,174.3,0.3,1.44,0.159,1933.0,1.0,0.0046559751681324365,0.006725297465080186,0.01189860320744956,13.33
5,6,85.79,-153.92,15.3,1.44,0.159,1933.0,1.0,0.0031039834454216243,0.008277289187790998,0.01189860320744956,18.09
5,1,-105.09,169.2,20.3,1.44,0.159,1933.0,1.0,0.0031039834454216243,0.005173305742369374,0.008794619762027936,18.94
5,6,59.18,35.86,26.8,1.44,0.159,1933.0,1.0,0.0031039834454216243,0.004138644593895499,0.007759958613554061,17.7
16,3,-65.69,-25.62,0.0,1.44,0.159,1933.0,1.0,0.0046559751681324365,0.007242628039317123,0.012415933781686497,20.11
5,3,-56.9,-59.25,1.1,1.44,0.159,1933.0,1.0,0.0031039834454216243,0.01189860320744956,0.015519917227108122,18.41
11,3,-71.12,-35.66,32.2,1.44,0.159,1933.0,1.0,0.0046559751681324365,0.007759958613554061,0.012933264355923435,19.86
9,3,-65.46,-38.5,3.2,1.44,0.159,1933.0,1.0,0.004138644593895499,0.010863942058975685,0.015519917227108122,13.75
16,3,-60.78,-43.38,0.0,1.44,0.159,1933.0,1.0,0.0046559751681324365,0.011381272633212623,0.016554578375581996,12.37
8,3,-62.78,-37.13,109.4,1.44,0.159,1933.0,1.0,0.004138644593895499,0.009311950336264873,0.01396792550439731,16.47
17,3,-68.2,-44.8,3.0,1.44,0.159,1933.0,1.0,0.0046559751681324365,0.008794619762027936,0.01396792550439731,16.37
9,3,-61.06,-36.58,0.0,1.44,0.159,1933.0,1.0,0.004138644593895499,0.010863942058975685,0.015519917227108122,13.17
9,3,-72.39,-8.09,20.7,1.44,0.159,1933.0,1.0,0.004138644593895499,0.00982928091050181,0.014485256078634247,15.65
13,5,-78.67,-3.47,136.5,1.44,0.159,1933.0,1.0,0.004138644593895499,0.008794619762027936,0.013450594930160372,16.29
6,6,-106.89,158.89,53.5,1.44,0.159,1933.0,1.0,0.0046559751681324365,0.008794619762027936,0.01396792550439731,14.94
12,6,-75.68,31.88,60.9,1.44,0.159,1933.0,1.0,0.0046559751681324365,0.0046559751681324365,0.00982928091050181,19.37
9,6,-62.44,155.66,3.8,1.44,0.159,1933.0,1.0,0.004138644593895499,0.00982928091050181,0.014485256078634247,13.41
8,5,-88.03,-37.7,139.5,1.44,0.159,1933.0,0.5,0.004138644593895499,0.00982928091050181,0.014485256078634247,15.04
8,4,-150.23,137.28,49.9,1.44,0.159,1933.0,1.0,0.004138644593895499,0.00982928091050181,0.014485256078634247,12.12
9,4,-125.56,114.86,0.0,1.44,0.159,1933.0,1.0,0.004138644593895499,0.010346611484738748,0.015002586652871184,9.97
19,4,-95.85,133.55,32.1,1.44,0.159,1933.0,1.0,0.004138644593895499,0.01189860320744956,0.016554578375581996,10.75
17,4,-115.45,121.56,0.0,1.44,0.159,1933.0,1.0,0.0046559751681324365,0.008277289187790998,0.013450594930160372,9.11
7,4,-103.27,105.13,5.1,1.44,0.159,1933.0,0.5,0.0046559751681324365,0.007759958613554061,0.012933264355923435,9.19
3,5,-138.18,127.34,26.5,1.44,0.159,1933.0,1.0,0.004138644593895499,0.007759958613554061,0.012415933781686497,14.81
9,5,-82.98,-28.92,94.0,1.44,0.159,1933.0,1.0,0.004138644593895499,0.009311950336264873,0.01396792550439731,13.47
2,5,-69.99,111.65,53.4,1.44,0.159,1933.0,1.0,0.0046559751681324365,0.007242628039317123,0.012415933781686497,12.75
14,3,-72.84,-24.82,193.1,1.44,0.159,1933.0,1.0,0.004138644593895499,0.009311950336264873,0.01396792550439731,12.64
3,3,-68.32,-43.79,111.7,1.44,0.159,1933.0,1.0,0.004138644593895499,0.008277289187790998,0.012933264355923435,17.85
10,3,-63.67,-39.13,12.4,1.44,0.159,1933.0,1.0,0.004138644593895499,0.01189860320744956,0.016554578375581996,15.5
17,3,-56.57,-47.06,15.4,1.44,0.159,1933.0,1.0,0.0046559751681324365,0.010863942058975685,0.01603724780134506,14.91
3,3,-58.04,-47.41,131.7,1.44,0.159,1933.0,1.0,0.004138644593895499,0.010863942058975685,0.015519917227108122,24.14
11,3,-62.04,-41.91,38.3,1.44,0.159,1933.0,1.0,0.0046559751681324365,0.010346611484738748,0.015519917227108122,22.81
9,3,-63.98,-41.42,0.0,1.44,0.159,1933.0,1.0,0.004138644593895499,0.010346611484738748,0.015002586652871184,20.21
8,3,-61.59,-16.01,127.6,1.44,0.159,1933.0,1.0,0.004138644593895499,0.007759958613554061,0.012415933781686497,31.0
15,5,-77.34,-14.95,93.4,1.44,0.159,1933.0,1.0,0.004138644593895499,0.006207966890843249,0.010863942058975685,30.19
7,5,-72.22,128.1,37.2,1.44,0.159,1933.0,1.0,0.0046559751681324365,0.006725297465080186,0.01189860320744956,20.04
5,5,-70.35,-33.88,76.2,1.44,0.159,1933.0,1.0,0.0031039834454216243,0.005173305742369374,0.008794619762027936,29.48
2,6,-41.41,121.31,53.8,1.44,0.159,1933.0,1.0,0.0046559751681324365,0.005690636316606311,0.010863942058975685,21.86
3,6,-65.83,-13.6,188.0,1.44,0.159,1933.0,1.0,0.004138644593895499,0.007759958613554061,0.012415933781686497,20.76
14,6,-85.34,-9.69,61.0,1.44,0.159,1933.0,1.0,0.004138644593895499,0.008794619762027936,0.013450594930160372,14.37
9,4,-93.23,129.1,24.2,1.44,0.159,1933.0,1.0,0.004138644593895499,0.008794619762027936,0.013450594930160372,13.33
3,4,-133.18,127.41,80.4,1.44,0.159,1933.0,1.0,0.004138644593895499,0.00982928091050181,0.014485256078634247,12.84
17,4,-101.84,131.74,16.6,1.44,0.159,1933.0,1.0,0.0046559751681324365,0.007242628039317123,0.012415933781686497,10.89
7,4,-117.14,119.63,22.6,1.44,0.159,1933.0,1.0,0.0046559751681324365,0.006207966890843249,0.011381272633212623,13.05
11,5,-89.78,68.03,46.1,1.44,0.159,1933.0,1.0,0.0046559751681324365,0.007242628039317123,0.012415933781686497,11.91
3,5,-139.92,177.51,110.2,1.44,0.159,1933.0,1.0,0.004138644593895499,0.008277289187790998,0.012933264355923435,14.59
2,6,-91.54,114.43,42.7,1.44,0.159,1933.0,1.0,0.0046559751681324365,0.006725297465080186,0.01189860320744956,12.99
0,6,-65.36,-15.17,7.7,1.44,0.159,1933.0,1.0,0.0036213140196585617,0.010346611484738748,0.014485256078634247,14.8
15,6,-83.92,-8.34,19.3,1.44,0.159,1933.0,1.0,0.004138644593895499,0.011381272633212623,0.01603724780134506,15.88
8,6,-127.25,-14.95,158.9,1.44,0.159,1933.0,1.0,0.004138644593895499,0.008277289187790998,0.012933264355923435,15.18
4,6,-72.75,137.45,31.8,1.44,0.159,1933.0,1.0,0.0046559751681324365,0.008277289187790998,0.013450594930160372,15.74
12,5,-78.87,93.66,71.1,1.44,0.159,1933.0,1.0,0.0046559751681324365,0.008277289187790998,0.013450594930160372,15.58
4,2,-51.87,-36.06,0.0,1.44,0.159,1933.0,1.0,0.0046559751681324365,0.01189860320744956,0.017071908949818936,14.99
1,2,-71.26,-0.96,52.6,1.44,0.159,1933.0,0.5,0.004138644593895499,0.008277289187790998,0.012933264355923435,15.27
15,2,-80.17,-8.93,81.9,1.44,0.159,1933.0,1.0,0.004138644593895499,0.006207966890843249,0.010863942058975685,14.68
9,5,-93.32,-23.31,25.9,1.44,0.159,1933.0,1.0,0.004138644593895499,0.009311950336264873,0.01396792550439731,14.97
5,6,165.86,168.2,25.2,1.44,0.159,1933.0,1.0,0.0031039834454216243,0.006725297465080186,0.010346611484738748,16.91
8,6,-87.15,-18.6,191.4,1.44,0.159,1933.0,1.0,0.004138644593895499,0.0046559751681324365,0.009311950336264873,23.75
3,6,-145.43,108.23,140.7,1.44,0.159,1933.0,1.0,0.004138644593895499,0.00982928091050181,0.014485256078634247,18.0
9,4,-128.2,137.65,0.2,1.44,0.159,1933.0,1.0,0.004138644593895499,0.009311950336264873,0.01396792550439731,10.9
8,4,-102.73,120.12,24.0,1.44,0.159,1933.0,1.0,0.004138644593895499,0.007242628039317123,0.01189860320744956,9.79
17,4,-101.12,138.14,0.0,1.44,0.159,1933.0,1.0,0.0046559751681324365,0.008277289187790998,0.013450594930160372,9.72
17,4,-145.11,145.24,0.0,1.44,0.159,1933.0,1.0,0.0046559751681324365,0.008277289187790998,0.013450594930160372,8.54
5,4,178.02,151.14,1.1,1.44,0.159,1933.0,1.0,0.0031039834454216243,0.010863942058975685,0.014485256078634247,12.14
11,4,-89.91,109.12,19.4,1.44,0.159,1933.0,1.0,0.0046559751681324365,0.008277289187790998,0.013450594930160372,13.17
9,5,-95.27,125.99,8.6,1.44,0.159,1933.0,1.0,0.0046559751681324365,0.008794619762027936,0.01396792550439731,13.16
12,6,-59.77,144.37,52.0,1.44,0.159,1933.0,1.0,0.0046559751681324365,0.005173305742369374,0.010346611484738748,20.9
19,6,-51.54,-40.14,173.3,1.44,0.159,1933.0,1.0,0.004138644593895499,0.008794619762027936,0.013450594930160372,26.63
11,6,-86.35,1.74,106.6,1.44,0.159,1933.0,1.0,0.0046559751681324365,0.008277289187790998,0.013450594930160372,24.8
17,3,-131.87,-1.25,40.9,1.44,0.159,1933.0,1.0,0.0046559751681324365,0.008794619762027936,0.01396792550439731,19.02
0,3,-55.06,-49.84,2.8,1.44,0.159,1933.0,1.0,0.0036213140196585617,0.008794619762027936,0.012933264355923435,13.63
15,3,-65.17,-36.6,54.1,1.44,0.159,1933.0,0.5,0.004138644593895499,0.007242628039317123,0.01189860320744956,14.75
9,3,-66.07,-44.54,82.0,1.44,0.159,1933.0,0.5,0.0046559751681324365,0.008277289187790998,0.013450594930160372,17.04
7,3,-63.74,-41.28,5.6,1.44,0.159,1933.0,1.0,0.0046559751681324365,0.010346611484738748,0.015519917227108122,11.72
7,3,-66.22,-43.99,0.0,1.44,0.159,1933.0,1.0,0.0046559751681324365,0.00982928091050181,0.015002586652871184,11.32
3,3,-56.27,-45.57,13.6,1.44,0.159,1933.0,1.0,0.004138644593895499,0.01189860320744956,0.016554578375581996,11.84
11,3,-63.47,-36.66,14.4,1.44,0.159,1933.0,1.0,0.0046559751681324365,0.01189860320744956,0.017071908949818936,12.47
16,3,-58.98,-43.25,0.2,1.44,0.159,1933.0,1.0,0.0046559751681324365,0.008794619762027936,0.01396792550439731,10.96
17,3,-62.51,-40.87,0.0,1.44,0.159,1933.0,1.0,0.0046559751681324365,0.00982928091050181,0.015002586652871184,11.79
19,3,-59.72,-25.78,59.5,1.44,0.159,1933.0,1.0,0.004138644593895499,0.010346611484738748,0.015002586652871184,13.62
11,3,-100.98,20.52,15.3,1.44,0.159,1933.0,1.0,0.004138644593895499,0.008794619762027936,0.013450594930160372,12.57
8,2,-57.19,-27.97,17.4,1.44,0.159,1933.0,1.0,0.004138644593895499,0.012933264355923435,0.01758923952405587,12.53
2,2,-63.02,-19.17,119.8,1.44,0.159,1933.0,1.0,0.0046559751681324365,0.006725297465080186,0.01189860320744956,15.25
1,2,-125.26,15.62,5.2,1.44,0.159,1933.0,0.5,0.004138644593895499,0.010346611484738748,0.015002586652871184,11.12
17,5,-127.91,91.44,0.4,1.44,0.159,1933.0,1.0,0.005173305742369374,0.00982928091050181,0.015519917227108122,10.38
12,5,-78.09,-16.55,41.2,1.44,0.159,1933.0,1.0,0.0046559751681324365,0.006725297465080186,0.01189860320744956,12.06
9,4,-155.15,136.55,16.8,1.44,0.159,1933.0,1.0,0.004138644593895499,0.008794619762027936,0.013450594930160372,8.91
0,4,-141.11,143.3,0.0,1.44,0.159,1933.0,1.0,0.0036213140196585617,0.010346611484738748,0.014485256078634247,8.7
17,4,-126.03,121.4,0.2,1.44,0.159,1933.0,1.0,0.0046559751681324365,0.008277289187790998,0.013450594930160372,9.89
4,4,-126.46,145.34,0.2,1.44,0.159,1933.0,1.0,0.004138644593895499,0.009311950336264873,0.01396792550439731,10.54
10,4,-106.57,126.82,0.4,1.44,0.159,1933.0,1.0,0.004138644593895499,0.010863942058975685,0.015519917227108122,11.83
17,4,-142.07,171.83,2.1,1.44,0.159,1933.0,1.0,0.0046559751681324365,0.005690636316606311,0.010863942058975685,12.54
13,4,-58.54,143.87,75.2,1.44,0.159,1933.0,1.0,0.004138644593895499,0.01189860320744956,0.016554578375581996,18.32
8,3,-54.66,-40.85,64.5,1.44,0.159,1933.0,1.0,0.004138644593895499,0.01189860320744956,0.016554578375581996,21.31
3,3,-61.52,-42.2,85.3,1.44,0.159,1933.0,1.0,0.004138644593895499,0.009311950336264873,0.01396792550439731,25.84
17,3,-62.56,-43.42,28.0,1.44,0.159,1933.0,1.0,0.0046559751681324365,0.008794619762027936,0.01396792550439731,18.86
0,3,-62.14,-43.85,0.0,1.44,0.159,1933.0,1.0,0.0036213140196585617,0.010863942058975685,0.015002586652871184,14.17
3,3,-64.82,-41.15,33.1,1.44,0.159,1933.0,1.0,0.004138644593895499,0.00982928091050181,0.014485256078634247,17.71
8,3,-60.84,-46.65,81.6,1.44,0.159,1933.0,1.0,0.004138644593895499,0.01396792550439731,0.018623900672529746,16.79
9,3,-60.04,-39.43,2.4,1.44,0.159,1933.0,1.0,0.004138644593895499,0.009311950336264873,0.01396792550439731,14.02
13,3,-63.48,-36.59,44.5,1.44,0.159,1933.0,1.0,0.004138644593895499,0.00982928091050181,0.014485256078634247,15.69
5,6,84.48,10.92,25.7,1.44,0.159,1933.0,1.0,0.0031039834454216243,0.012933264355923435,0.016554578375581996,16.21
8,6,-96.96,-49.64,172.6,1.44,0.159,1933.0,1.0,0.004138644593895499,0.005690636316606311,0.010346611484738748,21.91
8,6,-91.37,-15.69,156.1,1.44,0.159,1933.0,1.0,0.004138644593895499,0.004138644593895499,0.008794619762027936,22.51
2,6,-167.2,174.69,49.1,1.44,0.159,1933.0,1.0,0.0046559751681324365,0.008277289187790998,0.013450594930160372,19.8
16,5,-161.75,-173.94,15.9,1.44,0.159,1933.0,1.0,0.0046559751681324365,0.008277289187790998,0.013450594930160372,14.19
5,5,174.24,173.58,7.1,1.44,0.159,1933.0,1.0,0.0031039834454216243,0.00982928091050181,0.013450594930160372,13.06
18,3,-61.93,-40.88,61.0,1.44,0.159,1933.0,1.0,0.004138644593895499,0.01189860320744956,0.016554578375581996,10.73
9,3,-65.2,-38.86,14.0,1.44,0.159,1933.0,1.0,0.004138644593895499,0.012415933781686497,0.017071908949818936,12.54
15,3,-56.03,-47.85,1.1,1.44,0.159,1933.0,1.0,0.004138644593895499,0.01396792550439731,0.018623900672529746,9.96
17,3,-68.01,-42.85,0.8,1.44,0.159,1933.0,1.0,0.0046559751681324365,0.010863942058975685,0.01603724780134506,9.81
4,3,-54.87,-51.11,0.0,1.44,0.159,1933.0,1.0,0.004138644593895499,0.012415933781686497,0.017071908949818936,11.56
17,3,-63.0,-49.48,0.0,1.44,0.159,1933.0,1.0,0.0046559751681324365,0.009311950336264873,0.014485256078634247,8.69
14,3,-72.16,-14.17,43.5,1.44,0.159,1933.0,1.0,0.004138644593895499,0.01189860320744956,0.016554578375581996,10.94
16,3,-64.13,-29.95,0.4,1.44,0.159,1933.0,1.0,0.0046559751681324365,0.00982928091050181,0.015002586652871184,10.47
4,5,-118.09,-14.0,0.0,1.44,0.159,1933.0,1.0,0.004138644593895499,0.014485256078634247,0.019141231246766685,9.39
19,4,-135.38,151.65,0.2,1.44,0.159,1933.0,1.0,0.004138644593895499,0.014485256078634247,0.019141231246766685,9.72
2,4,-89.62,138.0,62.8,1.44,0.159,1933.0,1.0,0.0046559751681324365,0.006725297465080186,0.01189860320744956,11.28
17,4,-111.38,119.63,20.9,1.44,0.159,1933.0,1.0,0.0046559751681324365,0.006207966890843249,0.011381272633212623,13.69
11,4,-111.17,124.0,74.9,1.44,0.159,1933.0,1.0,0.004138644593895499,0.007759958613554061,0.012415933781686497,18.59
19,4,-87.55,109.9,59.3,1.44,0.159,1933.0,1.0,0.004138644593895499,0.008794619762027936,0.013450594930160372,20.39
17,4,-83.42,-52.62,40.0,1.44,0.159,1933.0,1.0,0.0046559751681324365,0.006725297465080186,0.01189860320744956,20.46
10,4,-164.57,155.35,55.0,1.44,0.159,1933.0,1.0,0.004138644593895499,0.008277289187790998,0.012933264355923435,21.64
16,4,-88.84,145.18,54.1,1.44,0.159,1933.0,1.0,0.0046559751681324365,0.007759958613554061,0.012933264355923435,24.36
17,4,-127.06,101.22,0.4,1.44,0.159,1933.0,1.0,0.005173305742369374,0.008794619762027936,0.014485256078634247,18.84
12,5,-62.21,157.11,43.1,1.44,0.159,1933.0,1.0,0.005173305742369374,0.008277289187790998,0.01396792550439731,19.5
12,2,-54.33,-29.95,35.1,1.44,0.159,1933.0,1.0,0.0046559751681324365,0.009311950336264873,0.014485256078634247,21.38
14,2,-63.19,-16.54,232.6,1.44,0.159,1933.0,1.0,0.004138644593895499,0.006207966890843249,0.010863942058975685,28.66
4,2,-80.79,-1.93,84.7,1.44,0.159,1933.0,1.0,0.004138644593895499,0.00982928091050181,0.014485256078634247,22.52
4,4,-121.98,145.45,9.0,1.44,0.159,1933.0,1.0,0.004138644593895499,0.012415933781686497,0.017071908949818936,19.0
17,4,-130.8,121.2,89.4,1.44,0.159,1933.0,1.0,0.005173305742369374,0.008277289187790998,0.01396792550439731,19.69
12,6,-70.6,147.71,85.7,1.44,0.159,1933.0,1.0,0.005173305742369374,0.005690636316606311,0.011381272633212623,21.21
12,6,-67.56,142.42,71.5,1.44,0.159,1933.0,0.5,0.005173305742369374,0.009311950336264873,0.015002586652871184,21.05
12,5,-71.79,165.94,41.8,1.44,0.159,1933.0,1.0,0.0046559751681324365,0.005173305742369374,0.010346611484738748,23.24
8,5,-80.37,-16.01,205.6,1.44,0.159,1933.0,1.0,0.0046559751681324365,0.005173305742369374,0.010346611484738748,30.5
17,5,-129.17,163.18,69.4,1.44,0.159,1933.0,1.0,0.0046559751681324365,0.005690636316606311,0.010863942058975685,29.18
13,5,-69.96,153.19,67.0,1.44,0.159,1933.0,0.5,0.004138644593895499,0.00982928091050181,0.014485256078634247,24.15
15,4,-109.71,179.8,10.8,1.44,0.159,1933.0,1.0,0.004138644593895499,0.010863942058975685,0.015519917227108122,17.56
0,4,-155.32,152.8,0.0,1.44,0.159,1933.0,1.0,0.0036213140196585617,0.01189860320744956,0.01603724780134506,14.09
17,4,-104.47,130.63,0.0,1.44,0.159,1933.0,1.0,0.0046559751681324365,0.009311950336264873,0.014485256078634247,12.13
7,4,-123.11,151.45,0.4,1.44,0.159,1933.0,1.0,0.0046559751681324365,0.009311950336264873,0.014485256078634247,14.64
8,4,-122.29,125.25,44.3,1.44,0.159,1933.0,1.0,0.004138644593895499,0.011381272633212623,0.01603724780134506,11.79
9,4,-102.97,127.43,0.0,1.44,0.159,1933.0,0.5,0.004138644593895499,0.010346611484738748,0.015002586652871184,10.38
17,4,-120.85,122.02,51.9,1.44,0.159,1933.0,1.0,0.0046559751681324365,0.008277289187790998,0.013450594930160372,11.78
8,4,-56.08,129.3,63.0,1.44,0.159,1933.0,1.0,0.004138644593895499,0.010863942058975685,0.015519917227108122,10.12
11,5,-160.08,92.06,65.6,1.44,0.159,1933.0,1.0,0.0046559751681324365,0.009311950336264873,0.014485256078634247,12.84
3,5,-82.32,109.72,80.6,1.44,0.159,1933.0,1.0,0.004138644593895499,0.010863942058975685,0.015519917227108122,13.59
8,5,-90.47,-25.07,67.1,1.44,0.159,1933.0,1.0,0.004138644593895499,0.008277289187790998,0.012933264355923435,13.18
4,6,-140.25,141.78,43.0,1.44,0.159,1933.0,1.0,0.0046559751681324365,0.008794619762027936,0.01396792550439731,15.93
12,6,-81.91,67.8,92.8,1.44,0.159,1933.0,1.0,0.0046559751681324365,0.004138644593895499,0.009311950336264873,23.75
17,6,-79.27,121.96,10.2,1.44,0.159,1933.0,1.0,0.0046559751681324365,0.005690636316606311,0.010863942058975685,24.15
8,6,-89.45,-46.63,196.2,1.44,0.159,1933.0,1.0,0.004138644593895499,0.005690636316606311,0.010346611484738748,29.73
2,6,-101.1,92.21,81.6,1.44,0.159,1933.0,1.0,0.0046559751681324365,0.007242628039317123,0.012415933781686497,23.56
9,3,-62.94,-37.28,22.9,1.44,0.159,1933.0,1.0,0.0046559751681324365,0.009311950336264873,0.014485256078634247,17.89
8,3,-63.02,-38.96,124.8,1.44,0.159,1933.0,1.0,0.004138644593895499,0.008794619762027936,0.013450594930160372,22.02
11,3,-71.84,-36.56,35.0,1.44,0.159,1933.0,1.0,0.0046559751681324365,0.011381272633212623,0.016554578375581996,18.27
19,3,-64.76,-44.0,0.6,1.44,0.159,1933.0,1.0,0.004138644593895499,0.012933264355923435,0.01758923952405587,12.96
8,3,-57.21,-42.06,55.9,1.44,0.159,1933.0,1.0,0.004138644593895499,0.012933264355923435,0.01758923952405587,18.64
8,3,-55.62,-45.72,145.7,1.44,0.159,1933.0,1.0,0.004138644593895499,0.009311950336264873,0.01396792550439731,18.16
4,3,-65.41,-46.94,20.6,1.44,0.159,1933.0,1.0,0.004138644593895499,0.009311950336264873,0.01396792550439731,13.88
9,3,-67.18,-44.77,0.0,1.44,0.159,1933.0,1.0,0.004138644593895499,0.011381272633212623,0.01603724780134506,12.57
16,3,-56.91,-48.28,36.9,1.44,0.159,1933.0,0.5,0.0046559751681324365,0.010346611484738748,0.015519917227108122,12.95
8,3,-59.46,-50.21,138.3,1.44,0.159,1933.0,1.0,0.004138644593895499,0.00982928091050181,0.014485256078634247,15.76
7,3,-67.9,-23.25,3.3,1.44,0.159,1933.0,1.0,0.0046559751681324365,0.008277289187790998,0.013450594930160372,12.41
4,3,-87.17,-10.89,22.1,1.44,0.159,1933.0,1.0,0.004138644593895499,0.010863942058975685,0.015519917227108122,12.52
13,6,-58.95,142.26,109.9,1.44,0.159,1933.0,1.0,0.004138644593895499,0.008794619762027936,0.013450594930160372,16.51
11,6,53.32,64.53,107.5,1.44,0.159,1933.0,1.0,0.0046559751681324365,0.007242628039317123,0.012415933781686497,20.78
14,6,-60.42,-26.08,128.9,1.44,0.159,1933.0,1.0,0.004138644593895499,0.007759958613554061,0.012415933781686497,17.54
14,6,-81.97,-13.3,180.0,1.44,0.159,1933.0,0.5,0.004138644593895499,0.007759958613554061,0.012415933781686497,15.73
8,6,-73.92,134.77,79.9,1.44,0.159,1933.0,1.0,0.004138644593895499,0.007759958613554061,0.012415933781686497,16.9
17,1,-60.11,147.69,15.7,1.44,0.159,1933.0,1.0,0.0046559751681324365,0.008277289187790998,0.013450594930160372,14.89
9,2,-63.63,-27.93,0.0,1.44,0.159,1933.0,1.0,0.004138644593895499,0.010346611484738748,0.015002586652871184,13.57
14,2,-65.54,-15.41,116.7,1.44,0.159,1933.0,1.0,0.004138644593895499,0.00982928091050181,0.014485256078634247,17.08
8,2,-88.31,-8.2,127.3,1.44,0.159,1933.0,1.0,0.004138644593895499,0.007759958613554061,0.012415933781686497,16.36
8,5,-118.87,-24.13,35.0,1.44,0.159,1933.0,1.0,0.004138644593895499,0.007759958613554061,0.012415933781686497,16.68
7,5,-135.28,132.76,12.7,1.44,0.159,1933.0,1.0,0.0046559751681324365,0.007242628039317123,0.012415933781686497,16.39
12,5,-53.97,132.81,77.2,1.44,0.159,1933.0,1.0,0.0046559751681324365,0.0046559751681324365,0.00982928091050181,18.0
3,3,-50.33,-38.64,90.3,1.44,0.159,1933.0,1.0,0.004138644593895499,0.008794619762027936,0.013450594930160372,22.1
3,3,-50.1,-46.88,149.7,1.44,0.159,1933.0,1.0,0.004138644593895499,0.007242628039317123,0.01189860320744956,26.96
9,3,-71.94,-37.98,17.8,1.44,0.159,1933.0,1.0,0.004138644593895499,0.009311950336264873,0.01396792550439731,21.84
9,3,-60.58,-44.09,0.0,1.44,0.159,1933.0,1.0,0.004138644593895499,0.010863942058975685,0.015519917227108122,19.41
8,3,-64.65,-40.35,119.9,1.44,0.159,1933.0,1.0,0.004138644593895499,0.008794619762027936,0.013450594930160372,27.12
3,3,-62.97,-32.62,128.1,1.44,0.159,1933.0,1.0,0.004138644593895499,0.008277289187790998,0.012933264355923435,30.77
0,3,-86.29,-0.55,7.0,1.44,0.159,1933.0,1.0,0.0036213140196585617,0.00982928091050181,0.01396792550439731,25.81
5,5,72.3,28.8,67.6,1.44,0.159,1933.0,1.0,0.0031039834454216243,0.007759958613554061,0.011381272633212623,26.26
7,5,-105.95,134.82,10.7,1.44,0.159,1933.0,1.0,0.0046559751681324365,0.005690636316606311,0.010863942058975685,22.46
11,6,-63.45,121.35,101.1,1.44,0.159,1933.0,1.0,0.005173305742369374,0.006207966890843249,0.01189860320744956,22.85
12,6,-57.12,-20.56,17.6,1.44,0.159,1933.0,1.0,0.0046559751681324365,0.011381272633212623,0.016554578375581996,22.44
2,6,-98.3,3.37,84.4,1.44,0.159,1933.0,1.0,0.0046559751681324365,0.007759958613554061,0.012933264355923435,21.25
0,6,-68.48,162.99,25.9,1.44,0.159,1933.0,1.0,0.0036213140196585617,0.007759958613554061,0.01189860320744956,14.97
14,1,-115.37,158.81,103.5,1.44,0.159,1933.0,1.0,0.004138644593895499,0.008794619762027936,0.013450594930160372,11.72
17,2,-55.87,-36.34,0.5,1.44,0.159,1933.0,1.0,0.0046559751681324365,0.007242628039317123,0.012415933781686497,8.92
3,2,-69.85,-9.23,55.3,1.44,0.159,1933.0,1.0,0.004138644593895499,0.009311950336264873,0.01396792550439731,11.96
13,2,-97.55,-3.28,136.5,1.44,0.159,1933.0,1.0,0.004138644593895499,0.007242628039317123,0.01189860320744956,10.69
9,5,-75.45,149.54,20.9,1.44,0.159,1933.0,1.0,0.004138644593895499,0.008794619762027936,0.013450594930160372,12.25
15,5,-91.18,165.34,50.3,1.44,0.159,1933.0,1.0,0.004138644593895499,0.006725297465080186,0.011381272633212623,14.22
9,3,-54.59,-46.56,32.5,1.44,0.159,1933.0,0.5,0.004138644593895499,0.007759958613554061,0.012415933781686497,13.39
3,3,-55.29,-40.81,120.3,1.44,0.159,1933.0,1.0,0.004138644593895499,0.00982928091050181,0.014485256078634247,17.55
2,3,-57.89,-45.4,25.5,1.44,0.159,1933.0,1.0,0.0046559751681324365,0.011381272633212623,0.016554578375581996,12.83
4,3,-63.04,-41.64,3.0,1.44,0.159,1933.0,1.0,0.004138644593895499,0.010863942058975685,0.015519917227108122,11.39
4,3,-69.75,-43.6,28.9,1.44,0.159,1933.0,1.0,0.004138644593895499,0.00982928091050181,0.014485256078634247,14.98
8,3,-64.47,-41.13,57.7,1.44,0.159,1933.0,1.0,0.004138644593895499,0.009311950336264873,0.01396792550439731,17.45
9,3,-60.69,-49.04,0.0,1.44,0.159,1933.0,0.5,0.004138644593895499,0.01189860320744956,0.016554578375581996,12.32
19,3,-52.35,-46.85,9.2,1.44,0.159,1933.0,1.0,0.004138644593895499,0.013450594930160372,0.01810657009829281,14.0
14,3,-65.46,-40.31,90.6,1.44,0.159,1933.0,0.5,0.0046559751681324365,0.010346611484738748,0.015519917227108122,18.56
9,3,-63.38,-41.73,30.7,1.44,0.159,1933.0,1.0,0.004138644593895499,0.00982928091050181,0.014485256078634247,20.28
7,3,-72.26,-34.87,53.1,1.44,0.159,1933.0,1.0,0.0046559751681324365,0.009311950336264873,0.014485256078634247,27.27
3,3,-72.39,-31.05,92.9,1.44,0.159,1933.0,1.0,0.004138644593895499,0.009311950336264873,0.01396792550439731,31.76
2,3,-81.37,-9.16,134.1,1.44,0.159,1933.0,1.0,0.0046559751681324365,0.007242628039317123,0.012415933781686497,36.99
15,5,-79.18,360.0,117.1,1.44,0.159,1933.0,1.0,0.0036213140196585617,0.004138644593895499,0.008277289187790998,42.33
