0.0,0.0,0.0,0.0,0.0,0.0,0.0,0.0,0.0,0.0,1.0,0.0,0.0,0.0,0.0,0.0,0.0,0.0,0.0,0.0,0.0,0.0,0.0,0.0,0.0,1.0,0.0,360.0,-95.3,157.0,1.1,0.144,1642.0,0.5,0.0042630937880633,0.0042630937880633,0.0091352009744214
0.0,0.0,0.0,0.0,0.0,0.0,0.0,0.0,0.0,0.0,0.0,0.0,0.0,0.0,0.0,0.0,0.0,1.0,0.0,0.0,0.0,0.0,0.0,0.0,0.0,1.0,0.0,-143.49,127.84,39.2,1.1,0.144,1642.0,1.0,0.0054811205846528,0.0073081607795371,0.0133982947624847
0.0,0.0,0.0,0.0,0.0,0.0,0.0,0.0,1.0,0.0,0.0,0.0,0.0,0.0,0.0,0.0,0.0,0.0,0.0,0.0,0.0,0.0,0.0,0.0,1.0,0.0,0.0,-102.11,128.28,125.7,1.1,0.144,1642.0,1.0,0.0048721071863581,0.0073081607795371,0.01278928136419
0.0,0.0,0.0,0.0,0.0,0.0,0.0,0.0,0.0,0.0,0.0,0.0,0.0,1.0,0.0,0.0,0.0,0.0,0.0,0.0,0.0,0.0,0.0,0.0,1.0,0.0,0.0,-75.61,126.94,74.7,1.1,0.144,1642.0,1.0,0.0048721071863581,0.0103532277710109,0.0158343483556638
0.0,0.0,0.0,0.0,0.0,0.0,0.0,1.0,0.0,0.0,0.0,0.0,0.0,0.0,0.0,0.0,0.0,0.0,0.0,0.0,0.0,0.0,0.0,0.0,0.0,1.0,0.0,-109.96,119.48,1.1,1.1,0.144,1642.0,1.0,0.0054811205846528,0.0091352009744214,0.015225334957369
0.0,0.0,0.0,1.0,0.0,0.0,0.0,0.0,0.0,0.0,0.0,0.0,0.0,0.0,0.0,0.0,0.0,0.0,0.0,0.0,0.0,0.0,0.0,0.0,0.0,1.0,0.0,-116.7,11.36,125.0,1.1,0.144,1642.0,1.0,0.0048721071863581,0.0079171741778319,0.0133982947624847
0.0,0.0,0.0,0.0,0.0,0.0,0.0,0.0,0.0,0.0,0.0,0.0,0.0,0.0,0.0,1.0,0.0,0.0,0.0,0.0,0.0,0.0,0.0,0.0,0.0,1.0,0.0,-162.53,165.49,46.0,1.1,0.144,1642.0,1.0,0.0048721071863581,0.0060901339829476,0.0115712545676004
0.0,0.0,0.0,0.0,0.0,0.0,0.0,0.0,1.0,0.0,0.0,0.0,0.0,0.0,0.0,0.0,0.0,0.0,0.0,0.0,0.0,0.0,0.0,1.0,0.0,0.0,0.0,-63.43,-39.52,86.4,1.1,0.144,1642.0,0.5,0.0048721071863581,0.0085261875761266,0.0140073081607795
0.0,0.0,0.0,0.0,0.0,0.0,0.0,0.0,0.0,0.0,0.0,0.0,0.0,0.0,0.0,0.0,1.0,0.0,0.0,0.0,0.0,0.0,0.0,1.0,0.0,0.0,0.0,-61.32,-44.39,89.5,1.1,0.144,1642.0,0.5,0.0054811205846528,0.0085261875761266,0.0146163215590742
1.0,0.0,0.0,0.0,0.0,0.0,0.0,0.0,0.0,0.0,0.0,0.0,0.0,0.0,0.0,0.0,0.0,0.0,0.0,0.0,0.0,0.0,0.0,1.0,0.0,0.0,0.0,-65.11,-35.81,25.1,1.1,0.144,1642.0,1.0,0.0042630937880633,0.01278928136419,0.0176613885505481
0.0,0.0,0.0,0.0,1.0,0.0,0.0,0.0,0.0,0.0,0.0,0.0,0.0,0.0,0.0,0.0,0.0,0.0,0.0,0.0,0.0,0.0,0.0,1.0,0.0,0.0,0.0,-64.64,-50.18,18.2,1.1,0.144,1642.0,1.0,0.0054811205846528,0.0133982947624847,0.0194884287454324
0.0,0.0,0.0,0.0,0.0,0.0,0.0,0.0,0.0,0.0,0.0,0.0,0.0,1.0,0.0,0.0,0.0,0.0,0.0,0.0,0.0,0.0,0.0,1.0,0.0,0.0,0.0,-61.95,-41.76,107.2,1.1,0.144,1642.0,1.0,0.0048721071863581,0.0115712545676004,0.0170523751522533
0.0,0.0,0.0,1.0,0.0,0.0,0.0,0.0,0.0,0.0,0.0,0.0,0.0,0.0,0.0,0.0,0.0,0.0,0.0,0.0,0.0,0.0,0.0,1.0,0.0,0.0,0.0,-58.51,-42.91,119.1,1.1,0.144,1642.0,1.0,0.0048721071863581,0.01278928136419,0.0182704019488428
1.0,0.0,0.0,0.0,0.0,0.0,0.0,0.0,0.0,0.0,0.0,0.0,0.0,0.0,0.0,0.0,0.0,0.0,0.0,0.0,0.0,0.0,0.0,1.0,0.0,0.0,0.0,-65.31,-41.84,15.8,1.1,0.144,1642.0,1.0,0.0042630937880633,0.0091352009744214,0.0140073081607795
0.0,0.0,0.0,0.0,0.0,0.0,0.0,0.0,0.0,1.0,0.0,0.0,0.0,0.0,0.0,0.0,0.0,0.0,0.0,0.0,0.0,0.0,0.0,1.0,0.0,0.0,0.0,-64.98,-41.21,11.2,1.1,0.144,1642.0,1.0,0.0048721071863581,0.0109622411693057,0.0164433617539585
0.0,0.0,1.0,0.0,0.0,0.0,0.0,0.0,0.0,0.0,0.0,0.0,0.0,0.0,0.0,0.0,0.0,0.0,0.0,0.0,0.0,0.0,0.0,1.0,0.0,0.0,0.0,-62.66,-43.58,118.1,1.1,0.144,1642.0,0.5,0.0054811205846528,0.0085261875761266,0.0146163215590742
1.0,0.0,0.0,0.0,0.0,0.0,0.0,0.0,0.0,0.0,0.0,0.0,0.0,0.0,0.0,0.0,0.0,0.0,0.0,0.0,0.0,0.0,0.0,1.0,0.0,0.0,0.0,-70.99,-26.84,86.9,1.1,0.144,1642.0,1.0,0.0042630937880633,0.0085261875761266,0.0133982947624847
1.0,0.0,0.0,0.0,0.0,0.0,0.0,0.0,0.0,0.0,0.0,0.0,0.0,0.0,0.0,0.0,0.0,0.0,0.0,0.0,0.0,0.0,0.0,1.0,0.0,0.0,0.0,-62.05,-21.63,7.6,1.1,0.144,1642.0,1.0,0.0042630937880633,0.0103532277710109,0.015225334957369
0.0,0.0,0.0,0.0,0.0,1.0,0.0,0.0,0.0,0.0,0.0,0.0,0.0,0.0,0.0,0.0,0.0,0.0,0.0,0.0,0.0,0.0,0.0,0.0,0.0,0.0,1.0,62.57,-125.12,41.0,1.1,0.144,1642.0,1.0,0.0036540803897685,0.0060901339829476,0.0103532277710109
0.0,0.0,1.0,0.0,0.0,0.0,0.0,0.0,0.0,0.0,0.0,0.0,0.0,0.0,0.0,0.0,0.0,0.0,0.0,0.0,0.0,0.0,0.0,0.0,0.0,0.0,1.0,-94.0,0.58,105.6,1.1,0.144,1642.0,1.0,0.0054811205846528,0.0066991473812423,0.01278928136419
0.0,0.0,0.0,0.0,0.0,0.0,0.0,0.0,1.0,0.0,0.0,0.0,0.0,0.0,0.0,0.0,0.0,0.0,0.0,0.0,0.0,0.0,0.0,0.0,0.0,0.0,1.0,-72.21,142.65,102.9,1.1,0.144,1642.0,1.0,0.0048721071863581,0.0097442143727162,0.015225334957369
0.0,0.0,0.0,0.0,0.0,0.0,0.0,0.0,0.0,1.0,0.0,0.0,0.0,0.0,0.0,0.0,0.0,0.0,0.0,0.0,0.0,0.0,0.0,0.0,1.0,0.0,0.0,-60.76,136.33,1.5,1.1,0.144,1642.0,1.0,0.0048721071863581,0.0097442143727162,0.015225334957369
0.0,0.0,0.0,0.0,0.0,0.0,0.0,0.0,0.0,0.0,0.0,0.0,0.0,0.0,0.0,0.0,0.0,1.0,0.0,0.0,0.0,0.0,0.0,0.0,1.0,0.0,0.0,-114.87,133.43,2.2,1.1,0.144,1642.0,1.0,0.0054811205846528,0.0140073081607795,0.0200974421437271
0.0,0.0,0.0,0.0,0.0,0.0,0.0,0.0,0.0,0.0,0.0,0.0,0.0,0.0,0.0,0.0,0.0,1.0,0.0,0.0,0.0,0.0,0.0,0.0,1.0,0.0,0.0,-120.25,125.61,0.0,1.1,0.144,1642.0,0.5,0.0054811205846528,0.0103532277710109,0.0164433617539585
0.0,0.0,0.0,0.0,0.0,0.0,0.0,0.0,0.0,0.0,0.0,0.0,0.0,0.0,0.0,0.0,0.0,1.0,0.0,0.0,0.0,0.0,0.0,0.0,1.0,0.0,0.0,-115.22,124.64,0.0,1.1,0.144,1642.0,1.0,0.0054811205846528,0.0103532277710109,0.0164433617539585
0.0,0.0,1.0,0.0,0.0,0.0,0.0,0.0,0.0,0.0,0.0,0.0,0.0,0.0,0.0,0.0,0.0,0.0,0.0,0.0,0.0,0.0,0.0,0.0,1.0,0.0,0.0,-97.09,109.76,1.2,1.1,0.144,1642.0,1.0,0.0054811205846528,0.0133982947624847,0.0194884287454324
0.0,0.0,0.0,0.0,1.0,0.0,0.0,0.0,0.0,0.0,0.0,0.0,0.0,0.0,0.0,0.0,0.0,0.0,0.0,0.0,0.0,0.0,0.0,0.0,1.0,0.0,0.0,-86.77,112.94,0.0,1.1,0.144,1642.0,1.0,0.0048721071863581,0.0133982947624847,0.0188794153471376
0.0,0.0,0.0,0.0,0.0,0.0,0.0,0.0,0.0,0.0,0.0,0.0,0.0,0.0,0.0,1.0,0.0,0.0,0.0,0.0,0.0,0.0,0.0,0.0,1.0,0.0,0.0,-135.2,160.41,4.2,1.1,0.144,1642.0,0.5,0.0048721071863581,0.0109622411693057,0.0164433617539585
1.0,0.0,0.0,0.0,0.0,0.0,0.0,0.0,0.0,0.0,0.0,0.0,0.0,0.0,0.0,0.0,0.0,0.0,0.0,0.0,0.0,0.0,0.0,0.0,0.0,0.0,1.0,-131.75,130.85,0.0,1.1,0.144,1642.0,1.0,0.0042630937880633,0.0121802679658952,0.0170523751522533
0.0,0.0,0.0,0.0,0.0,0.0,0.0,0.0,0.0,0.0,0.0,0.0,0.0,0.0,0.0,0.0,1.0,0.0,0.0,0.0,0.0,0.0,0.0,0.0,0.0,0.0,1.0,-63.22,-32.17,80.3,1.1,0.144,1642.0,0.5,0.0054811205846528,0.0042630937880633,0.0103532277710109
0.0,0.0,0.0,0.0,0.0,0.0,0.0,0.0,0.0,0.0,0.0,0.0,0.0,0.0,0.0,0.0,0.0,0.0,1.0,0.0,0.0,0.0,0.0,0.0,0.0,0.0,1.0,-77.13,-12.1,10.0,1.1,0.144,1642.0,1.0,0.0048721071863581,0.0121802679658952,0.0176613885505481
0.0,1.0,0.0,0.0,0.0,0.0,0.0,0.0,0.0,0.0,0.0,0.0,0.0,0.0,0.0,0.0,0.0,0.0,0.0,0.0,0.0,0.0,0.0,0.0,0.0,0.0,1.0,-89.57,123.72,0.0,1.1,0.144,1642.0,1.0,0.0048721071863581,0.0133982947624847,0.0188794153471376
0.0,0.0,0.0,0.0,0.0,1.0,0.0,0.0,0.0,0.0,0.0,0.0,0.0,0.0,0.0,0.0,0.0,0.0,0.0,0.0,0.0,0.0,0.0,1.0,0.0,0.0,0.0,-53.01,-50.47,32.3,1.1,0.144,1642.0,1.0,0.0036540803897685,0.0091352009744214,0.0133982947624847
0.0,0.0,0.0,0.0,0.0,0.0,0.0,0.0,0.0,0.0,0.0,0.0,1.0,0.0,0.0,0.0,0.0,0.0,0.0,0.0,0.0,0.0,0.0,1.0,0.0,0.0,0.0,-62.45,-30.33,33.4,1.1,0.144,1642.0,1.0,0.0054811205846528,0.0085261875761266,0.0146163215590742
0.0,1.0,0.0,0.0,0.0,0.0,0.0,0.0,0.0,0.0,0.0,0.0,0.0,0.0,0.0,0.0,0.0,0.0,0.0,0.0,0.0,0.0,0.0,1.0,0.0,0.0,0.0,-67.22,-40.55,2.4,1.1,0.144,1642.0,1.0,0.0048721071863581,0.0121802679658952,0.0176613885505481
0.0,0.0,0.0,0.0,0.0,0.0,0.0,0.0,1.0,0.0,0.0,0.0,0.0,0.0,0.0,0.0,0.0,0.0,0.0,0.0,0.0,0.0,0.0,1.0,0.0,0.0,0.0,-59.81,-39.19,118.9,1.1,0.144,1642.0,1.0,0.0048721071863581,0.0091352009744214,0.0146163215590742
0.0,0.0,0.0,0.0,0.0,0.0,0.0,0.0,0.0,0.0,1.0,0.0,0.0,0.0,0.0,0.0,0.0,0.0,0.0,0.0,0.0,0.0,0.0,1.0,0.0,0.0,0.0,-67.59,-37.91,123.7,1.1,0.144,1642.0,0.5,0.0048721071863581,0.0091352009744214,0.0146163215590742
0.0,0.0,0.0,0.0,0.0,0.0,0.0,1.0,0.0,0.0,0.0,0.0,0.0,0.0,0.0,0.0,0.0,0.0,0.0,0.0,0.0,0.0,0.0,1.0,0.0,0.0,0.0,-89.24,-23.01,0.4,1.1,0.144,1642.0,1.0,0.0054811205846528,0.0109622411693057,0.0170523751522533
0.0,0.0,0.0,0.0,0.0,0.0,0.0,0.0,1.0,0.0,0.0,0.0,0.0,0.0,0.0,0.0,0.0,0.0,0.0,0.0,0.0,0.0,0.0,1.0,0.0,0.0,0.0,-51.64,-49.84,105.4,1.1,0.144,1642.0,1.0,0.0048721071863581,0.0121802679658952,0.0176613885505481
0.0,0.0,0.0,0.0,0.0,0.0,0.0,0.0,0.0,0.0,0.0,0.0,1.0,0.0,0.0,0.0,0.0,0.0,0.0,0.0,0.0,0.0,0.0,1.0,0.0,0.0,0.0,-65.96,-30.09,81.3,1.1,0.144,1642.0,1.0,0.0054811205846528,0.0091352009744214,0.015225334957369
0.0,0.0,0.0,0.0,1.0,0.0,0.0,0.0,0.0,0.0,0.0,0.0,0.0,0.0,0.0,0.0,0.0,0.0,0.0,0.0,0.0,0.0,0.0,1.0,0.0,0.0,0.0,-70.25,-54.59,30.3,1.1,0.144,1642.0,1.0,0.0048721071863581,0.0146163215590742,0.0200974421437271
0.0,0.0,0.0,0.0,1.0,0.0,0.0,0.0,0.0,0.0,0.0,0.0,0.0,0.0,0.0,0.0,0.0,0.0,0.0,0.0,0.0,0.0,0.0,1.0,0.0,0.0,0.0,-43.61,-39.59,1.2,1.1,0.144,1642.0,0.5,0.0048721071863581,0.01278928136419,0.0182704019488428
0.0,0.0,0.0,0.0,0.0,0.0,1.0,0.0,0.0,0.0,0.0,0.0,0.0,0.0,0.0,0.0,0.0,0.0,0.0,0.0,0.0,0.0,0.0,1.0,0.0,0.0,0.0,-63.17,-47.81,64.7,1.1,0.144,1642.0,0.5,0.0048721071863581,0.0140073081607795,0.0194884287454324
0.0,0.0,0.0,0.0,0.0,0.0,0.0,0.0,0.0,0.0,0.0,0.0,0.0,0.0,0.0,1.0,0.0,0.0,0.0,0.0,0.0,0.0,0.0,1.0,0.0,0.0,0.0,-59.83,-45.38,62.5,1.1,0.144,1642.0,0.5,0.0048721071863581,0.0115712545676004,0.0170523751522533
0.0,0.0,0.0,0.0,0.0,0.0,0.0,0.0,0.0,1.0,0.0,0.0,0.0,0.0,0.0,0.0,0.0,0.0,0.0,0.0,0.0,0.0,0.0,1.0,0.0,0.0,0.0,-60.22,-32.16,1.4,1.1,0.144,1642.0,0.5,0.0048721071863581,0.0133982947624847,0.0188794153471376
0.0,0.0,0.0,0.0,0.0,0.0,0.0,0.0,0.0,0.0,0.0,0.0,0.0,0.0,0.0,1.0,0.0,0.0,0.0,0.0,0.0,0.0,0.0,1.0,0.0,0.0,0.0,-67.97,-25.19,7.4,1.1,0.144,1642.0,0.5,0.0048721071863581,0.01278928136419,0.0182704019488428
0.0,0.0,0.0,1.0,0.0,0.0,0.0,0.0,0.0,0.0,0.0,0.0,0.0,0.0,0.0,0.0,0.0,0.0,0.0,0.0,0.0,0.0,0.0,1.0,0.0,0.0,0.0,-84.95,-30.86,137.0,1.1,0.144,1642.0,0.5,0.0048721071863581,0.0097442143727162,0.015225334957369
0.0,0.0,0.0,0.0,0.0,0.0,0.0,0.0,1.0,0.0,0.0,0.0,0.0,0.0,0.0,0.0,0.0,0.0,0.0,0.0,0.0,0.0,0.0,1.0,0.0,0.0,0.0,-73.44,-32.89,139.6,1.1,0.144,1642.0,0.5,0.0048721071863581,0.0091352009744214,0.0146163215590742
0.0,0.0,0.0,0.0,0.0,0.0,0.0,0.0,0.0,0.0,0.0,0.0,0.0,0.0,0.0,0.0,0.0,0.0,0.0,1.0,0.0,0.0,0.0,0.0,0.0,0.0,1.0,-112.98,70.99,40.1,1.1,0.144,1642.0,0.5,0.0048721071863581,0.0121802679658952,0.0176613885505481
0.0,0.0,0.0,0.0,0.0,0.0,0.0,0.0,0.0,0.0,0.0,0.0,0.0,0.0,0.0,1.0,0.0,0.0,0.0,0.0,0.0,0.0,0.0,0.0,0.0,0.0,1.0,-73.88,-13.32,95.6,1.1,0.144,1642.0,0.5,0.0048721071863581,0.0073081607795371,0.01278928136419
0.0,0.0,0.0,0.0,0.0,0.0,0.0,0.0,0.0,0.0,0.0,1.0,0.0,0.0,0.0,0.0,0.0,0.0,0.0,0.0,0.0,0.0,0.0,0.0,0.0,0.0,1.0,-93.41,8.67,125.5,1.1,0.144,1642.0,1.0,0.0054811205846528,0.0079171741778319,0.0140073081607795
0.0,0.0,0.0,0.0,0.0,0.0,0.0,0.0,0.0,0.0,0.0,0.0,0.0,0.0,0.0,0.0,0.0,1.0,0.0,0.0,0.0,0.0,0.0,0.0,0.0,0.0,1.0,-112.59,139.7,15.9,1.1,0.144,1642.0,1.0,0.0054811205846528,0.0091352009744214,0.015225334957369
0.0,0.0,0.0,0.0,0.0,0.0,0.0,1.0,0.0,0.0,0.0,0.0,0.0,0.0,0.0,0.0,0.0,0.0,0.0,0.0,0.0,0.0,0.0,0.0,1.0,0.0,0.0,-93.79,126.53,40.2,1.1,0.144,1642.0,0.5,0.0054811205846528,0.0085261875761266,0.0146163215590742
0.0,0.0,0.0,0.0,1.0,0.0,0.0,0.0,0.0,0.0,0.0,0.0,0.0,0.0,0.0,0.0,0.0,0.0,0.0,0.0,0.0,0.0,0.0,0.0,1.0,0.0,0.0,-110.12,125.34,6.4,1.1,0.144,1642.0,1.0,0.0048721071863581,0.0146163215590742,0.0200974421437271
0.0,0.0,0.0,0.0,0.0,0.0,0.0,0.0,0.0,1.0,0.0,0.0,0.0,0.0,0.0,0.0,0.0,0.0,0.0,0.0,0.0,0.0,0.0,0.0,1.0,0.0,0.0,-123.59,151.12,1.0,1.1,0.144,1642.0,1.0,0.0048721071863581,0.0115712545676004,0.0170523751522533
0.0,0.0,0.0,1.0,0.0,0.0,0.0,0.0,0.0,0.0,0.0,0.0,0.0,0.0,0.0,0.0,0.0,0.0,0.0,0.0,0.0,0.0,0.0,0.0,1.0,0.0,0.0,-127.71,138.33,16.0,1.1,0.144,1642.0,1.0,0.0048721071863581,0.0140073081607795,0.0194884287454324
0.0,0.0,0.0,0.0,0.0,0.0,0.0,0.0,0.0,0.0,0.0,0.0,0.0,0.0,0.0,0.0,0.0,1.0,0.0,0.0,0.0,0.0,0.0,0.0,1.0,0.0,0.0,-121.0,123.5,0.4,1.1,0.144,1642.0,1.0,0.0054811205846528,0.0091352009744214,0.015225334957369
0.0,0.0,1.0,0.0,0.0,0.0,0.0,0.0,0.0,0.0,0.0,0.0,0.0,0.0,0.0,0.0,0.0,0.0,0.0,0.0,0.0,0.0,0.0,0.0,1.0,0.0,0.0,-83.79,113.25,25.6,1.1,0.144,1642.0,1.0,0.0048721071863581,0.0097442143727162,0.015225334957369
0.0,0.0,0.0,0.0,0.0,0.0,0.0,0.0,0.0,0.0,0.0,0.0,0.0,0.0,0.0,0.0,0.0,1.0,0.0,0.0,0.0,0.0,0.0,0.0,0.0,0.0,1.0,-69.45,-27.29,0.0,1.1,0.144,1642.0,1.0,0.0054811205846528,0.0115712545676004,0.0176613885505481
0.0,0.0,1.0,0.0,0.0,0.0,0.0,0.0,0.0,0.0,0.0,0.0,0.0,0.0,0.0,0.0,0.0,0.0,0.0,0.0,0.0,0.0,0.0,0.0,0.0,0.0,1.0,-75.19,-34.38,14.1,1.1,0.144,1642.0,1.0,0.0048721071863581,0.0121802679658952,0.0176613885505481
0.0,0.0,1.0,0.0,0.0,0.0,0.0,0.0,0.0,0.0,0.0,0.0,0.0,0.0,0.0,0.0,0.0,0.0,0.0,0.0,0.0,0.0,0.0,0.0,0.0,0.0,1.0,-79.05,-44.88,105.6,1.1,0.144,1642.0,1.0,0.0054811205846528,0.0097442143727162,0.0158343483556638
0.0,1.0,0.0,0.0,0.0,0.0,0.0,0.0,0.0,0.0,0.0,0.0,0.0,0.0,0.0,0.0,0.0,0.0,0.0,0.0,0.0,0.0,0.0,0.0,0.0,0.0,1.0,-106.9,64.97,3.5,1.1,0.144,1642.0,1.0,0.0048721071863581,0.0109622411693057,0.0164433617539585
0.0,0.0,0.0,0.0,0.0,0.0,0.0,0.0,0.0,0.0,0.0,0.0,0.0,1.0,0.0,0.0,0.0,0.0,0.0,0.0,0.0,0.0,0.0,1.0,0.0,0.0,0.0,-66.13,-35.08,59.0,1.1,0.144,1642.0,1.0,0.0048721071863581,0.0140073081607795,0.0194884287454324
0.0,0.0,1.0,0.0,0.0,0.0,0.0,0.0,0.0,0.0,0.0,0.0,0.0,0.0,0.0,0.0,0.0,0.0,0.0,0.0,0.0,0.0,0.0,1.0,0.0,0.0,0.0,-67.42,-39.3,84.0,1.1,0.144,1642.0,1.0,0.0054811205846528,0.0073081607795371,0.0133982947624847
0.0,0.0,0.0,0.0,0.0,0.0,0.0,0.0,0.0,0.0,0.0,0.0,0.0,0.0,0.0,0.0,0.0,1.0,0.0,0.0,0.0,0.0,0.0,1.0,0.0,0.0,0.0,-65.23,-42.82,1.2,1.1,0.144,1642.0,1.0,0.0054811205846528,0.0115712545676004,0.0176613885505481
1.0,0.0,0.0,0.0,0.0,0.0,0.0,0.0,0.0,0.0,0.0,0.0,0.0,0.0,0.0,0.0,0.0,0.0,0.0,0.0,0.0,0.0,0.0,1.0,0.0,0.0,0.0,-61.5,-41.5,0.0,1.1,0.144,1642.0,1.0,0.0042630937880633,0.0140073081607795,0.0188794153471376
0.0,0.0,0.0,0.0,0.0,0.0,0.0,0.0,0.0,0.0,0.0,0.0,0.0,0.0,0.0,1.0,0.0,0.0,0.0,0.0,0.0,0.0,0.0,1.0,0.0,0.0,0.0,-62.64,-50.66,42.7,1.1,0.144,1642.0,1.0,0.0048721071863581,0.0109622411693057,0.0164433617539585
0.0,0.0,0.0,1.0,0.0,0.0,0.0,0.0,0.0,0.0,0.0,0.0,0.0,0.0,0.0,0.0,0.0,0.0,0.0,0.0,0.0,0.0,0.0,1.0,0.0,0.0,0.0,-57.34,-42.33,125.9,1.1,0.144,1642.0,0.5,0.0048721071863581,0.0103532277710109,0.0158343483556638
0.0,0.0,0.0,0.0,0.0,0.0,0.0,0.0,0.0,0.0,0.0,0.0,0.0,0.0,0.0,1.0,0.0,0.0,0.0,0.0,0.0,0.0,0.0,1.0,0.0,0.0,0.0,-73.2,-6.87,15.1,1.1,0.144,1642.0,1.0,0.0048721071863581,0.0103532277710109,0.0158343483556638
0.0,0.0,0.0,1.0,0.0,0.0,0.0,0.0,0.0,0.0,0.0,0.0,0.0,0.0,0.0,0.0,0.0,0.0,0.0,0.0,0.0,0.0,0.0,0.0,0.0,1.0,0.0,63.28,33.43,130.7,1.1,0.144,1642.0,1.0,0.0048721071863581,0.0091352009744214,0.0146163215590742
0.0,0.0,0.0,0.0,0.0,0.0,0.0,0.0,0.0,0.0,0.0,0.0,0.0,0.0,0.0,0.0,0.0,1.0,0.0,0.0,0.0,0.0,0.0,0.0,0.0,1.0,0.0,-67.39,138.46,1.9,1.1,0.144,1642.0,1.0,0.0054811205846528,0.0066991473812423,0.01278928136419
0.0,0.0,0.0,0.0,0.0,0.0,0.0,0.0,1.0,0.0,0.0,0.0,0.0,0.0,0.0,0.0,0.0,0.0,0.0,0.0,0.0,0.0,0.0,0.0,0.0,1.0,0.0,-132.79,-25.61,75.3,1.1,0.144,1642.0,0.6,0.0048721071863581,0.0091352009744214,0.0146163215590742
0.0,0.0,0.0,0.0,0.0,0.0,0.0,0.0,0.0,0.0,0.0,0.0,0.0,0.0,0.0,1.0,0.0,0.0,0.0,0.0,0.0,1.0,0.0,0.0,0.0,0.0,0.0,-137.49,163.73,31.4,1.1,0.144,1642.0,0.6,0.0048721071863581,0.0109622411693057,0.0164433617539585
0.0,0.0,0.0,0.0,0.0,0.0,0.0,0.0,0.0,0.0,1.0,0.0,0.0,0.0,0.0,0.0,0.0,0.0,0.0,0.0,0.0,0.0,0.0,0.0,0.0,0.0,1.0,-134.96,140.15,2.5,1.1,0.144,1642.0,1.0,0.0054811205846528,0.0109622411693057,0.0170523751522533
0.0,0.0,0.0,0.0,0.0,0.0,0.0,0.0,0.0,0.0,0.0,0.0,1.0,0.0,0.0,0.0,0.0,0.0,0.0,0.0,0.0,0.0,0.0,0.0,0.0,0.0,1.0,-73.71,143.56,0.0,1.1,0.144,1642.0,1.0,0.0054811205846528,0.0109622411693057,0.0170523751522533
0.0,0.0,0.0,0.0,0.0,0.0,0.0,0.0,0.0,0.0,0.0,0.0,0.0,0.0,0.0,0.0,1.0,0.0,0.0,0.0,0.0,0.0,0.0,0.0,1.0,0.0,0.0,-114.62,130.94,6.8,1.1,0.144,1642.0,1.0,0.0054811205846528,0.0115712545676004,0.0176613885505481
0.0,0.0,0.0,0.0,1.0,0.0,0.0,0.0,0.0,0.0,0.0,0.0,0.0,0.0,0.0,0.0,0.0,0.0,0.0,0.0,0.0,0.0,0.0,0.0,1.0,0.0,0.0,-107.96,125.79,0.0,1.1,0.144,1642.0,1.0,0.0048721071863581,0.01278928136419,0.0182704019488428
0.0,0.0,0.0,0.0,0.0,0.0,0.0,0.0,0.0,0.0,0.0,0.0,0.0,1.0,0.0,0.0,0.0,0.0,0.0,0.0,0.0,0.0,0.0,0.0,1.0,0.0,0.0,-115.13,145.72,3.0,1.1,0.144,1642.0,1.0,0.0048721071863581,0.0146163215590742,0.0200974421437271
0.0,0.0,0.0,0.0,1.0,0.0,0.0,0.0,0.0,0.0,0.0,0.0,0.0,0.0,0.0,0.0,0.0,0.0,0.0,0.0,0.0,0.0,0.0,0.0,1.0,0.0,0.0,-122.87,132.42,0.0,1.1,0.144,1642.0,1.0,0.0048721071863581,0.0146163215590742,0.0200974421437271
0.0,0.0,0.0,0.0,1.0,0.0,0.0,0.0,0.0,0.0,0.0,0.0,0.0,0.0,0.0,0.0,0.0,0.0,0.0,0.0,0.0,0.0,0.0,0.0,1.0,0.0,0.0,-126.5,145.29,19.2,1.1,0.144,1642.0,1.0,0.0048721071863581,0.0158343483556638,0.0213154689403166
0.0,0.0,0.0,0.0,0.0,0.0,0.0,0.0,1.0,0.0,0.0,0.0,0.0,0.0,0.0,0.0,0.0,0.0,0.0,0.0,0.0,0.0,0.0,0.0,1.0,0.0,0.0,-140.59,118.5,52.9,1.1,0.144,1642.0,1.0,0.0048721071863581,0.0091352009744214,0.0146163215590742
0.0,0.0,0.0,0.0,0.0,0.0,0.0,0.0,1.0,0.0,0.0,0.0,0.0,0.0,0.0,0.0,0.0,0.0,0.0,0.0,0.0,0.0,0.0,0.0,0.0,0.0,1.0,54.35,43.8,159.5,1.1,0.144,1642.0,1.0,0.0048721071863581,0.0054811205846528,0.0109622411693057
0.0,0.0,0.0,0.0,0.0,1.0,0.0,0.0,0.0,0.0,0.0,0.0,0.0,0.0,0.0,0.0,0.0,0.0,0.0,0.0,0.0,0.0,0.0,0.0,0.0,0.0,1.0,82.92,-7.05,41.2,1.1,0.144,1642.0,1.0,0.0036540803897685,0.0073081607795371,0.0115712545676004
0.0,0.0,0.0,0.0,0.0,0.0,0.0,0.0,0.0,0.0,0.0,0.0,0.0,1.0,0.0,0.0,0.0,0.0,0.0,0.0,0.0,0.0,0.0,0.0,1.0,0.0,0.0,-100.61,135.03,130.3,1.1,0.144,1642.0,1.0,0.0048721071863581,0.0091352009744214,0.0146163215590742
0.0,0.0,0.0,0.0,0.0,0.0,0.0,0.0,1.0,0.0,0.0,0.0,0.0,0.0,0.0,0.0,0.0,0.0,0.0,0.0,0.0,0.0,0.0,0.0,1.0,0.0,0.0,-77.92,120.6,86.3,1.1,0.144,1642.0,1.0,0.0048721071863581,0.0133982947624847,0.0188794153471376
0.0,0.0,0.0,0.0,0.0,0.0,0.0,0.0,0.0,0.0,0.0,0.0,0.0,0.0,0.0,0.0,0.0,1.0,0.0,0.0,0.0,0.0,0.0,0.0,1.0,0.0,0.0,-114.0,-4.46,52.0,1.1,0.144,1642.0,1.0,0.0054811205846528,0.0066991473812423,0.01278928136419
0.0,0.0,0.0,0.0,0.0,1.0,0.0,0.0,0.0,0.0,0.0,0.0,0.0,0.0,0.0,0.0,0.0,0.0,0.0,0.0,0.0,0.0,0.0,0.0,1.0,0.0,0.0,-166.77,162.02,18.9,1.1,0.144,1642.0,1.0,0.0036540803897685,0.0097442143727162,0.0140073081607795
0.0,0.0,0.0,1.0,0.0,0.0,0.0,0.0,0.0,0.0,0.0,0.0,0.0,0.0,0.0,0.0,0.0,0.0,0.0,0.0,0.0,0.0,0.0,0.0,1.0,0.0,0.0,-166.18,139.81,84.8,1.1,0.144,1642.0,1.0,0.0048721071863581,0.0103532277710109,0.0158343483556638
0.0,0.0,0.0,0.0,1.0,0.0,0.0,0.0,0.0,0.0,0.0,0.0,0.0,0.0,0.0,0.0,0.0,0.0,0.0,0.0,0.0,0.0,0.0,0.0,1.0,0.0,0.0,-157.27,164.59,17.8,1.1,0.144,1642.0,1.0,0.0048721071863581,0.0091352009744214,0.0146163215590742
0.0,0.0,0.0,0.0,0.0,0.0,0.0,0.0,0.0,0.0,0.0,0.0,0.0,0.0,0.0,1.0,0.0,0.0,0.0,0.0,0.0,0.0,0.0,0.0,1.0,0.0,0.0,-119.09,164.17,62.2,1.1,0.144,1642.0,0.5,0.0048721071863581,0.0109622411693057,0.0164433617539585
0.0,0.0,0.0,0.0,0.0,1.0,0.0,0.0,0.0,0.0,0.0,0.0,0.0,0.0,0.0,0.0,0.0,0.0,0.0,0.0,0.0,0.0,0.0,0.0,0.0,1.0,0.0,105.33,156.72,21.7,1.1,0.144,1642.0,1.0,0.0036540803897685,0.0079171741778319,0.0121802679658952
1.0,0.0,0.0,0.0,0.0,0.0,0.0,0.0,0.0,0.0,0.0,0.0,0.0,0.0,0.0,0.0,0.0,0.0,0.0,0.0,0.0,0.0,0.0,0.0,0.0,1.0,0.0,-84.08,60.05,42.9,1.1,0.144,1642.0,1.0,0.0042630937880633,0.0073081607795371,0.0121802679658952
0.0,0.0,0.0,0.0,0.0,0.0,0.0,0.0,0.0,0.0,0.0,1.0,0.0,0.0,0.0,0.0,0.0,0.0,0.0,0.0,0.0,0.0,0.0,0.0,0.0,1.0,0.0,-103.3,94.39,65.5,1.1,0.144,1642.0,1.0,0.0054811205846528,0.0079171741778319,0.0140073081607795
0.0,0.0,0.0,0.0,0.0,0.0,0.0,0.0,1.0,0.0,0.0,0.0,0.0,0.0,0.0,0.0,0.0,0.0,0.0,0.0,0.0,0.0,0.0,1.0,0.0,0.0,0.0,-63.28,-34.73,83.9,1.1,0.144,1642.0,1.0,0.0048721071863581,0.01278928136419,0.0182704019488428
0.0,0.0,0.0,1.0,0.0,0.0,0.0,0.0,0.0,0.0,0.0,0.0,0.0,0.0,0.0,0.0,0.0,0.0,0.0,0.0,0.0,0.0,0.0,1.0,0.0,0.0,0.0,-67.75,-44.93,145.7,1.1,0.144,1642.0,1.0,0.0048721071863581,0.0085261875761266,0.0140073081607795
0.0,0.0,0.0,0.0,0.0,0.0,0.0,0.0,1.0,0.0,0.0,0.0,0.0,0.0,0.0,0.0,0.0,0.0,0.0,0.0,0.0,0.0,0.0,1.0,0.0,0.0,0.0,-67.43,-38.32,89.0,1.1,0.144,1642.0,1.0,0.0048721071863581,0.01278928136419,0.0182704019488428
0.0,0.0,0.0,0.0,0.0,0.0,0.0,0.0,0.0,1.0,0.0,0.0,0.0,0.0,0.0,0.0,0.0,0.0,0.0,0.0,0.0,0.0,0.0,1.0,0.0,0.0,0.0,-57.69,-57.04,0.0,1.1,0.144,1642.0,1.0,0.0048721071863581,0.0140073081607795,0.0194884287454324
0.0,0.0,0.0,1.0,0.0,0.0,0.0,0.0,0.0,0.0,0.0,0.0,0.0,0.0,0.0,0.0,0.0,0.0,0.0,0.0,0.0,0.0,0.0,1.0,0.0,0.0,0.0,-66.01,-36.47,35.9,1.1,0.144,1642.0,1.0,0.0048721071863581,0.0140073081607795,0.0194884287454324
1.0,0.0,0.0,0.0,0.0,0.0,0.0,0.0,0.0,0.0,0.0,0.0,0.0,0.0,0.0,0.0,0.0,0.0,0.0,0.0,0.0,0.0,0.0,1.0,0.0,0.0,0.0,-66.42,-41.99,54.3,1.1,0.144,1642.0,1.0,0.0042630937880633,0.0109622411693057,0.0158343483556638
0.0,0.0,0.0,0.0,0.0,0.0,0.0,0.0,0.0,0.0,0.0,0.0,0.0,0.0,0.0,0.0,1.0,0.0,0.0,0.0,0.0,0.0,0.0,1.0,0.0,0.0,0.0,-64.07,-38.01,12.6,1.1,0.144,1642.0,1.0,0.0054811205846528,0.0115712545676004,0.0176613885505481
0.0,0.0,0.0,0.0,0.0,0.0,0.0,1.0,0.0,0.0,0.0,0.0,0.0,0.0,0.0,0.0,0.0,0.0,0.0,0.0,0.0,0.0,0.0,1.0,0.0,0.0,0.0,-55.68,-42.52,0.0,1.1,0.144,1642.0,1.0,0.0054811205846528,0.0109622411693057,0.0170523751522533
0.0,0.0,0.0,0.0,0.0,0.0,0.0,0.0,0.0,0.0,0.0,1.0,0.0,0.0,0.0,0.0,0.0,0.0,0.0,0.0,0.0,0.0,0.0,1.0,0.0,0.0,0.0,-69.12,-33.99,81.2,1.1,0.144,1642.0,0.5,0.0054811205846528,0.0109622411693057,0.0170523751522533
0.0,0.0,0.0,1.0,0.0,0.0,0.0,0.0,0.0,0.0,0.0,0.0,0.0,0.0,0.0,0.0,0.0,0.0,0.0,0.0,0.0,0.0,0.0,1.0,0.0,0.0,0.0,-71.56,-28.37,150.9,1.1,0.144,1642.0,0.5,0.0048721071863581,0.0115712545676004,0.0170523751522533
0.0,0.0,0.0,0.0,0.0,0.0,0.0,0.0,0.0,1.0,0.0,0.0,0.0,0.0,0.0,0.0,0.0,0.0,0.0,0.0,0.0,0.0,0.0,1.0,0.0,0.0,0.0,-108.47,-6.03,28.8,1.1,0.144,1642.0,0.5,0.0054811205846528,0.0097442143727162,0.0158343483556638
0.0,0.0,0.0,0.0,0.0,0.0,0.0,0.0,0.0,0.0,0.0,0.0,0.0,0.0,0.0,0.0,0.0,1.0,0.0,0.0,0.0,0.0,0.0,0.0,0.0,1.0,0.0,148.46,360.0,112.1,1.1,0.144,1642.0,0.5,0.0054811205846528,0.0060901339829476,0.0121802679658952
0.0,0.0,0.0,0.0,0.0,0.0,0.0,0.0,0.0,0.0,1.0,0.0,0.0,0.0,0.0,0.0,0.0,0.0,0.0,0.0,0.0,0.0,0.0,0.0,0.0,1.0,0.0,360.0,145.69,145.1,1.1,0.144,1642.0,0.5,0.0036540803897685,0.0073081607795371,0.0115712545676004
0.0,0.0,0.0,0.0,0.0,0.0,0.0,0.0,0.0,0.0,0.0,0.0,0.0,0.0,0.0,0.0,0.0,1.0,0.0,0.0,0.0,0.0,0.0,0.0,0.0,1.0,0.0,-120.98,125.72,21.9,1.1,0.144,1642.0,1.0,0.0054811205846528,0.0091352009744214,0.015225334957369
0.0,0.0,0.0,0.0,0.0,0.0,0.0,0.0,1.0,0.0,0.0,0.0,0.0,0.0,0.0,0.0,0.0,0.0,0.0,0.0,0.0,0.0,0.0,0.0,1.0,0.0,0.0,-87.32,123.64,111.7,1.1,0.144,1642.0,0.5,0.0048721071863581,0.0085261875761266,0.0140073081607795
0.0,0.0,0.0,0.0,0.0,0.0,0.0,0.0,0.0,0.0,0.0,0.0,0.0,1.0,0.0,0.0,0.0,0.0,0.0,0.0,0.0,0.0,0.0,0.0,1.0,0.0,0.0,-83.07,121.28,74.6,1.1,0.144,1642.0,1.0,0.0048721071863581,0.0115712545676004,0.0170523751522533
0.0,0.0,0.0,0.0,0.0,0.0,0.0,1.0,0.0,0.0,0.0,0.0,0.0,0.0,0.0,0.0,0.0,0.0,0.0,0.0,0.0,0.0,0.0,0.0,1.0,0.0,0.0,-96.15,122.43,4.8,1.1,0.144,1642.0,1.0,0.0054811205846528,0.0085261875761266,0.0146163215590742
0.0,0.0,0.0,1.0,0.0,0.0,0.0,0.0,0.0,0.0,0.0,0.0,0.0,0.0,0.0,0.0,0.0,0.0,0.0,0.0,0.0,0.0,0.0,0.0,0.0,1.0,0.0,-97.44,-13.22,127.1,1.1,0.144,1642.0,0.5,0.0048721071863581,0.0085261875761266,0.0140073081607795
0.0,0.0,0.0,0.0,0.0,0.0,0.0,0.0,0.0,0.0,0.0,0.0,0.0,0.0,0.0,1.0,0.0,0.0,0.0,0.0,0.0,0.0,0.0,0.0,0.0,1.0,0.0,-161.08,161.14,45.0,1.1,0.144,1642.0,1.0,0.0048721071863581,0.0073081607795371,0.01278928136419
0.0,0.0,0.0,0.0,0.0,0.0,0.0,0.0,1.0,0.0,0.0,0.0,0.0,0.0,0.0,0.0,0.0,0.0,0.0,0.0,0.0,0.0,0.0,1.0,0.0,0.0,0.0,-56.2,-42.19,78.6,1.1,0.144,1642.0,1.0,0.0048721071863581,0.0091352009744214,0.0146163215590742
0.0,0.0,0.0,0.0,0.0,0.0,0.0,0.0,0.0,0.0,0.0,0.0,0.0,0.0,0.0,0.0,1.0,0.0,0.0,0.0,0.0,0.0,0.0,1.0,0.0,0.0,0.0,-58.62,-46.3,91.3,1.1,0.144,1642.0,1.0,0.0054811205846528,0.0085261875761266,0.0146163215590742
1.0,0.0,0.0,0.0,0.0,0.0,0.0,0.0,0.0,0.0,0.0,0.0,0.0,0.0,0.0,0.0,0.0,0.0,0.0,0.0,0.0,0.0,0.0,1.0,0.0,0.0,0.0,-64.91,-35.19,19.6,1.1,0.144,1642.0,1.0,0.0042630937880633,0.01278928136419,0.0176613885505481
0.0,0.0,0.0,0.0,1.0,0.0,0.0,0.0,0.0,0.0,0.0,0.0,0.0,0.0,0.0,0.0,0.0,0.0,0.0,0.0,0.0,0.0,0.0,1.0,0.0,0.0,0.0,-60.43,-52.25,15.8,1.1,0.144,1642.0,1.0,0.0048721071863581,0.0146163215590742,0.0200974421437271
0.0,0.0,0.0,0.0,0.0,0.0,0.0,0.0,0.0,0.0,0.0,0.0,0.0,1.0,0.0,0.0,0.0,0.0,0.0,0.0,0.0,0.0,0.0,1.0,0.0,0.0,0.0,-63.48,-35.21,90.4,1.1,0.144,1642.0,1.0,0.0048721071863581,0.0121802679658952,0.0176613885505481
0.0,0.0,0.0,1.0,0.0,0.0,0.0,0.0,0.0,0.0,0.0,0.0,0.0,0.0,0.0,0.0,0.0,0.0,0.0,0.0,0.0,0.0,0.0,1.0,0.0,0.0,0.0,-63.87,-39.09,119.6,1.1,0.144,1642.0,1.0,0.0048721071863581,0.01278928136419,0.0182704019488428
1.0,0.0,0.0,0.0,0.0,0.0,0.0,0.0,0.0,0.0,0.0,0.0,0.0,0.0,0.0,0.0,0.0,0.0,0.0,0.0,0.0,0.0,0.0,1.0,0.0,0.0,0.0,-67.76,-41.46,19.7,1.1,0.144,1642.0,1.0,0.0042630937880633,0.0091352009744214,0.0140073081607795
0.0,0.0,0.0,0.0,0.0,0.0,0.0,0.0,0.0,1.0,0.0,0.0,0.0,0.0,0.0,0.0,0.0,0.0,0.0,0.0,0.0,0.0,0.0,1.0,0.0,0.0,0.0,-63.81,-38.43,6.8,1.1,0.144,1642.0,1.0,0.0048721071863581,0.0109622411693057,0.0164433617539585
0.0,0.0,1.0,0.0,0.0,0.0,0.0,0.0,0.0,0.0,0.0,0.0,0.0,0.0,0.0,0.0,0.0,0.0,0.0,0.0,0.0,0.0,0.0,1.0,0.0,0.0,0.0,-67.49,-44.04,108.2,1.1,0.144,1642.0,1.0,0.0054811205846528,0.0079171741778319,0.0140073081607795
1.0,0.0,0.0,0.0,0.0,0.0,0.0,0.0,0.0,0.0,0.0,0.0,0.0,0.0,0.0,0.0,0.0,0.0,0.0,0.0,0.0,0.0,0.0,1.0,0.0,0.0,0.0,-69.37,-20.82,86.5,1.1,0.144,1642.0,1.0,0.0042630937880633,0.0079171741778319,0.01278928136419
1.0,0.0,0.0,0.0,0.0,0.0,0.0,0.0,0.0,0.0,0.0,0.0,0.0,0.0,0.0,0.0,0.0,0.0,0.0,0.0,0.0,0.0,0.0,1.0,0.0,0.0,0.0,-65.36,-18.07,9.2,1.1,0.144,1642.0,1.0,0.0042630937880633,0.0091352009744214,0.0140073081607795
0.0,0.0,0.0,0.0,0.0,1.0,0.0,0.0,0.0,0.0,0.0,0.0,0.0,0.0,0.0,0.0,0.0,0.0,0.0,0.0,0.0,0.0,0.0,0.0,0.0,0.0,1.0,59.35,-125.36,37.9,1.1,0.144,1642.0,1.0,0.0036540803897685,0.0073081607795371,0.0115712545676004
0.0,0.0,1.0,0.0,0.0,0.0,0.0,0.0,0.0,0.0,0.0,0.0,0.0,0.0,0.0,0.0,0.0,0.0,0.0,0.0,0.0,0.0,0.0,0.0,0.0,0.0,1.0,-88.21,-7.23,126.3,1.1,0.144,1642.0,0.5,0.0054811205846528,0.0066991473812423,0.01278928136419
0.0,0.0,0.0,0.0,0.0,0.0,0.0,0.0,1.0,0.0,0.0,0.0,0.0,0.0,0.0,0.0,0.0,0.0,0.0,0.0,0.0,0.0,0.0,0.0,0.0,0.0,1.0,-65.52,145.07,93.8,1.1,0.144,1642.0,1.0,0.0048721071863581,0.0079171741778319,0.0133982947624847
0.0,0.0,0.0,0.0,0.0,0.0,0.0,0.0,0.0,1.0,0.0,0.0,0.0,0.0,0.0,0.0,0.0,0.0,0.0,0.0,0.0,0.0,0.0,0.0,1.0,0.0,0.0,-59.8,138.83,5.1,1.1,0.144,1642.0,1.0,0.0048721071863581,0.0097442143727162,0.015225334957369
0.0,0.0,0.0,0.0,0.0,0.0,0.0,0.0,0.0,0.0,0.0,0.0,0.0,0.0,0.0,0.0,0.0,1.0,0.0,0.0,0.0,0.0,0.0,0.0,1.0,0.0,0.0,-117.66,130.2,2.2,1.1,0.144,1642.0,1.0,0.0054811205846528,0.0140073081607795,0.0200974421437271
0.0,0.0,0.0,0.0,0.0,0.0,0.0,0.0,0.0,0.0,0.0,0.0,0.0,0.0,0.0,0.0,0.0,1.0,0.0,0.0,0.0,0.0,0.0,0.0,1.0,0.0,0.0,-113.75,126.71,0.0,1.1,0.144,1642.0,0.5,0.0054811205846528,0.0109622411693057,0.0170523751522533
0.0,0.0,0.0,0.0,0.0,0.0,0.0,0.0,0.0,0.0,0.0,0.0,0.0,0.0,0.0,0.0,0.0,1.0,0.0,0.0,0.0,0.0,0.0,0.0,1.0,0.0,0.0,-115.95,124.5,0.0,1.1,0.144,1642.0,1.0,0.0054811205846528,0.0103532277710109,0.0164433617539585
0.0,0.0,1.0,0.0,0.0,0.0,0.0,0.0,0.0,0.0,0.0,0.0,0.0,0.0,0.0,0.0,0.0,0.0,0.0,0.0,0.0,0.0,0.0,0.0,1.0,0.0,0.0,-96.45,107.98,0.0,1.1,0.144,1642.0,1.0,0.0054811205846528,0.01278928136419,0.0188794153471376
0.0,0.0,0.0,0.0,1.0,0.0,0.0,0.0,0.0,0.0,0.0,0.0,0.0,0.0,0.0,0.0,0.0,0.0,0.0,0.0,0.0,0.0,0.0,0.0,1.0,0.0,0.0,-86.79,113.58,0.0,1.1,0.144,1642.0,1.0,0.0048721071863581,0.0133982947624847,0.0188794153471376
0.0,0.0,0.0,0.0,0.0,0.0,0.0,0.0,0.0,0.0,0.0,0.0,0.0,0.0,0.0,1.0,0.0,0.0,0.0,0.0,0.0,0.0,0.0,0.0,1.0,0.0,0.0,-130.3,166.18,3.6,1.1,0.144,1642.0,0.5,0.0048721071863581,0.0133982947624847,0.0188794153471376
1.0,0.0,0.0,0.0,0.0,0.0,0.0,0.0,0.0,0.0,0.0,0.0,0.0,0.0,0.0,0.0,0.0,0.0,0.0,0.0,0.0,0.0,0.0,0.0,0.0,0.0,1.0,-138.44,144.36,1.1,1.1,0.144,1642.0,1.0,0.0042630937880633,0.0121802679658952,0.0170523751522533
0.0,0.0,0.0,0.0,0.0,0.0,0.0,0.0,0.0,0.0,0.0,0.0,0.0,0.0,0.0,0.0,1.0,0.0,0.0,0.0,0.0,0.0,0.0,0.0,0.0,0.0,1.0,-69.82,-23.99,90.9,1.1,0.144,1642.0,1.0,0.0054811205846528,0.0060901339829476,0.0121802679658952
0.0,0.0,0.0,0.0,0.0,0.0,0.0,0.0,0.0,0.0,0.0,0.0,0.0,0.0,0.0,0.0,0.0,0.0,1.0,0.0,0.0,0.0,0.0,0.0,0.0,0.0,1.0,-90.36,-5.55,9.7,1.1,0.144,1642.0,1.0,0.0048721071863581,0.0115712545676004,0.0170523751522533
0.0,1.0,0.0,0.0,0.0,0.0,0.0,0.0,0.0,0.0,0.0,0.0,0.0,0.0,0.0,0.0,0.0,0.0,0.0,0.0,0.0,0.0,0.0,0.0,0.0,0.0,1.0,-100.22,115.71,0.2,1.1,0.144,1642.0,1.0,0.0048721071863581,0.0121802679658952,0.0176613885505481
0.0,0.0,0.0,0.0,0.0,1.0,0.0,0.0,0.0,0.0,0.0,0.0,0.0,0.0,0.0,0.0,0.0,0.0,0.0,0.0,0.0,0.0,0.0,1.0,0.0,0.0,0.0,-47.97,-54.4,25.2,1.1,0.144,1642.0,1.0,0.0042630937880633,0.0091352009744214,0.0140073081607795
0.0,0.0,0.0,0.0,0.0,0.0,0.0,0.0,0.0,0.0,0.0,0.0,1.0,0.0,0.0,0.0,0.0,0.0,0.0,0.0,0.0,0.0,0.0,1.0,0.0,0.0,0.0,-59.71,-32.15,26.4,1.1,0.144,1642.0,1.0,0.0054811205846528,0.0085261875761266,0.0146163215590742
0.0,1.0,0.0,0.0,0.0,0.0,0.0,0.0,0.0,0.0,0.0,0.0,0.0,0.0,0.0,0.0,0.0,0.0,0.0,0.0,0.0,0.0,0.0,1.0,0.0,0.0,0.0,-63.28,-42.64,1.8,1.1,0.144,1642.0,1.0,0.0048721071863581,0.0115712545676004,0.0170523751522533
0.0,0.0,0.0,0.0,0.0,0.0,0.0,0.0,1.0,0.0,0.0,0.0,0.0,0.0,0.0,0.0,0.0,0.0,0.0,0.0,0.0,0.0,0.0,1.0,0.0,0.0,0.0,-62.93,-39.31,110.9,1.1,0.144,1642.0,1.0,0.0048721071863581,0.0091352009744214,0.0146163215590742
0.0,0.0,0.0,0.0,0.0,0.0,0.0,0.0,0.0,0.0,1.0,0.0,0.0,0.0,0.0,0.0,0.0,0.0,0.0,0.0,0.0,0.0,0.0,1.0,0.0,0.0,0.0,-66.58,-41.0,147.7,1.1,0.144,1642.0,0.5,0.0048721071863581,0.0097442143727162,0.015225334957369
0.0,0.0,0.0,0.0,0.0,0.0,0.0,1.0,0.0,0.0,0.0,0.0,0.0,0.0,0.0,0.0,0.0,0.0,0.0,0.0,0.0,0.0,0.0,1.0,0.0,0.0,0.0,-85.29,-18.64,3.6,1.1,0.144,1642.0,1.0,0.0054811205846528,0.0103532277710109,0.0164433617539585
0.0,0.0,0.0,0.0,0.0,0.0,0.0,0.0,1.0,0.0,0.0,0.0,0.0,0.0,0.0,0.0,0.0,0.0,0.0,0.0,0.0,0.0,0.0,1.0,0.0,0.0,0.0,-51.33,-49.58,112.2,1.1,0.144,1642.0,0.5,0.0048721071863581,0.0115712545676004,0.0170523751522533
0.0,0.0,0.0,0.0,0.0,0.0,0.0,0.0,0.0,0.0,0.0,0.0,1.0,0.0,0.0,0.0,0.0,0.0,0.0,0.0,0.0,0.0,0.0,1.0,0.0,0.0,0.0,-67.96,-28.86,87.7,1.1,0.144,1642.0,1.0,0.0054811205846528,0.0079171741778319,0.0140073081607795
0.0,0.0,0.0,0.0,1.0,0.0,0.0,0.0,0.0,0.0,0.0,0.0,0.0,0.0,0.0,0.0,0.0,0.0,0.0,0.0,0.0,0.0,0.0,1.0,0.0,0.0,0.0,-70.35,-38.8,39.7,1.1,0.144,1642.0,1.0,0.0048721071863581,0.0121802679658952,0.0176613885505481
0.0,0.0,0.0,0.0,1.0,0.0,0.0,0.0,0.0,0.0,0.0,0.0,0.0,0.0,0.0,0.0,0.0,0.0,0.0,0.0,0.0,0.0,0.0,1.0,0.0,0.0,0.0,-56.98,-45.19,1.6,1.1,0.144,1642.0,1.0,0.0048721071863581,0.0140073081607795,0.0194884287454324
0.0,0.0,0.0,0.0,0.0,0.0,1.0,0.0,0.0,0.0,0.0,0.0,0.0,0.0,0.0,0.0,0.0,0.0,0.0,0.0,0.0,0.0,0.0,1.0,0.0,0.0,0.0,-64.7,-42.21,79.0,1.1,0.144,1642.0,1.0,0.0048721071863581,0.01278928136419,0.0182704019488428
0.0,0.0,0.0,0.0,0.0,0.0,0.0,0.0,0.0,0.0,0.0,0.0,0.0,0.0,0.0,1.0,0.0,0.0,0.0,0.0,0.0,0.0,0.0,1.0,0.0,0.0,0.0,-63.73,-42.39,50.9,1.1,0.144,1642.0,0.5,0.0048721071863581,0.01278928136419,0.0182704019488428
0.0,0.0,0.0,0.0,0.0,0.0,0.0,0.0,0.0,1.0,0.0,0.0,0.0,0.0,0.0,0.0,0.0,0.0,0.0,0.0,0.0,0.0,0.0,1.0,0.0,0.0,0.0,-58.62,-34.69,2.2,1.1,0.144,1642.0,1.0,0.0048721071863581,0.0140073081607795,0.0194884287454324
0.0,0.0,0.0,0.0,0.0,0.0,0.0,0.0,0.0,0.0,0.0,0.0,0.0,0.0,0.0,1.0,0.0,0.0,0.0,0.0,0.0,0.0,0.0,1.0,0.0,0.0,0.0,-61.62,-30.41,7.6,1.1,0.144,1642.0,1.0,0.0048721071863581,0.0146163215590742,0.0200974421437271
0.0,0.0,0.0,1.0,0.0,0.0,0.0,0.0,0.0,0.0,0.0,0.0,0.0,0.0,0.0,0.0,0.0,0.0,0.0,0.0,0.0,0.0,0.0,1.0,0.0,0.0,0.0,-78.49,-35.49,131.8,1.1,0.144,1642.0,1.0,0.0048721071863581,0.0103532277710109,0.0158343483556638
0.0,0.0,0.0,0.0,0.0,0.0,0.0,0.0,1.0,0.0,0.0,0.0,0.0,0.0,0.0,0.0,0.0,0.0,0.0,0.0,0.0,0.0,0.0,1.0,0.0,0.0,0.0,-70.78,-37.26,133.8,1.1,0.144,1642.0,1.0,0.0048721071863581,0.0097442143727162,0.015225334957369
0.0,0.0,0.0,0.0,0.0,0.0,0.0,0.0,0.0,0.0,0.0,0.0,0.0,0.0,0.0,0.0,0.0,0.0,0.0,1.0,0.0,0.0,0.0,0.0,0.0,0.0,1.0,-112.74,74.2,32.7,1.1,0.144,1642.0,1.0,0.0048721071863581,0.0133982947624847,0.0188794153471376
0.0,0.0,0.0,0.0,0.0,0.0,0.0,0.0,0.0,0.0,0.0,0.0,0.0,0.0,0.0,1.0,0.0,0.0,0.0,0.0,0.0,0.0,0.0,0.0,0.0,0.0,1.0,-70.02,-11.39,99.9,1.1,0.144,1642.0,1.0,0.0048721071863581,0.0079171741778319,0.0133982947624847
0.0,0.0,0.0,0.0,0.0,0.0,0.0,0.0,0.0,0.0,0.0,1.0,0.0,0.0,0.0,0.0,0.0,0.0,0.0,0.0,0.0,0.0,0.0,0.0,0.0,0.0,1.0,-91.44,-0.95,81.9,1.1,0.144,1642.0,1.0,0.0054811205846528,0.0091352009744214,0.015225334957369
0.0,0.0,0.0,0.0,0.0,0.0,0.0,0.0,0.0,0.0,0.0,0.0,0.0,0.0,0.0,0.0,0.0,1.0,0.0,0.0,0.0,0.0,0.0,0.0,0.0,0.0,1.0,-114.9,142.53,7.3,1.1,0.144,1642.0,1.0,0.0054811205846528,0.0121802679658952,0.0182704019488428
0.0,0.0,0.0,0.0,0.0,0.0,0.0,1.0,0.0,0.0,0.0,0.0,0.0,0.0,0.0,0.0,0.0,0.0,0.0,0.0,0.0,0.0,0.0,0.0,1.0,0.0,0.0,-95.13,126.45,44.4,1.1,0.144,1642.0,0.5,0.0054811205846528,0.0085261875761266,0.0146163215590742
0.0,0.0,0.0,0.0,1.0,0.0,0.0,0.0,0.0,0.0,0.0,0.0,0.0,0.0,0.0,0.0,0.0,0.0,0.0,0.0,0.0,0.0,0.0,0.0,1.0,0.0,0.0,-111.19,123.32,5.4,1.1,0.144,1642.0,1.0,0.0048721071863581,0.01278928136419,0.0182704019488428
0.0,0.0,0.0,0.0,0.0,0.0,0.0,0.0,0.0,1.0,0.0,0.0,0.0,0.0,0.0,0.0,0.0,0.0,0.0,0.0,0.0,0.0,0.0,0.0,1.0,0.0,0.0,-122.83,148.92,3.6,1.1,0.144,1642.0,1.0,0.0048721071863581,0.01278928136419,0.0182704019488428
0.0,0.0,0.0,1.0,0.0,0.0,0.0,0.0,0.0,0.0,0.0,0.0,0.0,0.0,0.0,0.0,0.0,0.0,0.0,0.0,0.0,0.0,0.0,0.0,1.0,0.0,0.0,-121.43,132.23,11.4,1.1,0.144,1642.0,1.0,0.0048721071863581,0.015225334957369,0.0207064555420219
0.0,0.0,0.0,0.0,0.0,0.0,0.0,0.0,0.0,0.0,0.0,0.0,0.0,0.0,0.0,0.0,0.0,1.0,0.0,0.0,0.0,0.0,0.0,0.0,1.0,0.0,0.0,-121.02,115.98,0.0,1.1,0.144,1642.0,1.0,0.0054811205846528,0.0085261875761266,0.0146163215590742
0.0,0.0,1.0,0.0,0.0,0.0,0.0,0.0,0.0,0.0,0.0,0.0,0.0,0.0,0.0,0.0,0.0,0.0,0.0,0.0,0.0,0.0,0.0,0.0,1.0,0.0,0.0,-78.97,121.71,19.8,1.1,0.144,1642.0,1.0,0.0048721071863581,0.0097442143727162,0.015225334957369
0.0,0.0,0.0,0.0,0.0,0.0,0.0,0.0,0.0,0.0,0.0,0.0,0.0,0.0,0.0,0.0,0.0,1.0,0.0,0.0,0.0,0.0,0.0,0.0,0.0,0.0,1.0,-70.25,-26.69,0.2,1.1,0.144,1642.0,1.0,0.0054811205846528,0.0103532277710109,0.0164433617539585
0.0,0.0,1.0,0.0,0.0,0.0,0.0,0.0,0.0,0.0,0.0,0.0,0.0,0.0,0.0,0.0,0.0,0.0,0.0,0.0,0.0,0.0,0.0,0.0,0.0,0.0,1.0,-75.15,-28.93,11.0,1.1,0.144,1642.0,0.5,0.0048721071863581,0.0133982947624847,0.0188794153471376
0.0,0.0,1.0,0.0,0.0,0.0,0.0,0.0,0.0,0.0,0.0,0.0,0.0,0.0,0.0,0.0,0.0,0.0,0.0,0.0,0.0,0.0,0.0,0.0,0.0,0.0,1.0,-92.98,-25.51,106.3,1.1,0.144,1642.0,1.0,0.0054811205846528,0.0097442143727162,0.0158343483556638
0.0,1.0,0.0,0.0,0.0,0.0,0.0,0.0,0.0,0.0,0.0,0.0,0.0,0.0,0.0,0.0,0.0,0.0,0.0,0.0,0.0,0.0,0.0,0.0,0.0,0.0,1.0,-123.77,63.4,0.6,1.1,0.144,1642.0,1.0,0.0048721071863581,0.0109622411693057,0.0164433617539585
0.0,0.0,0.0,0.0,0.0,0.0,0.0,0.0,0.0,0.0,0.0,0.0,0.0,1.0,0.0,0.0,0.0,0.0,0.0,0.0,0.0,0.0,0.0,1.0,0.0,0.0,0.0,-64.83,-33.63,66.9,1.1,0.144,1642.0,1.0,0.0048721071863581,0.0146163215590742,0.0200974421437271
0.0,0.0,1.0,0.0,0.0,0.0,0.0,0.0,0.0,0.0,0.0,0.0,0.0,0.0,0.0,0.0,0.0,0.0,0.0,0.0,0.0,0.0,0.0,1.0,0.0,0.0,0.0,-62.62,-50.9,79.9,1.1,0.144,1642.0,1.0,0.0054811205846528,0.0085261875761266,0.0146163215590742
0.0,0.0,0.0,0.0,0.0,0.0,0.0,0.0,0.0,0.0,0.0,0.0,0.0,0.0,0.0,0.0,0.0,1.0,0.0,0.0,0.0,0.0,0.0,1.0,0.0,0.0,0.0,-59.57,-45.38,3.4,1.1,0.144,1642.0,1.0,0.0054811205846528,0.0115712545676004,0.0176613885505481
1.0,0.0,0.0,0.0,0.0,0.0,0.0,0.0,0.0,0.0,0.0,0.0,0.0,0.0,0.0,0.0,0.0,0.0,0.0,0.0,0.0,0.0,0.0,1.0,0.0,0.0,0.0,-59.52,-44.47,0.0,1.1,0.144,1642.0,1.0,0.0042630937880633,0.015225334957369,0.0200974421437271
0.0,0.0,0.0,0.0,0.0,0.0,0.0,0.0,0.0,0.0,0.0,0.0,0.0,0.0,0.0,1.0,0.0,0.0,0.0,0.0,0.0,0.0,0.0,1.0,0.0,0.0,0.0,-60.31,-50.87,42.8,1.1,0.144,1642.0,1.0,0.0048721071863581,0.01278928136419,0.0182704019488428
0.0,0.0,0.0,1.0,0.0,0.0,0.0,0.0,0.0,0.0,0.0,0.0,0.0,0.0,0.0,0.0,0.0,0.0,0.0,0.0,0.0,0.0,0.0,1.0,0.0,0.0,0.0,-68.3,-26.74,113.0,1.1,0.144,1642.0,1.0,0.0048721071863581,0.0109622411693057,0.0164433617539585
0.0,0.0,0.0,0.0,0.0,0.0,0.0,0.0,0.0,0.0,0.0,0.0,0.0,0.0,0.0,1.0,0.0,0.0,0.0,0.0,0.0,0.0,0.0,1.0,0.0,0.0,0.0,-87.33,2.42,20.6,1.1,0.144,1642.0,1.0,0.0048721071863581,0.0109622411693057,0.0164433617539585
0.0,0.0,0.0,1.0,0.0,0.0,0.0,0.0,0.0,0.0,0.0,0.0,0.0,0.0,0.0,0.0,0.0,0.0,0.0,0.0,0.0,0.0,0.0,0.0,0.0,1.0,0.0,60.18,43.47,162.6,1.1,0.144,1642.0,0.5,0.0048721071863581,0.0097442143727162,0.015225334957369
0.0,0.0,0.0,0.0,0.0,0.0,0.0,0.0,0.0,0.0,0.0,0.0,0.0,0.0,0.0,0.0,0.0,1.0,0.0,0.0,0.0,0.0,0.0,0.0,0.0,1.0,0.0,-79.9,139.52,1.4,1.1,0.144,1642.0,1.0,0.0054811205846528,0.0073081607795371,0.0133982947624847
0.0,0.0,0.0,0.0,0.0,0.0,0.0,0.0,1.0,0.0,0.0,0.0,0.0,0.0,0.0,0.0,0.0,0.0,0.0,0.0,0.0,0.0,0.0,0.0,0.0,1.0,0.0,-139.38,-1.51,120.0,1.1,0.144,1642.0,1.0,0.0048721071863581,0.0085261875761266,0.0140073081607795
0.0,0.0,0.0,0.0,0.0,0.0,0.0,0.0,0.0,0.0,0.0,0.0,0.0,0.0,0.0,1.0,0.0,0.0,0.0,0.0,0.0,1.0,0.0,0.0,0.0,0.0,0.0,-151.05,165.81,13.0,1.1,0.144,1642.0,1.0,0.0048721071863581,0.0109622411693057,0.0164433617539585
0.0,0.0,0.0,0.0,0.0,0.0,0.0,0.0,0.0,0.0,1.0,0.0,0.0,0.0,0.0,0.0,0.0,0.0,0.0,0.0,0.0,0.0,0.0,0.0,0.0,0.0,1.0,-141.51,139.58,5.0,1.1,0.144,1642.0,1.0,0.0054811205846528,0.0109622411693057,0.0170523751522533
0.0,0.0,0.0,0.0,0.0,0.0,0.0,0.0,0.0,0.0,0.0,0.0,1.0,0.0,0.0,0.0,0.0,0.0,0.0,0.0,0.0,0.0,0.0,0.0,0.0,0.0,1.0,-76.59,142.06,0.4,1.1,0.144,1642.0,1.0,0.0054811205846528,0.0109622411693057,0.0170523751522533
0.0,0.0,0.0,0.0,0.0,0.0,0.0,0.0,0.0,0.0,0.0,0.0,0.0,0.0,0.0,0.0,1.0,0.0,0.0,0.0,0.0,0.0,0.0,0.0,1.0,0.0,0.0,-113.08,129.05,3.2,1.1,0.144,1642.0,1.0,0.0054811205846528,0.0115712545676004,0.0176613885505481
0.0,0.0,0.0,0.0,1.0,0.0,0.0,0.0,0.0,0.0,0.0,0.0,0.0,0.0,0.0,0.0,0.0,0.0,0.0,0.0,0.0,0.0,0.0,0.0,1.0,0.0,0.0,-105.77,121.55,0.2,1.1,0.144,1642.0,1.0,0.0048721071863581,0.01278928136419,0.0182704019488428
0.0,0.0,0.0,0.0,0.0,0.0,0.0,0.0,0.0,0.0,0.0,0.0,0.0,1.0,0.0,0.0,0.0,0.0,0.0,0.0,0.0,0.0,0.0,0.0,1.0,0.0,0.0,-118.08,142.66,4.2,1.1,0.144,1642.0,1.0,0.0048721071863581,0.015225334957369,0.0207064555420219
0.0,0.0,0.0,0.0,1.0,0.0,0.0,0.0,0.0,0.0,0.0,0.0,0.0,0.0,0.0,0.0,0.0,0.0,0.0,0.0,0.0,0.0,0.0,0.0,1.0,0.0,0.0,-117.97,132.27,0.0,1.1,0.144,1642.0,1.0,0.0048721071863581,0.0146163215590742,0.0200974421437271
0.0,0.0,0.0,0.0,1.0,0.0,0.0,0.0,0.0,0.0,0.0,0.0,0.0,0.0,0.0,0.0,0.0,0.0,0.0,0.0,0.0,0.0,0.0,0.0,1.0,0.0,0.0,-129.26,149.22,15.4,1.1,0.144,1642.0,1.0,0.0048721071863581,0.0146163215590742,0.0200974421437271
0.0,0.0,0.0,0.0,0.0,0.0,0.0,0.0,1.0,0.0,0.0,0.0,0.0,0.0,0.0,0.0,0.0,0.0,0.0,0.0,0.0,0.0,0.0,0.0,1.0,0.0,0.0,-132.97,126.37,82.6,1.1,0.144,1642.0,0.5,0.0048721071863581,0.0079171741778319,0.0133982947624847
0.0,0.0,0.0,0.0,0.0,0.0,0.0,0.0,1.0,0.0,0.0,0.0,0.0,0.0,0.0,0.0,0.0,0.0,0.0,0.0,0.0,0.0,0.0,0.0,0.0,0.0,1.0,48.79,47.05,148.5,1.1,0.144,1642.0,1.0,0.0048721071863581,0.0054811205846528,0.0109622411693057
0.0,0.0,0.0,0.0,0.0,1.0,0.0,0.0,0.0,0.0,0.0,0.0,0.0,0.0,0.0,0.0,0.0,0.0,0.0,0.0,0.0,0.0,0.0,0.0,0.0,0.0,1.0,78.87,-0.2,21.5,1.1,0.144,1642.0,1.0,0.0036540803897685,0.0109622411693057,0.015225334957369
0.0,0.0,0.0,0.0,0.0,0.0,0.0,0.0,0.0,0.0,0.0,0.0,0.0,1.0,0.0,0.0,0.0,0.0,0.0,0.0,0.0,0.0,0.0,0.0,1.0,0.0,0.0,-113.19,135.13,130.3,1.1,0.144,1642.0,1.0,0.0054811205846528,0.0091352009744214,0.015225334957369
0.0,0.0,0.0,0.0,0.0,0.0,0.0,0.0,1.0,0.0,0.0,0.0,0.0,0.0,0.0,0.0,0.0,0.0,0.0,0.0,0.0,0.0,0.0,0.0,1.0,0.0,0.0,-73.33,128.49,107.2,1.1,0.144,1642.0,1.0,0.0048721071863581,0.0115712545676004,0.0170523751522533
0.0,0.0,0.0,0.0,0.0,0.0,0.0,0.0,0.0,0.0,0.0,0.0,0.0,0.0,0.0,0.0,0.0,1.0,0.0,0.0,0.0,0.0,0.0,0.0,1.0,0.0,0.0,-124.89,-7.63,73.1,1.1,0.144,1642.0,1.0,0.0054811205846528,0.0066991473812423,0.01278928136419
0.0,0.0,0.0,0.0,0.0,1.0,0.0,0.0,0.0,0.0,0.0,0.0,0.0,0.0,0.0,0.0,0.0,0.0,0.0,0.0,0.0,0.0,0.0,0.0,1.0,0.0,0.0,-163.45,164.82,16.9,1.1,0.144,1642.0,1.0,0.0036540803897685,0.0097442143727162,0.0140073081607795
0.0,0.0,0.0,1.0,0.0,0.0,0.0,0.0,0.0,0.0,0.0,0.0,0.0,0.0,0.0,0.0,0.0,0.0,0.0,0.0,0.0,0.0,0.0,0.0,1.0,0.0,0.0,-176.34,138.22,84.6,1.1,0.144,1642.0,1.0,0.0048721071863581,0.0109622411693057,0.0164433617539585
0.0,0.0,0.0,0.0,1.0,0.0,0.0,0.0,0.0,0.0,0.0,0.0,0.0,0.0,0.0,0.0,0.0,0.0,0.0,0.0,0.0,0.0,0.0,0.0,1.0,0.0,0.0,-152.89,169.05,26.4,1.1,0.144,1642.0,1.0,0.0048721071863581,0.0079171741778319,0.0133982947624847
0.0,0.0,0.0,0.0,0.0,0.0,0.0,0.0,0.0,0.0,0.0,0.0,0.0,0.0,0.0,1.0,0.0,0.0,0.0,0.0,0.0,0.0,0.0,0.0,1.0,0.0,0.0,-126.61,150.86,60.1,1.1,0.144,1642.0,0.5,0.0048721071863581,0.0109622411693057,0.0164433617539585
0.0,0.0,0.0,0.0,0.0,1.0,0.0,0.0,0.0,0.0,0.0,0.0,0.0,0.0,0.0,0.0,0.0,0.0,0.0,0.0,0.0,0.0,0.0,0.0,0.0,0.0,1.0,114.96,155.66,26.7,1.1,0.144,1642.0,1.0,0.0036540803897685,0.0079171741778319,0.0121802679658952
1.0,0.0,0.0,0.0,0.0,0.0,0.0,0.0,0.0,0.0,0.0,0.0,0.0,0.0,0.0,0.0,0.0,0.0,0.0,0.0,0.0,0.0,0.0,0.0,0.0,0.0,1.0,-84.35,66.58,41.7,1.1,0.144,1642.0,1.0,0.0042630937880633,0.0079171741778319,0.01278928136419
0.0,0.0,0.0,0.0,0.0,0.0,0.0,0.0,0.0,0.0,0.0,1.0,0.0,0.0,0.0,0.0,0.0,0.0,0.0,0.0,0.0,0.0,0.0,0.0,0.0,0.0,1.0,-113.87,104.38,57.3,1.1,0.144,1642.0,1.0,0.0054811205846528,0.0091352009744214,0.015225334957369
0.0,0.0,0.0,0.0,0.0,0.0,0.0,0.0,1.0,0.0,0.0,0.0,0.0,0.0,0.0,0.0,0.0,0.0,0.0,0.0,0.0,0.0,0.0,1.0,0.0,0.0,0.0,-59.39,-45.52,84.5,1.1,0.144,1642.0,0.5,0.0048721071863581,0.0140073081607795,0.0194884287454324
0.0,0.0,0.0,1.0,0.0,0.0,0.0,0.0,0.0,0.0,0.0,0.0,0.0,0.0,0.0,0.0,0.0,0.0,0.0,0.0,0.0,0.0,0.0,1.0,0.0,0.0,0.0,-70.01,-41.36,122.5,1.1,0.144,1642.0,1.0,0.0048721071863581,0.0097442143727162,0.015225334957369
0.0,0.0,0.0,0.0,0.0,0.0,0.0,0.0,1.0,0.0,0.0,0.0,0.0,0.0,0.0,0.0,0.0,0.0,0.0,0.0,0.0,0.0,0.0,1.0,0.0,0.0,0.0,-66.32,-37.92,96.8,1.1,0.144,1642.0,1.0,0.0048721071863581,0.0140073081607795,0.0194884287454324
0.0,0.0,0.0,0.0,0.0,0.0,0.0,0.0,0.0,1.0,0.0,0.0,0.0,0.0,0.0,0.0,0.0,0.0,0.0,0.0,0.0,0.0,0.0,1.0,0.0,0.0,0.0,-59.58,-52.17,0.0,1.1,0.144,1642.0,1.0,0.0048721071863581,0.01278928136419,0.0182704019488428
0.0,0.0,0.0,1.0,0.0,0.0,0.0,0.0,0.0,0.0,0.0,0.0,0.0,0.0,0.0,0.0,0.0,0.0,0.0,0.0,0.0,0.0,0.0,1.0,0.0,0.0,0.0,-65.11,-41.27,36.9,1.1,0.144,1642.0,1.0,0.0048721071863581,0.0140073081607795,0.0194884287454324
1.0,0.0,0.0,0.0,0.0,0.0,0.0,0.0,0.0,0.0,0.0,0.0,0.0,0.0,0.0,0.0,0.0,0.0,0.0,0.0,0.0,0.0,0.0,1.0,0.0,0.0,0.0,-62.37,-37.55,45.3,1.1,0.144,1642.0,1.0,0.0042630937880633,0.0115712545676004,0.0164433617539585
0.0,0.0,0.0,0.0,0.0,0.0,0.0,0.0,0.0,0.0,0.0,0.0,0.0,0.0,0.0,0.0,1.0,0.0,0.0,0.0,0.0,0.0,0.0,1.0,0.0,0.0,0.0,-65.7,-45.44,16.0,1.1,0.144,1642.0,1.0,0.0054811205846528,0.01278928136419,0.0188794153471376
0.0,0.0,0.0,0.0,0.0,0.0,0.0,1.0,0.0,0.0,0.0,0.0,0.0,0.0,0.0,0.0,0.0,0.0,0.0,0.0,0.0,0.0,0.0,1.0,0.0,0.0,0.0,-53.52,-52.78,0.0,1.1,0.144,1642.0,1.0,0.0054811205846528,0.0103532277710109,0.0164433617539585
0.0,0.0,0.0,0.0,0.0,0.0,0.0,0.0,0.0,0.0,0.0,1.0,0.0,0.0,0.0,0.0,0.0,0.0,0.0,0.0,0.0,0.0,0.0,1.0,0.0,0.0,0.0,-58.11,-43.77,76.1,1.1,0.144,1642.0,0.5,0.0054811205846528,0.0097442143727162,0.0158343483556638
0.0,0.0,0.0,1.0,0.0,0.0,0.0,0.0,0.0,0.0,0.0,0.0,0.0,0.0,0.0,0.0,0.0,0.0,0.0,0.0,0.0,0.0,0.0,1.0,0.0,0.0,0.0,-73.08,-22.53,137.7,1.1,0.144,1642.0,1.0,0.0048721071863581,0.0103532277710109,0.0158343483556638
0.0,0.0,0.0,0.0,0.0,0.0,0.0,0.0,0.0,1.0,0.0,0.0,0.0,0.0,0.0,0.0,0.0,0.0,0.0,0.0,0.0,0.0,0.0,1.0,0.0,0.0,0.0,-93.91,-7.75,42.1,1.1,0.144,1642.0,1.0,0.0054811205846528,0.0103532277710109,0.0164433617539585
0.0,0.0,0.0,0.0,0.0,0.0,0.0,0.0,0.0,0.0,0.0,0.0,0.0,0.0,0.0,0.0,0.0,1.0,0.0,0.0,0.0,0.0,0.0,0.0,0.0,1.0,0.0,-110.81,360.0,113.5,1.1,0.144,1642.0,1.0,0.0054811205846528,0.0048721071863581,0.0109622411693057
