0.0,0.0,0.0,0.0,0.0,0.0,0.0,0.0,0.0,1.0,0.0,0.0,0.0,0.0,0.0,0.0,0.0,0.0,0.0,0.0,0.0,0.0,0.0,0.0,0.0,1.0,0.0,360.0,151.5,159.1,1.42,0.167,1364.0,1.0,0.0043988269794721,0.0043988269794721,0.0095307917888563
1.0,0.0,0.0,0.0,0.0,0.0,0.0,0.0,0.0,0.0,0.0,0.0,0.0,0.0,0.0,0.0,0.0,0.0,0.0,0.0,0.0,0.0,0.0,0.0,0.0,1.0,0.0,-64.19,156.32,45.6,1.42,0.167,1364.0,1.0,0.0051319648093841,0.0073313782991202,0.0131964809384164
0.0,0.0,0.0,0.0,0.0,0.0,0.0,0.0,0.0,0.0,0.0,1.0,0.0,0.0,0.0,0.0,0.0,0.0,0.0,0.0,0.0,0.0,0.0,0.0,0.0,1.0,0.0,-74.47,149.35,97.5,1.42,0.167,1364.0,1.0,0.0065982404692082,0.0109970674486803,0.0183284457478005
0.0,0.0,0.0,0.0,0.0,0.0,0.0,0.0,0.0,1.0,0.0,0.0,0.0,0.0,0.0,0.0,0.0,0.0,0.0,0.0,0.0,0.0,1.0,0.0,0.0,0.0,0.0,-51.75,-43.21,1.9,1.42,0.167,1364.0,1.0,0.0058651026392961,0.0146627565982404,0.0212609970674486
0.0,0.0,0.0,0.0,0.0,0.0,0.0,0.0,0.0,0.0,0.0,0.0,0.0,0.0,0.0,1.0,0.0,0.0,0.0,0.0,0.0,0.0,1.0,0.0,0.0,0.0,0.0,-68.03,-6.05,23.9,1.42,0.167,1364.0,1.0,0.0058651026392961,0.0183284457478005,0.0249266862170087
0.0,0.0,0.0,1.0,0.0,0.0,0.0,0.0,0.0,0.0,0.0,0.0,0.0,0.0,0.0,0.0,0.0,0.0,0.0,0.0,0.0,0.0,1.0,0.0,0.0,0.0,0.0,-89.55,-14.06,131.6,1.42,0.167,1364.0,1.0,0.0058651026392961,0.0109970674486803,0.0175953079178885
0.0,0.0,0.0,0.0,0.0,0.0,0.0,0.0,0.0,1.0,0.0,0.0,0.0,0.0,0.0,0.0,0.0,0.0,0.0,0.0,0.0,0.0,0.0,0.0,0.0,0.0,1.0,-70.92,150.76,32.5,1.42,0.167,1364.0,1.0,0.0065982404692082,0.0109970674486803,0.0183284457478005
0.0,0.0,0.0,0.0,0.0,0.0,0.0,0.0,0.0,0.0,0.0,0.0,1.0,0.0,0.0,0.0,0.0,0.0,0.0,0.0,0.0,0.0,0.0,0.0,0.0,0.0,1.0,-54.84,136.87,48.6,1.42,0.167,1364.0,1.0,0.0065982404692082,0.0095307917888563,0.0168621700879765
0.0,0.0,0.0,0.0,0.0,0.0,0.0,0.0,0.0,0.0,0.0,1.0,0.0,0.0,0.0,0.0,0.0,0.0,0.0,0.0,0.0,0.0,0.0,0.0,0.0,0.0,1.0,74.69,-1.6,38.5,1.42,0.167,1364.0,1.0,0.0058651026392961,0.0102639296187683,0.0168621700879765
0.0,0.0,0.0,0.0,0.0,0.0,0.0,1.0,0.0,0.0,0.0,0.0,0.0,0.0,0.0,0.0,0.0,0.0,0.0,0.0,0.0,0.0,0.0,0.0,0.0,0.0,1.0,-109.13,103.65,4.8,1.42,0.167,1364.0,0.5,0.0065982404692082,0.0117302052785923,0.0190615835777126
0.0,0.0,0.0,0.0,0.0,1.0,0.0,0.0,0.0,0.0,0.0,0.0,0.0,0.0,0.0,0.0,0.0,0.0,0.0,0.0,0.0,0.0,0.0,0.0,0.0,1.0,0.0,-89.42,-171.38,31.5,1.42,0.167,1364.0,1.0,0.0043988269794721,0.0095307917888563,0.0146627565982404
0.0,0.0,0.0,0.0,0.0,0.0,0.0,0.0,1.0,0.0,0.0,0.0,0.0,0.0,0.0,0.0,0.0,0.0,0.0,0.0,0.0,0.0,0.0,1.0,0.0,0.0,0.0,-57.6,-41.06,141.7,1.42,0.167,1364.0,1.0,0.0065982404692082,0.0073313782991202,0.0146627565982404
0.0,0.0,0.0,0.0,0.0,0.0,0.0,0.0,0.0,0.0,0.0,0.0,0.0,0.0,0.0,0.0,0.0,1.0,0.0,0.0,0.0,0.0,0.0,1.0,0.0,0.0,0.0,-72.63,-39.77,21.8,1.42,0.167,1364.0,1.0,0.0065982404692082,0.0102639296187683,0.0175953079178885
0.0,0.0,0.0,0.0,0.0,0.0,0.0,0.0,0.0,1.0,0.0,0.0,0.0,0.0,0.0,0.0,0.0,0.0,0.0,0.0,0.0,0.0,0.0,1.0,0.0,0.0,0.0,-68.19,-35.28,6.2,1.42,0.167,1364.0,1.0,0.0058651026392961,0.0146627565982404,0.0212609970674486
0.0,0.0,0.0,1.0,0.0,0.0,0.0,0.0,0.0,0.0,0.0,0.0,0.0,0.0,0.0,0.0,0.0,0.0,0.0,0.0,0.0,0.0,0.0,1.0,0.0,0.0,0.0,-61.02,-43.1,35.9,1.42,0.167,1364.0,1.0,0.0058651026392961,0.0168621700879765,0.0234604105571847
0.0,0.0,0.0,0.0,0.0,0.0,0.0,0.0,0.0,0.0,0.0,0.0,0.0,1.0,0.0,0.0,0.0,0.0,0.0,0.0,0.0,0.0,0.0,1.0,0.0,0.0,0.0,-62.97,-43.2,101.9,1.42,0.167,1364.0,1.0,0.0058651026392961,0.0146627565982404,0.0212609970674486
0.0,0.0,1.0,0.0,0.0,0.0,0.0,0.0,0.0,0.0,0.0,0.0,0.0,0.0,0.0,0.0,0.0,0.0,0.0,0.0,0.0,0.0,0.0,1.0,0.0,0.0,0.0,-65.49,-40.32,14.5,1.42,0.167,1364.0,1.0,0.0065982404692082,0.0153958944281524,0.0227272727272727
0.0,0.0,0.0,0.0,0.0,0.0,0.0,0.0,0.0,1.0,0.0,0.0,0.0,0.0,0.0,0.0,0.0,0.0,0.0,0.0,0.0,0.0,0.0,1.0,0.0,0.0,0.0,-61.18,-44.7,0.0,1.42,0.167,1364.0,1.0,0.0058651026392961,0.0168621700879765,0.0234604105571847
0.0,0.0,0.0,0.0,0.0,0.0,0.0,1.0,0.0,0.0,0.0,0.0,0.0,0.0,0.0,0.0,0.0,0.0,0.0,0.0,0.0,0.0,0.0,1.0,0.0,0.0,0.0,-61.14,-44.08,66.9,1.42,0.167,1364.0,1.0,0.0065982404692082,0.0146627565982404,0.0219941348973607
0.0,0.0,0.0,0.0,0.0,0.0,0.0,0.0,1.0,0.0,0.0,0.0,0.0,0.0,0.0,0.0,0.0,0.0,0.0,0.0,0.0,0.0,0.0,1.0,0.0,0.0,0.0,-62.89,-24.43,141.0,1.42,0.167,1364.0,1.0,0.0058651026392961,0.0124633431085043,0.0190615835777126
1.0,0.0,0.0,0.0,0.0,0.0,0.0,0.0,0.0,0.0,0.0,0.0,0.0,0.0,0.0,0.0,0.0,0.0,0.0,0.0,0.0,0.0,0.0,1.0,0.0,0.0,0.0,-90.4,4.43,16.7,1.42,0.167,1364.0,1.0,0.0051319648093841,0.0117302052785923,0.0175953079178885
0.0,0.0,0.0,0.0,0.0,1.0,0.0,0.0,0.0,0.0,0.0,0.0,0.0,0.0,0.0,0.0,0.0,0.0,0.0,0.0,0.0,0.0,0.0,0.0,0.0,1.0,0.0,87.25,9.91,42.0,1.42,0.167,1364.0,1.0,0.0043988269794721,0.0109970674486803,0.0161290322580645
0.0,0.0,0.0,0.0,0.0,0.0,0.0,1.0,0.0,0.0,0.0,0.0,0.0,0.0,0.0,0.0,0.0,0.0,0.0,0.0,0.0,0.0,0.0,0.0,0.0,1.0,0.0,-111.4,106.34,1.2,1.42,0.167,1364.0,1.0,0.0065982404692082,0.0117302052785923,0.0190615835777126
0.0,0.0,0.0,0.0,0.0,0.0,0.0,0.0,1.0,0.0,0.0,0.0,0.0,0.0,0.0,0.0,0.0,0.0,0.0,0.0,0.0,0.0,0.0,0.0,0.0,1.0,0.0,-110.62,-10.61,109.6,1.42,0.167,1364.0,1.0,0.0058651026392961,0.0139296187683284,0.0205278592375366
0.0,0.0,0.0,0.0,0.0,0.0,0.0,0.0,0.0,0.0,0.0,0.0,0.0,0.0,0.0,0.0,1.0,0.0,0.0,0.0,0.0,0.0,0.0,0.0,0.0,1.0,0.0,-145.4,163.56,36.9,1.42,0.167,1364.0,1.0,0.0073313782991202,0.0109970674486803,0.0190615835777126
0.0,0.0,0.0,0.0,0.0,0.0,0.0,0.0,0.0,0.0,0.0,0.0,1.0,0.0,0.0,0.0,0.0,0.0,0.0,0.0,0.0,0.0,0.0,1.0,0.0,0.0,0.0,-59.3,-34.49,19.8,1.42,0.167,1364.0,1.0,0.0065982404692082,0.0102639296187683,0.0175953079178885
0.0,0.0,0.0,0.0,0.0,0.0,0.0,0.0,0.0,0.0,0.0,0.0,0.0,0.0,0.0,0.0,0.0,1.0,0.0,0.0,0.0,0.0,0.0,1.0,0.0,0.0,0.0,-64.05,-42.0,74.2,1.42,0.167,1364.0,1.0,0.0065982404692082,0.0095307917888563,0.0168621700879765
0.0,0.0,0.0,1.0,0.0,0.0,0.0,0.0,0.0,0.0,0.0,0.0,0.0,0.0,0.0,0.0,0.0,0.0,0.0,0.0,0.0,0.0,0.0,1.0,0.0,0.0,0.0,-64.21,-39.65,71.6,1.42,0.167,1364.0,1.0,0.0058651026392961,0.0153958944281524,0.0219941348973607
0.0,0.0,0.0,0.0,0.0,0.0,0.0,0.0,0.0,1.0,0.0,0.0,0.0,0.0,0.0,0.0,0.0,0.0,0.0,0.0,0.0,0.0,0.0,1.0,0.0,0.0,0.0,-63.97,-47.65,0.8,1.42,0.167,1364.0,1.0,0.0058651026392961,0.0131964809384164,0.0197947214076246
0.0,0.0,0.0,0.0,0.0,0.0,0.0,0.0,1.0,0.0,0.0,0.0,0.0,0.0,0.0,0.0,0.0,0.0,0.0,0.0,0.0,0.0,0.0,1.0,0.0,0.0,0.0,-64.42,-35.8,139.7,1.42,0.167,1364.0,1.0,0.0058651026392961,0.0131964809384164,0.0197947214076246
0.0,0.0,1.0,0.0,0.0,0.0,0.0,0.0,0.0,0.0,0.0,0.0,0.0,0.0,0.0,0.0,0.0,0.0,0.0,0.0,0.0,0.0,0.0,1.0,0.0,0.0,0.0,-60.73,-46.31,133.0,1.42,0.167,1364.0,1.0,0.0065982404692082,0.0109970674486803,0.0183284457478005
0.0,0.0,0.0,0.0,0.0,0.0,0.0,0.0,0.0,0.0,0.0,0.0,0.0,0.0,0.0,0.0,0.0,1.0,0.0,0.0,0.0,0.0,0.0,1.0,0.0,0.0,0.0,-82.53,-29.97,40.8,1.42,0.167,1364.0,1.0,0.0065982404692082,0.0095307917888563,0.0168621700879765
0.0,0.0,0.0,0.0,0.0,1.0,0.0,0.0,0.0,0.0,0.0,0.0,0.0,0.0,0.0,0.0,0.0,0.0,0.0,0.0,0.0,0.0,0.0,0.0,0.0,1.0,0.0,83.57,163.9,19.5,1.42,0.167,1364.0,1.0,0.0043988269794721,0.0109970674486803,0.0161290322580645
0.0,0.0,0.0,0.0,0.0,0.0,0.0,0.0,0.0,0.0,0.0,0.0,0.0,0.0,0.0,1.0,0.0,0.0,0.0,0.0,0.0,0.0,0.0,1.0,0.0,0.0,0.0,-63.66,-43.23,4.5,1.42,0.167,1364.0,1.0,0.0058651026392961,0.0131964809384164,0.0197947214076246
0.0,0.0,0.0,0.0,0.0,0.0,0.0,0.0,1.0,0.0,0.0,0.0,0.0,0.0,0.0,0.0,0.0,0.0,0.0,0.0,0.0,0.0,0.0,1.0,0.0,0.0,0.0,-63.36,-49.34,66.2,1.42,0.167,1364.0,1.0,0.0058651026392961,0.0131964809384164,0.0197947214076246
0.0,0.0,0.0,1.0,0.0,0.0,0.0,0.0,0.0,0.0,0.0,0.0,0.0,0.0,0.0,0.0,0.0,0.0,0.0,0.0,0.0,0.0,0.0,1.0,0.0,0.0,0.0,-68.63,-38.11,76.0,1.42,0.167,1364.0,1.0,0.0058651026392961,0.0139296187683284,0.0205278592375366
1.0,0.0,0.0,0.0,0.0,0.0,0.0,0.0,0.0,0.0,0.0,0.0,0.0,0.0,0.0,0.0,0.0,0.0,0.0,0.0,0.0,0.0,0.0,1.0,0.0,0.0,0.0,-58.16,-46.6,0.0,1.42,0.167,1364.0,1.0,0.0051319648093841,0.0146627565982404,0.0205278592375366
0.0,0.0,0.0,0.0,1.0,0.0,0.0,0.0,0.0,0.0,0.0,0.0,0.0,0.0,0.0,0.0,0.0,0.0,0.0,0.0,0.0,0.0,0.0,1.0,0.0,0.0,0.0,-55.79,-46.64,0.0,1.42,0.167,1364.0,1.0,0.0058651026392961,0.0161290322580645,0.0227272727272727
0.0,0.0,0.0,0.0,0.0,0.0,0.0,0.0,0.0,1.0,0.0,0.0,0.0,0.0,0.0,0.0,0.0,0.0,0.0,0.0,0.0,0.0,0.0,1.0,0.0,0.0,0.0,-61.13,-38.95,48.6,1.42,0.167,1364.0,1.0,0.0058651026392961,0.0139296187683284,0.0205278592375366
0.0,0.0,0.0,0.0,0.0,0.0,0.0,0.0,0.0,0.0,0.0,0.0,0.0,0.0,1.0,0.0,0.0,0.0,0.0,0.0,0.0,0.0,0.0,1.0,0.0,0.0,0.0,-63.69,-43.7,92.4,1.42,0.167,1364.0,0.5,0.0058651026392961,0.0146627565982404,0.0212609970674486
0.0,0.0,0.0,0.0,0.0,0.0,0.0,1.0,0.0,0.0,0.0,0.0,0.0,0.0,0.0,0.0,0.0,0.0,0.0,0.0,0.0,0.0,0.0,1.0,0.0,0.0,0.0,-64.71,-41.79,1.2,1.42,0.167,1364.0,1.0,0.0065982404692082,0.0131964809384164,0.0205278592375366
0.0,0.0,0.0,0.0,0.0,0.0,0.0,0.0,0.0,0.0,0.0,0.0,0.0,0.0,0.0,0.0,0.0,0.0,1.0,0.0,0.0,0.0,0.0,1.0,0.0,0.0,0.0,-57.9,-33.56,75.5,1.42,0.167,1364.0,1.0,0.0058651026392961,0.0197947214076246,0.0263929618768328
0.0,0.0,0.0,1.0,0.0,0.0,0.0,0.0,0.0,0.0,0.0,0.0,0.0,0.0,0.0,0.0,0.0,0.0,0.0,0.0,0.0,0.0,0.0,1.0,0.0,0.0,0.0,-63.99,-25.74,150.7,1.42,0.167,1364.0,1.0,0.0058651026392961,0.0124633431085043,0.0190615835777126
0.0,0.0,0.0,0.0,0.0,0.0,0.0,0.0,0.0,0.0,0.0,1.0,0.0,0.0,0.0,0.0,0.0,0.0,0.0,0.0,0.0,0.0,0.0,1.0,0.0,0.0,0.0,-93.7,-37.47,104.0,1.42,0.167,1364.0,1.0,0.0065982404692082,0.0087976539589442,0.0161290322580645
0.0,0.0,1.0,0.0,0.0,0.0,0.0,0.0,0.0,0.0,0.0,0.0,0.0,0.0,0.0,0.0,0.0,0.0,0.0,0.0,0.0,0.0,0.0,0.0,0.0,0.0,1.0,-146.79,102.43,52.9,1.42,0.167,1364.0,1.0,0.0065982404692082,0.0109970674486803,0.0183284457478005
0.0,0.0,0.0,0.0,0.0,0.0,0.0,0.0,0.0,0.0,0.0,0.0,0.0,0.0,0.0,1.0,0.0,0.0,0.0,0.0,0.0,0.0,0.0,0.0,0.0,0.0,1.0,-76.46,4.93,77.6,1.42,0.167,1364.0,1.0,0.0058651026392961,0.0139296187683284,0.0205278592375366
0.0,0.0,0.0,0.0,0.0,0.0,0.0,0.0,0.0,0.0,0.0,0.0,0.0,0.0,0.0,1.0,0.0,0.0,0.0,0.0,0.0,0.0,0.0,0.0,0.0,0.0,1.0,-79.64,-14.83,29.0,1.42,0.167,1364.0,1.0,0.0058651026392961,0.0117302052785923,0.0183284457478005
0.0,0.0,0.0,0.0,0.0,0.0,0.0,0.0,0.0,0.0,0.0,0.0,0.0,0.0,0.0,0.0,0.0,1.0,0.0,0.0,0.0,0.0,0.0,0.0,0.0,0.0,1.0,-56.47,135.25,1.5,1.42,0.167,1364.0,1.0,0.0065982404692082,0.0139296187683284,0.0212609970674486
0.0,1.0,0.0,0.0,0.0,0.0,0.0,0.0,0.0,0.0,0.0,0.0,0.0,0.0,0.0,0.0,0.0,0.0,0.0,0.0,0.0,0.0,0.0,0.0,0.0,1.0,0.0,-117.25,165.31,25.2,1.42,0.167,1364.0,1.0,0.0058651026392961,0.0117302052785923,0.0183284457478005
0.0,0.0,0.0,0.0,0.0,0.0,0.0,0.0,0.0,0.0,1.0,0.0,0.0,0.0,0.0,0.0,0.0,0.0,0.0,0.0,0.0,0.0,0.0,1.0,0.0,0.0,0.0,-51.18,-40.73,28.8,1.42,0.167,1364.0,0.5,0.0058651026392961,0.0139296187683284,0.0205278592375366
0.0,0.0,0.0,0.0,0.0,0.0,0.0,0.0,0.0,0.0,0.0,0.0,0.0,0.0,0.0,1.0,0.0,0.0,0.0,0.0,0.0,0.0,0.0,1.0,0.0,0.0,0.0,-60.83,-36.25,9.9,1.42,0.167,1364.0,0.5,0.0058651026392961,0.0117302052785923,0.0183284457478005
0.0,0.0,0.0,1.0,0.0,0.0,0.0,0.0,0.0,0.0,0.0,0.0,0.0,0.0,0.0,0.0,0.0,0.0,0.0,0.0,0.0,0.0,0.0,1.0,0.0,0.0,0.0,-74.04,-27.64,5.0,1.42,0.167,1364.0,1.0,0.0058651026392961,0.0139296187683284,0.0205278592375366
0.0,0.0,0.0,0.0,0.0,0.0,0.0,0.0,0.0,1.0,0.0,0.0,0.0,0.0,0.0,0.0,0.0,0.0,0.0,0.0,0.0,0.0,0.0,1.0,0.0,0.0,0.0,-63.06,-44.94,0.0,1.42,0.167,1364.0,1.0,0.0058651026392961,0.0161290322580645,0.0227272727272727
0.0,0.0,0.0,0.0,0.0,0.0,0.0,0.0,0.0,0.0,0.0,0.0,0.0,0.0,0.0,0.0,0.0,0.0,0.0,1.0,0.0,0.0,0.0,1.0,0.0,0.0,0.0,-59.1,-42.25,7.2,1.42,0.167,1364.0,1.0,0.0065982404692082,0.0161290322580645,0.0234604105571847
1.0,0.0,0.0,0.0,0.0,0.0,0.0,0.0,0.0,0.0,0.0,0.0,0.0,0.0,0.0,0.0,0.0,0.0,0.0,0.0,0.0,0.0,0.0,1.0,0.0,0.0,0.0,-60.22,-44.25,5.6,1.42,0.167,1364.0,1.0,0.0051319648093841,0.0175953079178885,0.0234604105571847
0.0,0.0,0.0,0.0,0.0,0.0,0.0,0.0,0.0,1.0,0.0,0.0,0.0,0.0,0.0,0.0,0.0,0.0,0.0,0.0,0.0,0.0,0.0,1.0,0.0,0.0,0.0,-63.81,-41.3,0.0,1.42,0.167,1364.0,1.0,0.0058651026392961,0.0124633431085043,0.0190615835777126
0.0,0.0,0.0,1.0,0.0,0.0,0.0,0.0,0.0,0.0,0.0,0.0,0.0,0.0,0.0,0.0,0.0,0.0,0.0,0.0,0.0,0.0,0.0,1.0,0.0,0.0,0.0,-66.18,-42.85,20.2,1.42,0.167,1364.0,1.0,0.0058651026392961,0.0146627565982404,0.0212609970674486
0.0,0.0,0.0,0.0,0.0,1.0,0.0,0.0,0.0,0.0,0.0,0.0,0.0,0.0,0.0,0.0,0.0,0.0,0.0,0.0,0.0,0.0,0.0,1.0,0.0,0.0,0.0,-57.52,-41.05,0.0,1.42,0.167,1364.0,1.0,0.0043988269794721,0.0212609970674486,0.0263929618768328
1.0,0.0,0.0,0.0,0.0,0.0,0.0,0.0,0.0,0.0,0.0,0.0,0.0,0.0,0.0,0.0,0.0,0.0,0.0,0.0,0.0,0.0,0.0,1.0,0.0,0.0,0.0,-62.2,-45.13,7.3,1.42,0.167,1364.0,1.0,0.0051319648093841,0.0175953079178885,0.0234604105571847
0.0,0.0,0.0,0.0,0.0,0.0,0.0,0.0,0.0,0.0,0.0,0.0,0.0,0.0,0.0,0.0,0.0,1.0,0.0,0.0,0.0,0.0,0.0,1.0,0.0,0.0,0.0,-59.59,-40.42,30.1,1.42,0.167,1364.0,1.0,0.0065982404692082,0.0102639296187683,0.0175953079178885
0.0,0.0,0.0,0.0,0.0,0.0,0.0,0.0,0.0,0.0,0.0,0.0,0.0,1.0,0.0,0.0,0.0,0.0,0.0,0.0,0.0,0.0,0.0,1.0,0.0,0.0,0.0,-84.05,-6.47,81.5,1.42,0.167,1364.0,1.0,0.0058651026392961,0.0117302052785923,0.0183284457478005
0.0,0.0,0.0,0.0,0.0,1.0,0.0,0.0,0.0,0.0,0.0,0.0,0.0,0.0,0.0,0.0,0.0,0.0,0.0,0.0,0.0,0.0,0.0,0.0,0.0,1.0,0.0,71.03,30.87,48.2,1.42,0.167,1364.0,1.0,0.0043988269794721,0.0124633431085043,0.0175953079178885
0.0,0.0,0.0,0.0,0.0,0.0,0.0,1.0,0.0,0.0,0.0,0.0,0.0,0.0,0.0,0.0,0.0,0.0,0.0,0.0,0.0,0.0,0.0,0.0,0.0,1.0,0.0,-137.51,152.96,61.7,1.42,0.167,1364.0,1.0,0.0065982404692082,0.0102639296187683,0.0175953079178885
0.0,0.0,0.0,0.0,0.0,0.0,0.0,0.0,0.0,0.0,0.0,0.0,0.0,0.0,1.0,0.0,0.0,0.0,0.0,0.0,0.0,0.0,0.0,0.0,0.0,1.0,0.0,-60.98,135.16,162.2,1.42,0.167,1364.0,0.5,0.0058651026392961,0.0102639296187683,0.0168621700879765
0.0,0.0,0.0,0.0,0.0,0.0,0.0,0.0,0.0,0.0,0.0,0.0,0.0,0.0,0.0,0.0,0.0,0.0,1.0,0.0,0.0,0.0,1.0,0.0,0.0,0.0,0.0,-64.51,-21.88,15.0,1.42,0.167,1364.0,1.0,0.0058651026392961,0.0183284457478005,0.0249266862170087
0.0,0.0,0.0,0.0,0.0,0.0,1.0,0.0,0.0,0.0,0.0,0.0,0.0,0.0,0.0,0.0,0.0,0.0,0.0,0.0,0.0,0.0,1.0,0.0,0.0,0.0,0.0,-57.07,-32.49,54.2,1.42,0.167,1364.0,1.0,0.0058651026392961,0.0124633431085043,0.0190615835777126
0.0,0.0,0.0,0.0,0.0,1.0,0.0,0.0,0.0,0.0,0.0,0.0,0.0,0.0,0.0,0.0,0.0,0.0,0.0,0.0,0.0,0.0,1.0,0.0,0.0,0.0,0.0,-80.35,-1.47,57.6,1.42,0.167,1364.0,1.0,0.0043988269794721,0.0087976539589442,0.0139296187683284
0.0,0.0,0.0,0.0,0.0,0.0,0.0,0.0,0.0,1.0,0.0,0.0,0.0,0.0,0.0,0.0,0.0,0.0,0.0,0.0,0.0,0.0,0.0,0.0,0.0,1.0,0.0,-56.99,140.97,7.8,1.42,0.167,1364.0,1.0,0.0058651026392961,0.0117302052785923,0.0183284457478005
0.0,0.0,1.0,0.0,0.0,0.0,0.0,0.0,0.0,0.0,0.0,0.0,0.0,0.0,0.0,0.0,0.0,0.0,0.0,0.0,0.0,0.0,0.0,0.0,0.0,1.0,0.0,-64.51,153.75,83.4,1.42,0.167,1364.0,1.0,0.0058651026392961,0.0095307917888563,0.0161290322580645
0.0,0.0,0.0,1.0,0.0,0.0,0.0,0.0,0.0,0.0,0.0,0.0,0.0,0.0,0.0,0.0,0.0,0.0,0.0,0.0,0.0,0.0,0.0,1.0,0.0,0.0,0.0,-61.03,-39.06,115.5,1.42,0.167,1364.0,1.0,0.0058651026392961,0.0124633431085043,0.0190615835777126
1.0,0.0,0.0,0.0,0.0,0.0,0.0,0.0,0.0,0.0,0.0,0.0,0.0,0.0,0.0,0.0,0.0,0.0,0.0,0.0,0.0,0.0,0.0,1.0,0.0,0.0,0.0,-59.85,-40.3,65.7,1.42,0.167,1364.0,1.0,0.0051319648093841,0.0102639296187683,0.0161290322580645
0.0,0.0,0.0,0.0,0.0,0.0,0.0,0.0,1.0,0.0,0.0,0.0,0.0,0.0,0.0,0.0,0.0,0.0,0.0,0.0,0.0,0.0,0.0,1.0,0.0,0.0,0.0,-67.14,-43.71,40.3,1.42,0.167,1364.0,1.0,0.0058651026392961,0.0153958944281524,0.0219941348973607
0.0,0.0,0.0,0.0,0.0,0.0,0.0,0.0,1.0,0.0,0.0,0.0,0.0,0.0,0.0,0.0,0.0,0.0,0.0,0.0,0.0,0.0,0.0,1.0,0.0,0.0,0.0,-58.74,-44.26,16.8,1.42,0.167,1364.0,1.0,0.0058651026392961,0.0168621700879765,0.0234604105571847
0.0,0.0,0.0,0.0,0.0,0.0,0.0,1.0,0.0,0.0,0.0,0.0,0.0,0.0,0.0,0.0,0.0,0.0,0.0,0.0,0.0,0.0,0.0,1.0,0.0,0.0,0.0,-64.24,-43.16,79.3,1.42,0.167,1364.0,1.0,0.0065982404692082,0.0117302052785923,0.0190615835777126
0.0,0.0,0.0,1.0,0.0,0.0,0.0,0.0,0.0,0.0,0.0,0.0,0.0,0.0,0.0,0.0,0.0,0.0,0.0,0.0,0.0,0.0,0.0,1.0,0.0,0.0,0.0,-54.67,-49.02,59.1,1.42,0.167,1364.0,1.0,0.0058651026392961,0.0175953079178885,0.0241935483870967
0.0,0.0,0.0,0.0,0.0,0.0,0.0,0.0,0.0,1.0,0.0,0.0,0.0,0.0,0.0,0.0,0.0,0.0,0.0,0.0,0.0,0.0,0.0,1.0,0.0,0.0,0.0,-68.94,-39.31,0.0,1.42,0.167,1364.0,1.0,0.0058651026392961,0.0161290322580645,0.0227272727272727
0.0,0.0,0.0,0.0,0.0,0.0,0.0,0.0,1.0,0.0,0.0,0.0,0.0,0.0,0.0,0.0,0.0,0.0,0.0,0.0,0.0,0.0,0.0,1.0,0.0,0.0,0.0,-60.21,-42.59,114.6,1.42,0.167,1364.0,1.0,0.0058651026392961,0.0153958944281524,0.0219941348973607
0.0,0.0,0.0,0.0,0.0,0.0,0.0,0.0,1.0,0.0,0.0,0.0,0.0,0.0,0.0,0.0,0.0,0.0,0.0,0.0,0.0,0.0,0.0,1.0,0.0,0.0,0.0,-61.72,-44.18,118.4,1.42,0.167,1364.0,1.0,0.0058651026392961,0.0146627565982404,0.0212609970674486
0.0,0.0,0.0,0.0,1.0,0.0,0.0,0.0,0.0,0.0,0.0,0.0,0.0,0.0,0.0,0.0,0.0,0.0,0.0,0.0,0.0,0.0,0.0,1.0,0.0,0.0,0.0,-60.51,-46.74,42.0,1.42,0.167,1364.0,1.0,0.0058651026392961,0.0146627565982404,0.0212609970674486
0.0,0.0,0.0,0.0,0.0,0.0,1.0,0.0,0.0,0.0,0.0,0.0,0.0,0.0,0.0,0.0,0.0,0.0,0.0,0.0,0.0,0.0,0.0,1.0,0.0,0.0,0.0,-66.75,-36.85,27.3,1.42,0.167,1364.0,1.0,0.0058651026392961,0.0168621700879765,0.0234604105571847
0.0,0.0,0.0,0.0,0.0,0.0,0.0,0.0,0.0,0.0,0.0,0.0,0.0,1.0,0.0,0.0,0.0,0.0,0.0,0.0,0.0,0.0,0.0,1.0,0.0,0.0,0.0,-61.21,-41.52,118.6,1.42,0.167,1364.0,1.0,0.0058651026392961,0.0139296187683284,0.0205278592375366
0.0,0.0,0.0,0.0,0.0,0.0,0.0,0.0,0.0,0.0,0.0,0.0,0.0,0.0,0.0,1.0,0.0,0.0,0.0,0.0,0.0,0.0,0.0,1.0,0.0,0.0,0.0,-62.75,-35.74,79.6,1.42,0.167,1364.0,1.0,0.0058651026392961,0.0102639296187683,0.0168621700879765
0.0,0.0,0.0,0.0,0.0,0.0,0.0,0.0,0.0,1.0,0.0,0.0,0.0,0.0,0.0,0.0,0.0,0.0,0.0,0.0,0.0,0.0,0.0,1.0,0.0,0.0,0.0,-71.86,-41.99,40.6,1.42,0.167,1364.0,1.0,0.0058651026392961,0.0131964809384164,0.0197947214076246
0.0,0.0,0.0,1.0,0.0,0.0,0.0,0.0,0.0,0.0,0.0,0.0,0.0,0.0,0.0,0.0,0.0,0.0,0.0,0.0,0.0,0.0,0.0,0.0,0.0,1.0,0.0,-113.36,61.25,101.7,1.42,0.167,1364.0,1.0,0.0058651026392961,0.0109970674486803,0.0175953079178885
0.0,0.0,0.0,0.0,0.0,1.0,0.0,0.0,0.0,0.0,0.0,0.0,0.0,0.0,0.0,0.0,0.0,0.0,0.0,0.0,0.0,0.0,0.0,0.0,0.0,1.0,0.0,-88.91,360.0,92.0,1.42,0.167,1364.0,1.0,0.002932551319648,0.0080645161290322,0.0117302052785923
1.0,0.0,0.0,0.0,0.0,0.0,0.0,0.0,0.0,0.0,0.0,0.0,0.0,0.0,0.0,0.0,0.0,0.0,0.0,0.0,0.0,0.0,0.0,0.0,0.0,1.0,0.0,360.0,147.79,52.3,1.42,0.167,1364.0,1.0,0.0036656891495601,0.0073313782991202,0.0117302052785923
0.0,0.0,0.0,0.0,0.0,0.0,0.0,0.0,0.0,0.0,0.0,1.0,0.0,0.0,0.0,0.0,0.0,0.0,0.0,0.0,0.0,0.0,0.0,0.0,0.0,1.0,0.0,-88.74,153.56,98.5,1.42,0.167,1364.0,1.0,0.0065982404692082,0.0117302052785923,0.0190615835777126
0.0,0.0,0.0,0.0,0.0,0.0,0.0,0.0,0.0,1.0,0.0,0.0,0.0,0.0,0.0,0.0,0.0,0.0,0.0,0.0,0.0,0.0,1.0,0.0,0.0,0.0,0.0,-50.86,-41.38,0.5,1.42,0.167,1364.0,1.0,0.0058651026392961,0.0153958944281524,0.0219941348973607
0.0,0.0,0.0,0.0,0.0,0.0,0.0,0.0,0.0,0.0,0.0,0.0,0.0,0.0,0.0,1.0,0.0,0.0,0.0,0.0,0.0,0.0,1.0,0.0,0.0,0.0,0.0,-75.56,-2.52,43.5,1.42,0.167,1364.0,1.0,0.0058651026392961,0.0146627565982404,0.0212609970674486
0.0,0.0,0.0,1.0,0.0,0.0,0.0,0.0,0.0,0.0,0.0,0.0,0.0,0.0,0.0,0.0,0.0,0.0,0.0,0.0,0.0,0.0,1.0,0.0,0.0,0.0,0.0,-91.19,-9.18,30.3,1.42,0.167,1364.0,1.0,0.0058651026392961,0.0124633431085043,0.0190615835777126
0.0,0.0,0.0,0.0,0.0,0.0,0.0,0.0,0.0,1.0,0.0,0.0,0.0,0.0,0.0,0.0,0.0,0.0,0.0,0.0,0.0,0.0,0.0,0.0,0.0,0.0,1.0,-77.37,150.86,12.9,1.42,0.167,1364.0,1.0,0.0065982404692082,0.0139296187683284,0.0212609970674486
0.0,0.0,0.0,0.0,0.0,0.0,0.0,0.0,0.0,0.0,0.0,0.0,1.0,0.0,0.0,0.0,0.0,0.0,0.0,0.0,0.0,0.0,0.0,0.0,0.0,0.0,1.0,-54.05,140.66,4.0,1.42,0.167,1364.0,1.0,0.0065982404692082,0.0109970674486803,0.0183284457478005
0.0,0.0,0.0,0.0,0.0,0.0,0.0,0.0,0.0,0.0,0.0,1.0,0.0,0.0,0.0,0.0,0.0,0.0,0.0,0.0,0.0,0.0,0.0,0.0,0.0,0.0,1.0,71.9,-5.78,40.3,1.42,0.167,1364.0,1.0,0.0058651026392961,0.0095307917888563,0.0161290322580645
0.0,0.0,0.0,0.0,0.0,0.0,0.0,1.0,0.0,0.0,0.0,0.0,0.0,0.0,0.0,0.0,0.0,0.0,0.0,0.0,0.0,0.0,0.0,0.0,0.0,0.0,1.0,-94.85,102.68,8.8,1.42,0.167,1364.0,1.0,0.0065982404692082,0.0102639296187683,0.0175953079178885
0.0,0.0,0.0,0.0,0.0,1.0,0.0,0.0,0.0,0.0,0.0,0.0,0.0,0.0,0.0,0.0,0.0,0.0,0.0,0.0,0.0,0.0,0.0,0.0,0.0,1.0,0.0,-79.28,177.55,36.7,1.42,0.167,1364.0,1.0,0.0043988269794721,0.0087976539589442,0.0139296187683284
0.0,0.0,0.0,0.0,0.0,0.0,0.0,0.0,1.0,0.0,0.0,0.0,0.0,0.0,0.0,0.0,0.0,0.0,0.0,0.0,0.0,0.0,0.0,1.0,0.0,0.0,0.0,-68.38,-37.92,156.9,1.42,0.167,1364.0,0.5,0.0058651026392961,0.0095307917888563,0.0161290322580645
0.0,0.0,0.0,0.0,0.0,0.0,0.0,0.0,0.0,0.0,0.0,0.0,0.0,0.0,0.0,0.0,0.0,1.0,0.0,0.0,0.0,0.0,0.0,1.0,0.0,0.0,0.0,-69.41,-41.83,93.7,1.42,0.167,1364.0,1.0,0.0065982404692082,0.0109970674486803,0.0183284457478005
0.0,0.0,0.0,0.0,0.0,0.0,0.0,0.0,0.0,1.0,0.0,0.0,0.0,0.0,0.0,0.0,0.0,0.0,0.0,0.0,0.0,0.0,0.0,1.0,0.0,0.0,0.0,-63.3,-38.47,17.0,1.42,0.167,1364.0,1.0,0.0058651026392961,0.0146627565982404,0.0212609970674486
0.0,0.0,0.0,1.0,0.0,0.0,0.0,0.0,0.0,0.0,0.0,0.0,0.0,0.0,0.0,0.0,0.0,0.0,0.0,0.0,0.0,0.0,0.0,1.0,0.0,0.0,0.0,-56.76,-48.2,36.9,1.42,0.167,1364.0,1.0,0.0058651026392961,0.0168621700879765,0.0234604105571847
0.0,0.0,0.0,0.0,0.0,0.0,0.0,0.0,0.0,0.0,0.0,0.0,0.0,1.0,0.0,0.0,0.0,0.0,0.0,0.0,0.0,0.0,0.0,1.0,0.0,0.0,0.0,-61.73,-41.25,98.9,1.42,0.167,1364.0,1.0,0.0058651026392961,0.0161290322580645,0.0227272727272727
0.0,0.0,1.0,0.0,0.0,0.0,0.0,0.0,0.0,0.0,0.0,0.0,0.0,0.0,0.0,0.0,0.0,0.0,0.0,0.0,0.0,0.0,0.0,1.0,0.0,0.0,0.0,-64.68,-39.97,34.8,1.42,0.167,1364.0,1.0,0.0065982404692082,0.0153958944281524,0.0227272727272727
0.0,0.0,0.0,0.0,0.0,0.0,0.0,0.0,0.0,1.0,0.0,0.0,0.0,0.0,0.0,0.0,0.0,0.0,0.0,0.0,0.0,0.0,0.0,1.0,0.0,0.0,0.0,-61.53,-49.12,0.0,1.42,0.167,1364.0,1.0,0.0058651026392961,0.0153958944281524,0.0219941348973607
0.0,0.0,0.0,0.0,0.0,0.0,0.0,1.0,0.0,0.0,0.0,0.0,0.0,0.0,0.0,0.0,0.0,0.0,0.0,0.0,0.0,0.0,0.0,1.0,0.0,0.0,0.0,-60.14,-44.06,71.4,1.42,0.167,1364.0,1.0,0.0065982404692082,0.0161290322580645,0.0234604105571847
0.0,0.0,0.0,0.0,0.0,0.0,0.0,0.0,1.0,0.0,0.0,0.0,0.0,0.0,0.0,0.0,0.0,0.0,0.0,0.0,0.0,0.0,0.0,1.0,0.0,0.0,0.0,-58.82,-33.95,148.4,1.42,0.167,1364.0,1.0,0.0058651026392961,0.0117302052785923,0.0183284457478005
1.0,0.0,0.0,0.0,0.0,0.0,0.0,0.0,0.0,0.0,0.0,0.0,0.0,0.0,0.0,0.0,0.0,0.0,0.0,0.0,0.0,0.0,0.0,1.0,0.0,0.0,0.0,-83.3,5.8,13.8,1.42,0.167,1364.0,1.0,0.0051319648093841,0.0095307917888563,0.0153958944281524
0.0,0.0,0.0,0.0,0.0,1.0,0.0,0.0,0.0,0.0,0.0,0.0,0.0,0.0,0.0,0.0,0.0,0.0,0.0,0.0,0.0,0.0,0.0,0.0,0.0,1.0,0.0,89.05,13.73,24.5,1.42,0.167,1364.0,1.0,0.0043988269794721,0.0124633431085043,0.0175953079178885
0.0,0.0,0.0,0.0,0.0,0.0,0.0,1.0,0.0,0.0,0.0,0.0,0.0,0.0,0.0,0.0,0.0,0.0,0.0,0.0,0.0,0.0,0.0,0.0,0.0,1.0,0.0,-111.45,101.67,1.4,1.42,0.167,1364.0,1.0,0.0065982404692082,0.0139296187683284,0.0212609970674486
0.0,0.0,0.0,0.0,0.0,0.0,0.0,0.0,1.0,0.0,0.0,0.0,0.0,0.0,0.0,0.0,0.0,0.0,0.0,0.0,0.0,0.0,0.0,0.0,0.0,1.0,0.0,-109.22,-9.37,119.9,1.42,0.167,1364.0,1.0,0.0058651026392961,0.0139296187683284,0.0205278592375366
0.0,0.0,0.0,0.0,0.0,0.0,0.0,0.0,0.0,0.0,0.0,0.0,0.0,0.0,0.0,0.0,1.0,0.0,0.0,0.0,0.0,0.0,0.0,0.0,0.0,1.0,0.0,-143.4,160.8,46.1,1.42,0.167,1364.0,1.0,0.0065982404692082,0.0117302052785923,0.0190615835777126
0.0,0.0,0.0,0.0,0.0,0.0,0.0,0.0,0.0,0.0,0.0,0.0,1.0,0.0,0.0,0.0,0.0,0.0,0.0,0.0,0.0,0.0,0.0,1.0,0.0,0.0,0.0,-56.06,-36.7,19.6,1.42,0.167,1364.0,1.0,0.0065982404692082,0.0109970674486803,0.0183284457478005
0.0,0.0,0.0,0.0,0.0,0.0,0.0,0.0,0.0,0.0,0.0,0.0,0.0,0.0,0.0,0.0,0.0,1.0,0.0,0.0,0.0,0.0,0.0,1.0,0.0,0.0,0.0,-64.2,-42.04,97.6,1.42,0.167,1364.0,1.0,0.0065982404692082,0.0095307917888563,0.0168621700879765
0.0,0.0,0.0,1.0,0.0,0.0,0.0,0.0,0.0,0.0,0.0,0.0,0.0,0.0,0.0,0.0,0.0,0.0,0.0,0.0,0.0,0.0,0.0,1.0,0.0,0.0,0.0,-64.33,-38.21,68.4,1.42,0.167,1364.0,1.0,0.0058651026392961,0.0153958944281524,0.0219941348973607
0.0,0.0,0.0,0.0,0.0,0.0,0.0,0.0,0.0,1.0,0.0,0.0,0.0,0.0,0.0,0.0,0.0,0.0,0.0,0.0,0.0,0.0,0.0,1.0,0.0,0.0,0.0,-63.87,-47.01,1.4,1.42,0.167,1364.0,1.0,0.0058651026392961,0.0131964809384164,0.0197947214076246
0.0,0.0,0.0,0.0,0.0,0.0,0.0,0.0,1.0,0.0,0.0,0.0,0.0,0.0,0.0,0.0,0.0,0.0,0.0,0.0,0.0,0.0,0.0,1.0,0.0,0.0,0.0,-60.44,-43.83,146.8,1.42,0.167,1364.0,1.0,0.0058651026392961,0.0124633431085043,0.0190615835777126
0.0,0.0,1.0,0.0,0.0,0.0,0.0,0.0,0.0,0.0,0.0,0.0,0.0,0.0,0.0,0.0,0.0,0.0,0.0,0.0,0.0,0.0,0.0,1.0,0.0,0.0,0.0,-59.17,-40.35,128.5,1.42,0.167,1364.0,1.0,0.0065982404692082,0.0117302052785923,0.0190615835777126
0.0,0.0,0.0,0.0,0.0,0.0,0.0,0.0,0.0,0.0,0.0,0.0,0.0,0.0,0.0,0.0,0.0,1.0,0.0,0.0,0.0,0.0,0.0,1.0,0.0,0.0,0.0,-91.24,-26.38,40.0,1.42,0.167,1364.0,1.0,0.0065982404692082,0.0102639296187683,0.0175953079178885
0.0,0.0,0.0,0.0,0.0,1.0,0.0,0.0,0.0,0.0,0.0,0.0,0.0,0.0,0.0,0.0,0.0,0.0,0.0,0.0,0.0,0.0,0.0,0.0,0.0,1.0,0.0,80.96,169.23,17.6,1.42,0.167,1364.0,1.0,0.0043988269794721,0.0102639296187683,0.0153958944281524
0.0,0.0,0.0,0.0,0.0,0.0,0.0,0.0,0.0,0.0,0.0,0.0,0.0,0.0,0.0,1.0,0.0,0.0,0.0,0.0,0.0,0.0,0.0,1.0,0.0,0.0,0.0,-70.28,-39.37,5.2,1.42,0.167,1364.0,1.0,0.0058651026392961,0.0131964809384164,0.0197947214076246
0.0,0.0,0.0,0.0,0.0,0.0,0.0,0.0,1.0,0.0,0.0,0.0,0.0,0.0,0.0,0.0,0.0,0.0,0.0,0.0,0.0,0.0,0.0,1.0,0.0,0.0,0.0,-66.95,-45.92,72.2,1.42,0.167,1364.0,1.0,0.0058651026392961,0.0124633431085043,0.0190615835777126
0.0,0.0,0.0,1.0,0.0,0.0,0.0,0.0,0.0,0.0,0.0,0.0,0.0,0.0,0.0,0.0,0.0,0.0,0.0,0.0,0.0,0.0,0.0,1.0,0.0,0.0,0.0,-64.01,-44.55,87.8,1.42,0.167,1364.0,1.0,0.0058651026392961,0.0139296187683284,0.0205278592375366
1.0,0.0,0.0,0.0,0.0,0.0,0.0,0.0,0.0,0.0,0.0,0.0,0.0,0.0,0.0,0.0,0.0,0.0,0.0,0.0,0.0,0.0,0.0,1.0,0.0,0.0,0.0,-61.0,-43.33,0.0,1.42,0.167,1364.0,1.0,0.0051319648093841,0.0161290322580645,0.0219941348973607
0.0,0.0,0.0,0.0,1.0,0.0,0.0,0.0,0.0,0.0,0.0,0.0,0.0,0.0,0.0,0.0,0.0,0.0,0.0,0.0,0.0,0.0,0.0,1.0,0.0,0.0,0.0,-59.67,-46.19,0.0,1.42,0.167,1364.0,1.0,0.0058651026392961,0.0161290322580645,0.0227272727272727
0.0,0.0,0.0,0.0,0.0,0.0,0.0,0.0,0.0,1.0,0.0,0.0,0.0,0.0,0.0,0.0,0.0,0.0,0.0,0.0,0.0,0.0,0.0,1.0,0.0,0.0,0.0,-59.46,-41.39,63.6,1.42,0.167,1364.0,1.0,0.0058651026392961,0.0153958944281524,0.0219941348973607
0.0,0.0,0.0,0.0,0.0,0.0,0.0,0.0,0.0,0.0,0.0,0.0,0.0,0.0,1.0,0.0,0.0,0.0,0.0,0.0,0.0,0.0,0.0,1.0,0.0,0.0,0.0,-62.93,-41.28,71.8,1.42,0.167,1364.0,1.0,0.0058651026392961,0.0131964809384164,0.0197947214076246
0.0,0.0,0.0,0.0,0.0,0.0,0.0,1.0,0.0,0.0,0.0,0.0,0.0,0.0,0.0,0.0,0.0,0.0,0.0,0.0,0.0,0.0,0.0,1.0,0.0,0.0,0.0,-74.3,-35.9,2.8,1.42,0.167,1364.0,1.0,0.0065982404692082,0.0124633431085043,0.0197947214076246
0.0,0.0,0.0,0.0,0.0,0.0,0.0,0.0,0.0,0.0,0.0,0.0,0.0,0.0,0.0,0.0,0.0,0.0,1.0,0.0,0.0,0.0,0.0,1.0,0.0,0.0,0.0,-68.58,-34.14,61.1,1.42,0.167,1364.0,1.0,0.0058651026392961,0.0205278592375366,0.0271260997067448
0.0,0.0,0.0,1.0,0.0,0.0,0.0,0.0,0.0,0.0,0.0,0.0,0.0,0.0,0.0,0.0,0.0,0.0,0.0,0.0,0.0,0.0,0.0,1.0,0.0,0.0,0.0,-59.73,-36.24,153.9,1.42,0.167,1364.0,1.0,0.0058651026392961,0.0146627565982404,0.0212609970674486
0.0,0.0,0.0,0.0,0.0,0.0,0.0,0.0,0.0,0.0,0.0,1.0,0.0,0.0,0.0,0.0,0.0,0.0,0.0,0.0,0.0,0.0,0.0,1.0,0.0,0.0,0.0,-84.22,-19.93,106.4,1.42,0.167,1364.0,1.0,0.0065982404692082,0.0095307917888563,0.0168621700879765
0.0,0.0,1.0,0.0,0.0,0.0,0.0,0.0,0.0,0.0,0.0,0.0,0.0,0.0,0.0,0.0,0.0,0.0,0.0,0.0,0.0,0.0,0.0,0.0,0.0,0.0,1.0,-165.69,90.98,66.8,1.42,0.167,1364.0,1.0,0.0065982404692082,0.0109970674486803,0.0183284457478005
0.0,0.0,0.0,0.0,0.0,0.0,0.0,0.0,0.0,0.0,0.0,0.0,0.0,0.0,0.0,1.0,0.0,0.0,0.0,0.0,0.0,0.0,0.0,0.0,0.0,0.0,1.0,-74.12,-2.16,72.4,1.42,0.167,1364.0,1.0,0.0058651026392961,0.0131964809384164,0.0197947214076246
0.0,0.0,0.0,0.0,0.0,0.0,0.0,0.0,0.0,0.0,0.0,0.0,0.0,0.0,0.0,1.0,0.0,0.0,0.0,0.0,0.0,0.0,0.0,0.0,0.0,0.0,1.0,-72.21,-17.07,98.1,1.42,0.167,1364.0,0.5,0.0058651026392961,0.0087976539589442,0.0153958944281524
0.0,0.0,0.0,0.0,0.0,0.0,0.0,0.0,0.0,0.0,0.0,0.0,0.0,0.0,0.0,0.0,0.0,1.0,0.0,0.0,0.0,0.0,0.0,0.0,0.0,0.0,1.0,-63.06,143.41,1.9,1.42,0.167,1364.0,1.0,0.0065982404692082,0.0131964809384164,0.0205278592375366
0.0,1.0,0.0,0.0,0.0,0.0,0.0,0.0,0.0,0.0,0.0,0.0,0.0,0.0,0.0,0.0,0.0,0.0,0.0,0.0,0.0,0.0,0.0,0.0,0.0,1.0,0.0,-147.56,-156.12,49.1,1.42,0.167,1364.0,1.0,0.0058651026392961,0.0131964809384164,0.0197947214076246
0.0,0.0,0.0,0.0,0.0,0.0,0.0,0.0,0.0,0.0,1.0,0.0,0.0,0.0,0.0,0.0,0.0,0.0,0.0,0.0,0.0,0.0,0.0,1.0,0.0,0.0,0.0,-60.63,-41.26,31.0,1.42,0.167,1364.0,1.0,0.0058651026392961,0.0131964809384164,0.0197947214076246
0.0,0.0,0.0,0.0,0.0,0.0,0.0,0.0,0.0,0.0,0.0,0.0,0.0,0.0,0.0,1.0,0.0,0.0,0.0,0.0,0.0,0.0,0.0,1.0,0.0,0.0,0.0,-47.54,-48.98,83.9,1.42,0.167,1364.0,1.0,0.0058651026392961,0.0095307917888563,0.0161290322580645
0.0,0.0,0.0,1.0,0.0,0.0,0.0,0.0,0.0,0.0,0.0,0.0,0.0,0.0,0.0,0.0,0.0,0.0,0.0,0.0,0.0,0.0,0.0,1.0,0.0,0.0,0.0,-66.73,-38.81,51.0,1.42,0.167,1364.0,1.0,0.0058651026392961,0.0139296187683284,0.0205278592375366
0.0,0.0,0.0,0.0,0.0,0.0,0.0,0.0,0.0,1.0,0.0,0.0,0.0,0.0,0.0,0.0,0.0,0.0,0.0,0.0,0.0,0.0,0.0,1.0,0.0,0.0,0.0,-63.31,-47.37,0.0,1.42,0.167,1364.0,1.0,0.0058651026392961,0.0161290322580645,0.0227272727272727
0.0,0.0,0.0,0.0,0.0,0.0,0.0,0.0,0.0,0.0,0.0,0.0,0.0,0.0,0.0,0.0,0.0,0.0,0.0,1.0,0.0,0.0,0.0,1.0,0.0,0.0,0.0,-56.25,-44.81,34.9,1.42,0.167,1364.0,1.0,0.0058651026392961,0.0153958944281524,0.0219941348973607
1.0,0.0,0.0,0.0,0.0,0.0,0.0,0.0,0.0,0.0,0.0,0.0,0.0,0.0,0.0,0.0,0.0,0.0,0.0,0.0,0.0,0.0,0.0,1.0,0.0,0.0,0.0,-58.0,-42.87,7.6,1.42,0.167,1364.0,1.0,0.0051319648093841,0.0175953079178885,0.0234604105571847
0.0,0.0,0.0,0.0,0.0,0.0,0.0,0.0,0.0,1.0,0.0,0.0,0.0,0.0,0.0,0.0,0.0,0.0,0.0,0.0,0.0,0.0,0.0,1.0,0.0,0.0,0.0,-67.36,-43.33,0.0,1.42,0.167,1364.0,1.0,0.0058651026392961,0.0139296187683284,0.0205278592375366
0.0,0.0,0.0,1.0,0.0,0.0,0.0,0.0,0.0,0.0,0.0,0.0,0.0,0.0,0.0,0.0,0.0,0.0,0.0,0.0,0.0,0.0,0.0,1.0,0.0,0.0,0.0,-66.93,-40.79,19.2,1.42,0.167,1364.0,1.0,0.0058651026392961,0.0146627565982404,0.0212609970674486
0.0,0.0,0.0,0.0,0.0,1.0,0.0,0.0,0.0,0.0,0.0,0.0,0.0,0.0,0.0,0.0,0.0,0.0,0.0,0.0,0.0,0.0,0.0,1.0,0.0,0.0,0.0,-61.37,-41.61,0.0,1.42,0.167,1364.0,1.0,0.0043988269794721,0.0219941348973607,0.0271260997067448
1.0,0.0,0.0,0.0,0.0,0.0,0.0,0.0,0.0,0.0,0.0,0.0,0.0,0.0,0.0,0.0,0.0,0.0,0.0,0.0,0.0,0.0,0.0,1.0,0.0,0.0,0.0,-58.37,-46.85,7.3,1.42,0.167,1364.0,1.0,0.0051319648093841,0.0190615835777126,0.0249266862170087
0.0,0.0,0.0,0.0,0.0,0.0,0.0,0.0,0.0,0.0,0.0,0.0,0.0,0.0,0.0,0.0,0.0,1.0,0.0,0.0,0.0,0.0,0.0,1.0,0.0,0.0,0.0,-57.99,-41.3,43.5,1.42,0.167,1364.0,1.0,0.0065982404692082,0.0087976539589442,0.0161290322580645
0.0,0.0,0.0,0.0,0.0,0.0,0.0,0.0,0.0,0.0,0.0,0.0,0.0,1.0,0.0,0.0,0.0,0.0,0.0,0.0,0.0,0.0,0.0,1.0,0.0,0.0,0.0,-82.74,-7.28,78.5,1.42,0.167,1364.0,1.0,0.0058651026392961,0.0117302052785923,0.0183284457478005
0.0,0.0,0.0,0.0,0.0,1.0,0.0,0.0,0.0,0.0,0.0,0.0,0.0,0.0,0.0,0.0,0.0,0.0,0.0,0.0,0.0,0.0,0.0,0.0,0.0,1.0,0.0,70.33,33.21,40.9,1.42,0.167,1364.0,1.0,0.0043988269794721,0.0124633431085043,0.0175953079178885
0.0,0.0,0.0,0.0,0.0,0.0,0.0,1.0,0.0,0.0,0.0,0.0,0.0,0.0,0.0,0.0,0.0,0.0,0.0,0.0,0.0,0.0,0.0,0.0,0.0,1.0,0.0,-139.62,153.18,23.1,1.42,0.167,1364.0,1.0,0.0065982404692082,0.0102639296187683,0.0175953079178885
0.0,0.0,0.0,0.0,0.0,0.0,0.0,0.0,0.0,0.0,0.0,0.0,0.0,0.0,1.0,0.0,0.0,0.0,0.0,0.0,0.0,0.0,0.0,0.0,0.0,1.0,0.0,-58.68,140.2,5.2,1.42,0.167,1364.0,1.0,0.0058651026392961,0.0124633431085043,0.0190615835777126
0.0,0.0,0.0,0.0,0.0,0.0,0.0,0.0,0.0,0.0,0.0,0.0,0.0,0.0,0.0,0.0,0.0,0.0,1.0,0.0,0.0,0.0,1.0,0.0,0.0,0.0,0.0,-61.16,-25.19,96.6,1.42,0.167,1364.0,1.0,0.0058651026392961,0.0175953079178885,0.0241935483870967
0.0,0.0,0.0,0.0,0.0,0.0,1.0,0.0,0.0,0.0,0.0,0.0,0.0,0.0,0.0,0.0,0.0,0.0,0.0,0.0,0.0,0.0,1.0,0.0,0.0,0.0,0.0,-58.47,-29.79,76.2,1.42,0.167,1364.0,1.0,0.0058651026392961,0.0139296187683284,0.0205278592375366
0.0,0.0,0.0,0.0,0.0,1.0,0.0,0.0,0.0,0.0,0.0,0.0,0.0,0.0,0.0,0.0,0.0,0.0,0.0,0.0,0.0,0.0,1.0,0.0,0.0,0.0,0.0,-87.12,1.64,23.7,1.42,0.167,1364.0,1.0,0.0043988269794721,0.0109970674486803,0.0161290322580645
0.0,0.0,0.0,0.0,0.0,0.0,0.0,0.0,0.0,1.0,0.0,0.0,0.0,0.0,0.0,0.0,0.0,0.0,0.0,0.0,0.0,0.0,0.0,0.0,0.0,1.0,0.0,-58.95,140.11,4.1,1.42,0.167,1364.0,1.0,0.0058651026392961,0.0117302052785923,0.0183284457478005
0.0,0.0,1.0,0.0,0.0,0.0,0.0,0.0,0.0,0.0,0.0,0.0,0.0,0.0,0.0,0.0,0.0,0.0,0.0,0.0,0.0,0.0,0.0,0.0,0.0,1.0,0.0,-61.29,154.84,83.4,1.42,0.167,1364.0,1.0,0.0058651026392961,0.0095307917888563,0.0161290322580645
0.0,0.0,0.0,1.0,0.0,0.0,0.0,0.0,0.0,0.0,0.0,0.0,0.0,0.0,0.0,0.0,0.0,0.0,0.0,0.0,0.0,0.0,0.0,1.0,0.0,0.0,0.0,-64.05,-37.54,120.1,1.42,0.167,1364.0,1.0,0.0058651026392961,0.0117302052785923,0.0183284457478005
1.0,0.0,0.0,0.0,0.0,0.0,0.0,0.0,0.0,0.0,0.0,0.0,0.0,0.0,0.0,0.0,0.0,0.0,0.0,0.0,0.0,0.0,0.0,1.0,0.0,0.0,0.0,-61.42,-41.09,68.7,1.42,0.167,1364.0,1.0,0.0051319648093841,0.0095307917888563,0.0153958944281524
0.0,0.0,0.0,0.0,0.0,0.0,0.0,0.0,1.0,0.0,0.0,0.0,0.0,0.0,0.0,0.0,0.0,0.0,0.0,0.0,0.0,0.0,0.0,1.0,0.0,0.0,0.0,-67.78,-42.94,40.9,1.42,0.167,1364.0,1.0,0.0058651026392961,0.0153958944281524,0.0219941348973607
0.0,0.0,0.0,0.0,0.0,0.0,0.0,0.0,1.0,0.0,0.0,0.0,0.0,0.0,0.0,0.0,0.0,0.0,0.0,0.0,0.0,0.0,0.0,1.0,0.0,0.0,0.0,-60.19,-41.99,41.7,1.42,0.167,1364.0,1.0,0.0058651026392961,0.0161290322580645,0.0227272727272727
0.0,0.0,0.0,0.0,0.0,0.0,0.0,1.0,0.0,0.0,0.0,0.0,0.0,0.0,0.0,0.0,0.0,0.0,0.0,0.0,0.0,0.0,0.0,1.0,0.0,0.0,0.0,-65.21,-40.77,81.4,1.42,0.167,1364.0,1.0,0.0065982404692082,0.0117302052785923,0.0190615835777126
0.0,0.0,0.0,1.0,0.0,0.0,0.0,0.0,0.0,0.0,0.0,0.0,0.0,0.0,0.0,0.0,0.0,0.0,0.0,0.0,0.0,0.0,0.0,1.0,0.0,0.0,0.0,-57.94,-43.28,76.9,1.42,0.167,1364.0,1.0,0.0058651026392961,0.0153958944281524,0.0219941348973607
0.0,0.0,0.0,0.0,0.0,0.0,0.0,0.0,0.0,1.0,0.0,0.0,0.0,0.0,0.0,0.0,0.0,0.0,0.0,0.0,0.0,0.0,0.0,1.0,0.0,0.0,0.0,-71.6,-40.98,0.2,1.42,0.167,1364.0,1.0,0.0058651026392961,0.0146627565982404,0.0212609970674486
0.0,0.0,0.0,0.0,0.0,0.0,0.0,0.0,1.0,0.0,0.0,0.0,0.0,0.0,0.0,0.0,0.0,0.0,0.0,0.0,0.0,0.0,0.0,1.0,0.0,0.0,0.0,-60.94,-41.41,92.8,1.42,0.167,1364.0,1.0,0.0058651026392961,0.0153958944281524,0.0219941348973607
0.0,0.0,0.0,0.0,0.0,0.0,0.0,0.0,1.0,0.0,0.0,0.0,0.0,0.0,0.0,0.0,0.0,0.0,0.0,0.0,0.0,0.0,0.0,1.0,0.0,0.0,0.0,-61.58,-44.18,88.0,1.42,0.167,1364.0,1.0,0.0065982404692082,0.0153958944281524,0.0227272727272727
0.0,0.0,0.0,0.0,1.0,0.0,0.0,0.0,0.0,0.0,0.0,0.0,0.0,0.0,0.0,0.0,0.0,0.0,0.0,0.0,0.0,0.0,0.0,1.0,0.0,0.0,0.0,-60.94,-49.17,41.2,1.42,0.167,1364.0,1.0,0.0058651026392961,0.0139296187683284,0.0205278592375366
0.0,0.0,0.0,0.0,0.0,0.0,1.0,0.0,0.0,0.0,0.0,0.0,0.0,0.0,0.0,0.0,0.0,0.0,0.0,0.0,0.0,0.0,0.0,1.0,0.0,0.0,0.0,-65.24,-42.9,29.5,1.42,0.167,1364.0,1.0,0.0058651026392961,0.0175953079178885,0.0241935483870967
0.0,0.0,0.0,0.0,0.0,0.0,0.0,0.0,0.0,0.0,0.0,0.0,0.0,1.0,0.0,0.0,0.0,0.0,0.0,0.0,0.0,0.0,0.0,1.0,0.0,0.0,0.0,-58.54,-44.45,75.5,1.42,0.167,1364.0,1.0,0.0058651026392961,0.0175953079178885,0.0241935483870967
0.0,0.0,0.0,0.0,0.0,0.0,0.0,0.0,0.0,0.0,0.0,0.0,0.0,0.0,0.0,1.0,0.0,0.0,0.0,0.0,0.0,0.0,0.0,1.0,0.0,0.0,0.0,-61.94,-38.49,34.9,1.42,0.167,1364.0,1.0,0.0058651026392961,0.0183284457478005,0.0249266862170087
0.0,0.0,0.0,0.0,0.0,0.0,0.0,0.0,0.0,1.0,0.0,0.0,0.0,0.0,0.0,0.0,0.0,0.0,0.0,0.0,0.0,0.0,0.0,1.0,0.0,0.0,0.0,-67.87,-33.02,45.9,1.42,0.167,1364.0,1.0,0.0065982404692082,0.0117302052785923,0.0190615835777126
0.0,0.0,0.0,1.0,0.0,0.0,0.0,0.0,0.0,0.0,0.0,0.0,0.0,0.0,0.0,0.0,0.0,0.0,0.0,0.0,0.0,0.0,0.0,1.0,0.0,0.0,0.0,-97.92,19.71,80.3,1.42,0.167,1364.0,1.0,0.0058651026392961,0.0109970674486803,0.0175953079178885
0.0,0.0,0.0,0.0,0.0,1.0,0.0,0.0,0.0,0.0,0.0,0.0,0.0,0.0,0.0,0.0,0.0,0.0,0.0,0.0,0.0,0.0,0.0,0.0,0.0,1.0,0.0,94.01,25.0,59.6,1.42,0.167,1364.0,1.0,0.0043988269794721,0.0109970674486803,0.0161290322580645
0.0,0.0,0.0,0.0,0.0,0.0,1.0,0.0,0.0,0.0,0.0,0.0,0.0,0.0,0.0,0.0,0.0,0.0,0.0,0.0,0.0,0.0,0.0,0.0,0.0,1.0,0.0,-134.8,61.51,127.0,1.42,0.167,1364.0,1.0,0.0058651026392961,0.0117302052785923,0.0183284457478005
0.0,0.0,0.0,0.0,0.0,0.0,1.0,0.0,0.0,0.0,0.0,0.0,0.0,0.0,0.0,0.0,0.0,0.0,0.0,0.0,0.0,0.0,0.0,0.0,0.0,1.0,0.0,-62.59,151.87,125.7,1.42,0.167,1364.0,1.0,0.0058651026392961,0.0109970674486803,0.0175953079178885
0.0,0.0,0.0,0.0,0.0,0.0,1.0,0.0,0.0,0.0,0.0,0.0,0.0,0.0,0.0,0.0,0.0,0.0,0.0,0.0,0.0,0.0,0.0,0.0,0.0,1.0,0.0,-62.35,151.42,169.3,1.42,0.167,1364.0,1.0,0.0058651026392961,0.0102639296187683,0.0168621700879765
0.0,0.0,0.0,0.0,0.0,0.0,1.0,0.0,0.0,0.0,0.0,0.0,0.0,0.0,0.0,0.0,0.0,0.0,0.0,0.0,0.0,0.0,0.0,0.0,0.0,1.0,0.0,-105.22,360.0,218.9,1.42,0.167,1364.0,1.0,0.0051319648093841,0.0073313782991202,0.0131964809384164
