1.0,0.0,0.0,0.0,0.0,0.0,0.0,0.0,0.0,0.0,0.0,0.0,0.0,0.0,0.0,0.0,0.0,0.0,0.0,0.0,0.0,0.0,0.0,0.0,0.0,1.0,0.0,360.0,360.0,142.7,1.3,0.176,1275.0,1.0,0.0031372549019607,0.0007843137254901,0.0047058823529411
0.0,0.0,0.0,0.0,0.0,0.0,0.0,0.0,0.0,1.0,0.0,0.0,0.0,0.0,0.0,0.0,0.0,0.0,0.0,0.0,0.0,0.0,0.0,0.0,0.0,1.0,0.0,360.0,-45.59,123.5,1.3,0.176,1275.0,1.0,0.0047058823529411,0.0062745098039215,0.0117647058823529
1.0,0.0,0.0,0.0,0.0,0.0,0.0,0.0,0.0,0.0,0.0,0.0,0.0,0.0,0.0,0.0,0.0,0.0,0.0,0.0,0.0,0.0,0.0,0.0,1.0,0.0,0.0,-157.87,152.91,20.4,1.3,0.176,1275.0,1.0,0.0054901960784313,0.0101960784313725,0.0164705882352941
0.0,0.0,0.0,1.0,0.0,0.0,0.0,0.0,0.0,0.0,0.0,0.0,0.0,0.0,0.0,0.0,0.0,0.0,0.0,0.0,0.0,0.0,0.0,0.0,1.0,0.0,0.0,-134.52,144.0,54.6,1.3,0.176,1275.0,1.0,0.0054901960784313,0.0125490196078431,0.0188235294117647
0.0,0.0,0.0,0.0,1.0,0.0,0.0,0.0,0.0,0.0,0.0,0.0,0.0,0.0,0.0,0.0,0.0,0.0,0.0,0.0,0.0,0.0,0.0,0.0,1.0,0.0,0.0,-146.43,151.07,33.7,1.3,0.176,1275.0,1.0,0.0062745098039215,0.0109803921568627,0.0180392156862745
0.0,0.0,0.0,1.0,0.0,0.0,0.0,0.0,0.0,0.0,0.0,0.0,0.0,0.0,0.0,0.0,0.0,0.0,0.0,0.0,0.0,0.0,0.0,0.0,1.0,0.0,0.0,-75.3,136.16,82.8,1.3,0.176,1275.0,1.0,0.0054901960784313,0.0094117647058823,0.0156862745098039
0.0,0.0,1.0,0.0,0.0,0.0,0.0,0.0,0.0,0.0,0.0,0.0,0.0,0.0,0.0,0.0,0.0,0.0,0.0,0.0,0.0,0.0,0.0,0.0,1.0,0.0,0.0,-151.27,-158.0,37.4,1.3,0.176,1275.0,1.0,0.0062745098039215,0.0117647058823529,0.0188235294117647
0.0,0.0,0.0,0.0,0.0,0.0,0.0,0.0,0.0,0.0,0.0,0.0,0.0,0.0,1.0,0.0,0.0,0.0,0.0,0.0,0.0,0.0,0.0,0.0,1.0,0.0,0.0,-140.54,151.44,131.7,1.3,0.176,1275.0,1.0,0.0062745098039215,0.0188235294117647,0.0258823529411764
0.0,0.0,0.0,0.0,0.0,0.0,0.0,0.0,0.0,0.0,0.0,0.0,0.0,0.0,0.0,0.0,0.0,1.0,0.0,0.0,0.0,0.0,0.0,0.0,1.0,0.0,0.0,-119.37,117.62,0.0,1.3,0.176,1275.0,1.0,0.0070588235294117,0.0101960784313725,0.0180392156862745
1.0,0.0,0.0,0.0,0.0,0.0,0.0,0.0,0.0,0.0,0.0,0.0,0.0,0.0,0.0,0.0,0.0,0.0,0.0,0.0,0.0,0.0,0.0,0.0,0.0,0.0,1.0,43.9,45.91,61.4,1.3,0.176,1275.0,1.0,0.0054901960784313,0.0078431372549019,0.0141176470588235
0.0,0.0,0.0,0.0,0.0,1.0,0.0,0.0,0.0,0.0,0.0,0.0,0.0,0.0,0.0,0.0,0.0,0.0,0.0,0.0,0.0,0.0,0.0,0.0,0.0,0.0,1.0,84.67,-5.36,47.9,1.3,0.176,1275.0,1.0,0.0047058823529411,0.0117647058823529,0.0172549019607843
0.0,0.0,0.0,0.0,0.0,0.0,0.0,1.0,0.0,0.0,0.0,0.0,0.0,0.0,0.0,0.0,0.0,0.0,0.0,0.0,0.0,0.0,0.0,0.0,1.0,0.0,0.0,-95.84,125.68,54.0,1.3,0.176,1275.0,1.0,0.0078431372549019,0.0125490196078431,0.0211764705882352
0.0,0.0,0.0,0.0,0.0,0.0,0.0,0.0,0.0,0.0,0.0,0.0,1.0,0.0,0.0,0.0,0.0,0.0,0.0,0.0,0.0,0.0,0.0,0.0,1.0,0.0,0.0,-59.33,140.04,85.5,1.3,0.176,1275.0,1.0,0.0070588235294117,0.0117647058823529,0.0196078431372549
0.0,1.0,0.0,0.0,0.0,0.0,0.0,0.0,0.0,0.0,0.0,0.0,0.0,0.0,0.0,0.0,0.0,0.0,0.0,0.0,0.0,0.0,0.0,0.0,1.0,0.0,0.0,-155.68,179.57,10.7,1.3,0.176,1275.0,1.0,0.0062745098039215,0.0109803921568627,0.0180392156862745
0.0,0.0,0.0,0.0,0.0,0.0,0.0,0.0,0.0,1.0,0.0,0.0,0.0,0.0,0.0,0.0,0.0,0.0,0.0,0.0,0.0,0.0,0.0,0.0,1.0,0.0,0.0,-110.92,137.14,35.1,1.3,0.176,1275.0,1.0,0.0062745098039215,0.0164705882352941,0.0235294117647058
0.0,0.0,0.0,0.0,0.0,0.0,0.0,1.0,0.0,0.0,0.0,0.0,0.0,0.0,0.0,0.0,0.0,0.0,0.0,0.0,0.0,0.0,0.0,0.0,1.0,0.0,0.0,-102.12,124.87,0.0,1.3,0.176,1275.0,1.0,0.0070588235294117,0.0133333333333333,0.0211764705882352
0.0,0.0,0.0,0.0,0.0,0.0,0.0,0.0,0.0,0.0,0.0,0.0,0.0,0.0,0.0,0.0,0.0,1.0,0.0,0.0,0.0,0.0,0.0,0.0,1.0,0.0,0.0,-111.08,126.74,20.6,1.3,0.176,1275.0,1.0,0.0070588235294117,0.0125490196078431,0.0203921568627451
0.0,0.0,0.0,0.0,0.0,0.0,0.0,0.0,0.0,0.0,0.0,0.0,0.0,0.0,0.0,0.0,0.0,1.0,0.0,0.0,0.0,0.0,0.0,0.0,1.0,0.0,0.0,-93.35,120.88,7.4,1.3,0.176,1275.0,1.0,0.0070588235294117,0.0133333333333333,0.0211764705882352
0.0,0.0,0.0,0.0,0.0,0.0,0.0,0.0,0.0,0.0,0.0,0.0,0.0,0.0,0.0,0.0,1.0,0.0,0.0,0.0,0.0,0.0,0.0,0.0,1.0,0.0,0.0,-102.83,-21.58,32.5,1.3,0.176,1275.0,1.0,0.0070588235294117,0.0125490196078431,0.0203921568627451
0.0,0.0,0.0,0.0,0.0,0.0,0.0,0.0,0.0,0.0,0.0,0.0,0.0,0.0,0.0,0.0,0.0,0.0,0.0,1.0,0.0,0.0,0.0,0.0,1.0,0.0,0.0,-148.37,137.6,123.5,1.3,0.176,1275.0,1.0,0.0062745098039215,0.0149019607843137,0.0219607843137254
0.0,0.0,0.0,0.0,0.0,0.0,0.0,0.0,0.0,0.0,0.0,0.0,0.0,0.0,0.0,0.0,0.0,0.0,1.0,0.0,0.0,0.0,0.0,0.0,1.0,0.0,0.0,-138.58,124.11,52.1,1.3,0.176,1275.0,1.0,0.0062745098039215,0.0164705882352941,0.0235294117647058
0.0,0.0,0.0,1.0,0.0,0.0,0.0,0.0,0.0,0.0,0.0,0.0,0.0,0.0,0.0,0.0,0.0,0.0,0.0,0.0,0.0,0.0,0.0,0.0,1.0,0.0,0.0,-96.28,112.0,77.6,1.3,0.176,1275.0,1.0,0.0062745098039215,0.0196078431372549,0.0266666666666666
0.0,0.0,0.0,0.0,0.0,0.0,0.0,0.0,0.0,0.0,0.0,0.0,1.0,0.0,0.0,0.0,0.0,0.0,0.0,0.0,0.0,0.0,0.0,0.0,0.0,1.0,0.0,-57.91,143.45,71.9,1.3,0.176,1275.0,1.0,0.0070588235294117,0.0133333333333333,0.0211764705882352
0.0,0.0,0.0,0.0,0.0,0.0,0.0,0.0,0.0,0.0,0.0,0.0,0.0,0.0,0.0,0.0,0.0,0.0,0.0,1.0,0.0,0.0,0.0,0.0,0.0,1.0,0.0,-67.65,132.82,35.8,1.3,0.176,1275.0,1.0,0.0062745098039215,0.0180392156862745,0.0250980392156862
0.0,0.0,0.0,0.0,0.0,0.0,0.0,0.0,0.0,0.0,0.0,0.0,0.0,0.0,0.0,0.0,0.0,1.0,0.0,0.0,0.0,1.0,0.0,0.0,0.0,0.0,0.0,-121.76,119.41,61.5,1.3,0.176,1275.0,1.0,0.0078431372549019,0.0141176470588235,0.0227450980392156
0.0,0.0,0.0,0.0,0.0,0.0,0.0,0.0,0.0,0.0,0.0,0.0,1.0,0.0,0.0,0.0,0.0,0.0,0.0,0.0,0.0,0.0,0.0,0.0,0.0,1.0,0.0,-60.94,149.15,57.0,1.3,0.176,1275.0,1.0,0.0070588235294117,0.0125490196078431,0.0203921568627451
1.0,0.0,0.0,0.0,0.0,0.0,0.0,0.0,0.0,0.0,0.0,0.0,0.0,0.0,0.0,0.0,0.0,0.0,0.0,0.0,0.0,0.0,0.0,0.0,0.0,1.0,0.0,-63.81,152.56,7.5,1.3,0.176,1275.0,1.0,0.0054901960784313,0.0164705882352941,0.0227450980392156
0.0,0.0,0.0,0.0,0.0,0.0,0.0,0.0,1.0,0.0,0.0,0.0,0.0,0.0,0.0,0.0,0.0,0.0,0.0,0.0,0.0,1.0,0.0,0.0,0.0,0.0,0.0,-96.62,118.93,66.1,1.3,0.176,1275.0,1.0,0.0062745098039215,0.0203921568627451,0.0274509803921568
0.0,0.0,0.0,0.0,0.0,0.0,0.0,0.0,0.0,0.0,0.0,0.0,0.0,0.0,0.0,0.0,0.0,1.0,0.0,0.0,0.0,0.0,0.0,0.0,0.0,1.0,0.0,-120.64,-31.25,40.7,1.3,0.176,1275.0,0.5,0.0070588235294117,0.0117647058823529,0.0196078431372549
0.0,0.0,0.0,0.0,0.0,0.0,0.0,0.0,0.0,0.0,0.0,0.0,0.0,0.0,0.0,1.0,0.0,0.0,0.0,0.0,0.0,0.0,0.0,0.0,0.0,1.0,0.0,-79.03,146.53,59.0,1.3,0.176,1275.0,1.0,0.0062745098039215,0.0094117647058823,0.0164705882352941
0.0,0.0,0.0,0.0,0.0,1.0,0.0,0.0,0.0,0.0,0.0,0.0,0.0,0.0,0.0,0.0,0.0,0.0,0.0,0.0,0.0,0.0,0.0,0.0,0.0,1.0,0.0,90.86,-173.89,53.6,1.3,0.176,1275.0,1.0,0.0054901960784313,0.0078431372549019,0.0141176470588235
0.0,0.0,0.0,0.0,0.0,0.0,0.0,0.0,0.0,0.0,0.0,0.0,1.0,0.0,0.0,0.0,0.0,0.0,0.0,0.0,0.0,0.0,0.0,0.0,0.0,1.0,0.0,-63.03,147.01,69.0,1.3,0.176,1275.0,1.0,0.0078431372549019,0.0070588235294117,0.0156862745098039
0.0,0.0,0.0,0.0,0.0,0.0,0.0,0.0,0.0,0.0,0.0,0.0,1.0,0.0,0.0,0.0,0.0,0.0,0.0,0.0,0.0,0.0,1.0,0.0,0.0,0.0,0.0,-57.32,-29.36,106.6,1.3,0.176,1275.0,1.0,0.0070588235294117,0.0109803921568627,0.0188235294117647
0.0,0.0,0.0,1.0,0.0,0.0,0.0,0.0,0.0,0.0,0.0,0.0,0.0,0.0,0.0,0.0,0.0,0.0,0.0,0.0,0.0,0.0,1.0,0.0,0.0,0.0,0.0,-60.05,-24.74,157.0,1.3,0.176,1275.0,1.0,0.0062745098039215,0.0109803921568627,0.0180392156862745
0.0,0.0,0.0,0.0,0.0,0.0,0.0,0.0,0.0,0.0,0.0,0.0,0.0,0.0,0.0,0.0,0.0,0.0,0.0,1.0,0.0,0.0,1.0,0.0,0.0,0.0,0.0,-102.36,-4.67,170.0,1.3,0.176,1275.0,1.0,0.0062745098039215,0.0117647058823529,0.0188235294117647
0.0,1.0,0.0,0.0,0.0,0.0,0.0,0.0,0.0,0.0,0.0,0.0,0.0,0.0,0.0,0.0,0.0,0.0,0.0,0.0,0.0,0.0,0.0,0.0,0.0,1.0,0.0,-77.49,156.81,47.3,1.3,0.176,1275.0,1.0,0.0062745098039215,0.0149019607843137,0.0219607843137254
0.0,0.0,0.0,0.0,0.0,0.0,0.0,0.0,0.0,0.0,0.0,0.0,0.0,0.0,0.0,0.0,0.0,0.0,0.0,1.0,0.0,1.0,0.0,0.0,0.0,0.0,0.0,-158.49,154.21,133.3,1.3,0.176,1275.0,1.0,0.0070588235294117,0.0117647058823529,0.0196078431372549
0.0,0.0,0.0,0.0,0.0,0.0,0.0,0.0,0.0,0.0,0.0,0.0,1.0,0.0,0.0,0.0,0.0,0.0,0.0,0.0,0.0,0.0,0.0,0.0,0.0,1.0,0.0,-73.09,164.33,99.6,1.3,0.176,1275.0,1.0,0.0070588235294117,0.0078431372549019,0.0156862745098039
1.0,0.0,0.0,0.0,0.0,0.0,0.0,0.0,0.0,0.0,0.0,0.0,0.0,0.0,0.0,0.0,0.0,0.0,0.0,0.0,0.0,0.0,0.0,0.0,0.0,1.0,0.0,-64.92,157.43,19.2,1.3,0.176,1275.0,1.0,0.0054901960784313,0.0149019607843137,0.0211764705882352
0.0,0.0,0.0,1.0,0.0,0.0,0.0,0.0,0.0,0.0,0.0,0.0,0.0,0.0,0.0,0.0,0.0,0.0,0.0,0.0,0.0,1.0,0.0,0.0,0.0,0.0,0.0,-129.16,155.8,124.7,1.3,0.176,1275.0,1.0,0.0062745098039215,0.0125490196078431,0.0196078431372549
0.0,0.0,0.0,0.0,0.0,1.0,0.0,0.0,0.0,0.0,0.0,0.0,0.0,0.0,0.0,0.0,0.0,0.0,0.0,0.0,0.0,0.0,0.0,0.0,0.0,1.0,0.0,69.1,-152.12,30.8,1.3,0.176,1275.0,1.0,0.0047058823529411,0.0133333333333333,0.0188235294117647
0.0,0.0,0.0,0.0,0.0,1.0,0.0,0.0,0.0,0.0,0.0,0.0,0.0,0.0,0.0,0.0,0.0,0.0,0.0,0.0,0.0,0.0,0.0,0.0,0.0,1.0,0.0,74.81,37.35,17.5,1.3,0.176,1275.0,1.0,0.0047058823529411,0.0188235294117647,0.024313725490196
0.0,1.0,0.0,0.0,0.0,0.0,0.0,0.0,0.0,0.0,0.0,0.0,0.0,0.0,0.0,0.0,0.0,0.0,0.0,0.0,0.0,0.0,0.0,0.0,1.0,0.0,0.0,-161.08,172.22,74.1,1.3,0.176,1275.0,1.0,0.0062745098039215,0.0109803921568627,0.0180392156862745
0.0,0.0,0.0,0.0,0.0,1.0,0.0,0.0,0.0,0.0,0.0,0.0,0.0,0.0,0.0,0.0,0.0,0.0,0.0,0.0,0.0,0.0,0.0,0.0,1.0,0.0,0.0,175.05,-149.16,34.2,1.3,0.176,1275.0,1.0,0.0047058823529411,0.0156862745098039,0.0211764705882352
0.0,0.0,0.0,1.0,0.0,0.0,0.0,0.0,0.0,0.0,0.0,0.0,0.0,0.0,0.0,0.0,0.0,0.0,0.0,0.0,0.0,0.0,0.0,0.0,1.0,0.0,0.0,-134.93,137.15,108.6,1.3,0.176,1275.0,1.0,0.0062745098039215,0.0133333333333333,0.0203921568627451
0.0,0.0,0.0,0.0,0.0,0.0,0.0,0.0,0.0,0.0,0.0,0.0,0.0,0.0,0.0,0.0,0.0,0.0,1.0,0.0,0.0,0.0,0.0,0.0,1.0,0.0,0.0,-141.54,162.08,26.4,1.3,0.176,1275.0,1.0,0.0062745098039215,0.0172549019607843,0.024313725490196
0.0,0.0,0.0,1.0,0.0,0.0,0.0,0.0,0.0,0.0,0.0,0.0,0.0,0.0,0.0,0.0,0.0,0.0,0.0,0.0,0.0,0.0,0.0,0.0,1.0,0.0,0.0,-137.63,150.85,80.6,1.3,0.176,1275.0,1.0,0.0062745098039215,0.0141176470588235,0.0211764705882352
0.0,0.0,0.0,0.0,0.0,0.0,0.0,0.0,0.0,0.0,0.0,0.0,0.0,0.0,0.0,0.0,0.0,1.0,0.0,0.0,0.0,0.0,0.0,0.0,1.0,0.0,0.0,-83.44,134.2,12.0,1.3,0.176,1275.0,1.0,0.0070588235294117,0.0094117647058823,0.0172549019607843
0.0,0.0,0.0,0.0,0.0,0.0,0.0,0.0,0.0,0.0,0.0,0.0,0.0,0.0,1.0,0.0,0.0,0.0,0.0,0.0,0.0,0.0,0.0,0.0,1.0,0.0,0.0,-134.15,162.68,49.7,1.3,0.176,1275.0,1.0,0.0062745098039215,0.0188235294117647,0.0258823529411764
0.0,0.0,1.0,0.0,0.0,0.0,0.0,0.0,0.0,0.0,0.0,0.0,0.0,0.0,0.0,0.0,0.0,0.0,0.0,0.0,0.0,0.0,0.0,0.0,0.0,0.0,1.0,-75.86,177.64,31.4,1.3,0.176,1275.0,1.0,0.0070588235294117,0.0101960784313725,0.0180392156862745
0.0,0.0,0.0,0.0,0.0,0.0,0.0,0.0,0.0,0.0,0.0,0.0,0.0,0.0,1.0,0.0,0.0,0.0,0.0,0.0,0.0,0.0,0.0,0.0,0.0,0.0,1.0,-66.51,-13.95,211.4,1.3,0.176,1275.0,1.0,0.0062745098039215,0.0101960784313725,0.0172549019607843
0.0,0.0,0.0,0.0,0.0,0.0,0.0,0.0,0.0,0.0,0.0,0.0,0.0,0.0,1.0,0.0,0.0,0.0,0.0,0.0,0.0,0.0,0.0,0.0,0.0,0.0,1.0,-94.76,5.46,171.8,1.3,0.176,1275.0,1.0,0.0062745098039215,0.0109803921568627,0.0180392156862745
0.0,0.0,0.0,0.0,0.0,1.0,0.0,0.0,0.0,0.0,0.0,0.0,0.0,0.0,0.0,0.0,0.0,0.0,0.0,0.0,0.0,0.0,0.0,0.0,0.0,0.0,1.0,81.08,8.93,22.2,1.3,0.176,1275.0,1.0,0.0047058823529411,0.0141176470588235,0.0196078431372549
0.0,0.0,0.0,0.0,0.0,0.0,0.0,0.0,0.0,0.0,0.0,0.0,0.0,0.0,1.0,0.0,0.0,0.0,0.0,0.0,0.0,0.0,0.0,0.0,0.0,1.0,0.0,-80.43,155.85,120.2,1.3,0.176,1275.0,1.0,0.0070588235294117,0.0133333333333333,0.0211764705882352
0.0,0.0,0.0,0.0,0.0,0.0,0.0,0.0,0.0,0.0,0.0,0.0,1.0,0.0,0.0,0.0,0.0,0.0,0.0,0.0,0.0,1.0,0.0,0.0,0.0,0.0,0.0,-54.78,144.13,102.3,1.3,0.176,1275.0,1.0,0.0070588235294117,0.0094117647058823,0.0172549019607843
1.0,0.0,0.0,0.0,0.0,0.0,0.0,0.0,0.0,0.0,0.0,0.0,0.0,0.0,0.0,0.0,0.0,0.0,0.0,0.0,0.0,0.0,0.0,0.0,0.0,1.0,0.0,-131.2,65.76,3.5,1.3,0.176,1275.0,1.0,0.0062745098039215,0.0141176470588235,0.0211764705882352
0.0,0.0,0.0,0.0,0.0,0.0,0.0,0.0,0.0,0.0,0.0,0.0,1.0,0.0,0.0,0.0,0.0,0.0,0.0,0.0,0.0,0.0,0.0,1.0,0.0,0.0,0.0,-58.34,-30.23,84.2,1.3,0.176,1275.0,1.0,0.0070588235294117,0.0086274509803921,0.0164705882352941
0.0,0.0,0.0,0.0,0.0,0.0,0.0,0.0,0.0,0.0,0.0,0.0,0.0,0.0,0.0,0.0,0.0,0.0,1.0,0.0,0.0,0.0,0.0,1.0,0.0,0.0,0.0,-67.58,-26.97,120.7,1.3,0.176,1275.0,0.5,0.0062745098039215,0.0149019607843137,0.0219607843137254
0.0,0.0,0.0,0.0,0.0,0.0,0.0,0.0,0.0,1.0,0.0,0.0,0.0,0.0,0.0,0.0,0.0,0.0,0.0,0.0,0.0,0.0,0.0,1.0,0.0,0.0,0.0,-84.59,-38.75,1.0,1.3,0.176,1275.0,1.0,0.0070588235294117,0.0172549019607843,0.0250980392156862
0.0,0.0,0.0,1.0,0.0,0.0,0.0,0.0,0.0,0.0,0.0,0.0,0.0,0.0,0.0,0.0,0.0,0.0,0.0,0.0,0.0,0.0,0.0,1.0,0.0,0.0,0.0,-53.63,-41.99,40.2,1.3,0.176,1275.0,1.0,0.0054901960784313,0.0141176470588235,0.0203921568627451
0.0,0.0,0.0,0.0,0.0,0.0,0.0,0.0,0.0,0.0,0.0,0.0,0.0,0.0,1.0,0.0,0.0,0.0,0.0,0.0,0.0,0.0,0.0,1.0,0.0,0.0,0.0,-63.6,-21.6,207.1,1.3,0.176,1275.0,1.0,0.0062745098039215,0.0109803921568627,0.0180392156862745
0.0,0.0,0.0,0.0,0.0,0.0,0.0,0.0,1.0,0.0,0.0,0.0,0.0,0.0,0.0,0.0,0.0,0.0,0.0,0.0,0.0,0.0,0.0,0.0,0.0,1.0,0.0,-88.74,-6.91,106.8,1.3,0.176,1275.0,1.0,0.0062745098039215,0.0109803921568627,0.0180392156862745
0.0,0.0,0.0,0.0,0.0,0.0,0.0,0.0,0.0,1.0,0.0,0.0,0.0,0.0,0.0,0.0,0.0,0.0,0.0,0.0,0.0,0.0,0.0,0.0,0.0,1.0,0.0,-63.72,132.87,20.8,1.3,0.176,1275.0,1.0,0.0062745098039215,0.0149019607843137,0.0219607843137254
0.0,0.0,0.0,0.0,0.0,0.0,0.0,0.0,0.0,0.0,0.0,0.0,0.0,0.0,0.0,0.0,1.0,0.0,0.0,0.0,0.0,0.0,0.0,0.0,0.0,1.0,0.0,-104.92,166.09,74.8,1.3,0.176,1275.0,1.0,0.0070588235294117,0.0086274509803921,0.0164705882352941
0.0,0.0,0.0,1.0,0.0,0.0,0.0,0.0,0.0,0.0,0.0,0.0,0.0,0.0,0.0,0.0,0.0,0.0,0.0,0.0,0.0,0.0,0.0,1.0,0.0,0.0,0.0,-58.5,-36.02,147.3,1.3,0.176,1275.0,1.0,0.0062745098039215,0.0125490196078431,0.0196078431372549
1.0,0.0,0.0,0.0,0.0,0.0,0.0,0.0,0.0,0.0,0.0,0.0,0.0,0.0,0.0,0.0,0.0,0.0,0.0,0.0,0.0,0.0,0.0,1.0,0.0,0.0,0.0,-60.37,-44.69,67.3,1.3,0.176,1275.0,1.0,0.0054901960784313,0.0109803921568627,0.0172549019607843
0.0,0.0,0.0,1.0,0.0,0.0,0.0,0.0,0.0,0.0,0.0,0.0,0.0,0.0,0.0,0.0,0.0,0.0,0.0,0.0,0.0,0.0,0.0,1.0,0.0,0.0,0.0,-65.39,-40.26,32.1,1.3,0.176,1275.0,1.0,0.0062745098039215,0.0149019607843137,0.0219607843137254
0.0,0.0,0.0,0.0,0.0,0.0,0.0,0.0,0.0,0.0,0.0,0.0,0.0,0.0,1.0,0.0,0.0,0.0,0.0,0.0,0.0,0.0,0.0,1.0,0.0,0.0,0.0,-61.15,-40.91,97.6,1.3,0.176,1275.0,1.0,0.0062745098039215,0.0156862745098039,0.0227450980392156
0.0,0.0,0.0,1.0,0.0,0.0,0.0,0.0,0.0,0.0,0.0,0.0,0.0,0.0,0.0,0.0,0.0,0.0,0.0,0.0,0.0,0.0,0.0,1.0,0.0,0.0,0.0,-66.4,-42.67,99.9,1.3,0.176,1275.0,1.0,0.0062745098039215,0.0149019607843137,0.0219607843137254
0.0,0.0,0.0,0.0,0.0,0.0,0.0,0.0,0.0,0.0,0.0,0.0,0.0,0.0,1.0,0.0,0.0,0.0,0.0,0.0,0.0,0.0,0.0,1.0,0.0,0.0,0.0,-63.21,-45.9,94.7,1.3,0.176,1275.0,1.0,0.0062745098039215,0.0133333333333333,0.0203921568627451
0.0,0.0,0.0,0.0,0.0,0.0,0.0,1.0,0.0,0.0,0.0,0.0,0.0,0.0,0.0,0.0,0.0,0.0,0.0,0.0,0.0,0.0,0.0,1.0,0.0,0.0,0.0,-68.53,-34.56,0.0,1.3,0.176,1275.0,1.0,0.0070588235294117,0.0164705882352941,0.024313725490196
0.0,0.0,1.0,0.0,0.0,0.0,0.0,0.0,0.0,0.0,0.0,0.0,0.0,0.0,0.0,0.0,0.0,0.0,0.0,0.0,0.0,0.0,0.0,1.0,0.0,0.0,0.0,-52.31,-45.59,86.2,1.3,0.176,1275.0,1.0,0.0070588235294117,0.0172549019607843,0.0250980392156862
0.0,0.0,0.0,0.0,0.0,0.0,0.0,0.0,0.0,0.0,0.0,0.0,0.0,1.0,0.0,0.0,0.0,0.0,0.0,0.0,0.0,0.0,0.0,1.0,0.0,0.0,0.0,-70.08,-36.09,95.6,1.3,0.176,1275.0,1.0,0.0062745098039215,0.0141176470588235,0.0211764705882352
1.0,0.0,0.0,0.0,0.0,0.0,0.0,0.0,0.0,0.0,0.0,0.0,0.0,0.0,0.0,0.0,0.0,0.0,0.0,0.0,0.0,0.0,0.0,1.0,0.0,0.0,0.0,-59.73,-41.23,22.0,1.3,0.176,1275.0,1.0,0.0054901960784313,0.0149019607843137,0.0211764705882352
0.0,0.0,0.0,0.0,0.0,0.0,0.0,0.0,0.0,0.0,0.0,0.0,0.0,0.0,0.0,0.0,0.0,1.0,0.0,0.0,0.0,0.0,0.0,1.0,0.0,0.0,0.0,-65.4,-46.16,5.1,1.3,0.176,1275.0,1.0,0.0070588235294117,0.0133333333333333,0.0211764705882352
0.0,0.0,0.0,0.0,1.0,0.0,0.0,0.0,0.0,0.0,0.0,0.0,0.0,0.0,0.0,0.0,0.0,0.0,0.0,0.0,0.0,0.0,0.0,1.0,0.0,0.0,0.0,-54.46,-47.78,21.6,1.3,0.176,1275.0,1.0,0.0062745098039215,0.0196078431372549,0.0266666666666666
0.0,0.0,1.0,0.0,0.0,0.0,0.0,0.0,0.0,0.0,0.0,0.0,0.0,0.0,0.0,0.0,0.0,0.0,0.0,0.0,0.0,0.0,0.0,1.0,0.0,0.0,0.0,-65.46,-38.12,36.5,1.3,0.176,1275.0,1.0,0.0070588235294117,0.0149019607843137,0.0227450980392156
0.0,0.0,0.0,0.0,0.0,0.0,0.0,0.0,0.0,0.0,0.0,0.0,0.0,0.0,1.0,0.0,0.0,0.0,0.0,0.0,0.0,0.0,0.0,1.0,0.0,0.0,0.0,-65.28,360.0,103.2,1.3,0.176,1275.0,1.0,0.0054901960784313,0.0125490196078431,0.0188235294117647
0.0,0.0,0.0,1.0,0.0,0.0,0.0,0.0,0.0,0.0,0.0,0.0,0.0,0.0,0.0,0.0,0.0,0.0,0.0,0.0,0.0,0.0,0.0,0.0,0.0,1.0,0.0,360.0,10.81,63.5,1.3,0.176,1275.0,1.0,0.0047058823529411,0.0094117647058823,0.0149019607843137
0.0,0.0,0.0,0.0,0.0,1.0,0.0,0.0,0.0,0.0,0.0,0.0,0.0,0.0,0.0,0.0,0.0,0.0,0.0,0.0,0.0,0.0,0.0,0.0,0.0,1.0,0.0,-85.43,-171.89,27.6,1.3,0.176,1275.0,1.0,0.0047058823529411,0.0164705882352941,0.0219607843137254
0.0,0.0,0.0,0.0,0.0,0.0,0.0,0.0,0.0,0.0,0.0,0.0,0.0,0.0,1.0,0.0,0.0,0.0,0.0,0.0,0.0,0.0,0.0,0.0,0.0,1.0,0.0,-128.96,360.0,71.0,1.3,0.176,1275.0,1.0,0.0047058823529411,0.0054901960784313,0.0109803921568627
0.0,0.0,0.0,0.0,0.0,0.0,0.0,0.0,0.0,1.0,0.0,0.0,0.0,0.0,0.0,0.0,0.0,0.0,0.0,0.0,0.0,0.0,0.0,0.0,0.0,1.0,0.0,360.0,-45.28,151.0,1.3,0.176,1275.0,1.0,0.0047058823529411,0.0062745098039215,0.0117647058823529
1.0,0.0,0.0,0.0,0.0,0.0,0.0,0.0,0.0,0.0,0.0,0.0,0.0,0.0,0.0,0.0,0.0,0.0,0.0,0.0,0.0,0.0,0.0,0.0,1.0,0.0,0.0,-156.87,154.81,19.9,1.3,0.176,1275.0,1.0,0.0054901960784313,0.0101960784313725,0.0164705882352941
0.0,0.0,0.0,1.0,0.0,0.0,0.0,0.0,0.0,0.0,0.0,0.0,0.0,0.0,0.0,0.0,0.0,0.0,0.0,0.0,0.0,0.0,0.0,0.0,1.0,0.0,0.0,-136.72,146.8,52.5,1.3,0.176,1275.0,1.0,0.0054901960784313,0.0125490196078431,0.0188235294117647
0.0,0.0,0.0,0.0,1.0,0.0,0.0,0.0,0.0,0.0,0.0,0.0,0.0,0.0,0.0,0.0,0.0,0.0,0.0,0.0,0.0,0.0,0.0,0.0,1.0,0.0,0.0,-149.31,152.27,35.4,1.3,0.176,1275.0,1.0,0.0062745098039215,0.0109803921568627,0.0180392156862745
0.0,0.0,0.0,1.0,0.0,0.0,0.0,0.0,0.0,0.0,0.0,0.0,0.0,0.0,0.0,0.0,0.0,0.0,0.0,0.0,0.0,0.0,0.0,0.0,1.0,0.0,0.0,-74.75,132.91,83.9,1.3,0.176,1275.0,1.0,0.0054901960784313,0.0101960784313725,0.0164705882352941
0.0,0.0,1.0,0.0,0.0,0.0,0.0,0.0,0.0,0.0,0.0,0.0,0.0,0.0,0.0,0.0,0.0,0.0,0.0,0.0,0.0,0.0,0.0,0.0,1.0,0.0,0.0,-147.54,-158.04,37.9,1.3,0.176,1275.0,1.0,0.0062745098039215,0.0125490196078431,0.0196078431372549
0.0,0.0,0.0,0.0,0.0,0.0,0.0,0.0,0.0,0.0,0.0,0.0,0.0,0.0,1.0,0.0,0.0,0.0,0.0,0.0,0.0,0.0,0.0,0.0,1.0,0.0,0.0,-139.43,153.12,134.9,1.3,0.176,1275.0,1.0,0.0062745098039215,0.0180392156862745,0.0250980392156862
0.0,0.0,0.0,0.0,0.0,0.0,0.0,0.0,0.0,0.0,0.0,0.0,0.0,0.0,0.0,0.0,0.0,1.0,0.0,0.0,0.0,0.0,0.0,0.0,1.0,0.0,0.0,-120.76,116.32,0.0,1.3,0.176,1275.0,1.0,0.0070588235294117,0.0101960784313725,0.0180392156862745
1.0,0.0,0.0,0.0,0.0,0.0,0.0,0.0,0.0,0.0,0.0,0.0,0.0,0.0,0.0,0.0,0.0,0.0,0.0,0.0,0.0,0.0,0.0,0.0,0.0,0.0,1.0,44.97,43.29,63.2,1.3,0.176,1275.0,1.0,0.0054901960784313,0.0078431372549019,0.0141176470588235
0.0,0.0,0.0,0.0,0.0,1.0,0.0,0.0,0.0,0.0,0.0,0.0,0.0,0.0,0.0,0.0,0.0,0.0,0.0,0.0,0.0,0.0,0.0,0.0,0.0,0.0,1.0,91.04,-7.27,47.2,1.3,0.176,1275.0,1.0,0.0047058823529411,0.0117647058823529,0.0172549019607843
0.0,0.0,0.0,0.0,0.0,0.0,0.0,1.0,0.0,0.0,0.0,0.0,0.0,0.0,0.0,0.0,0.0,0.0,0.0,0.0,0.0,0.0,0.0,0.0,1.0,0.0,0.0,-97.35,125.31,66.2,1.3,0.176,1275.0,1.0,0.0078431372549019,0.0133333333333333,0.0219607843137254
0.0,0.0,0.0,0.0,0.0,0.0,0.0,0.0,0.0,0.0,0.0,0.0,1.0,0.0,0.0,0.0,0.0,0.0,0.0,0.0,0.0,0.0,0.0,0.0,1.0,0.0,0.0,-57.59,139.2,89.6,1.3,0.176,1275.0,1.0,0.0070588235294117,0.0109803921568627,0.0188235294117647
0.0,1.0,0.0,0.0,0.0,0.0,0.0,0.0,0.0,0.0,0.0,0.0,0.0,0.0,0.0,0.0,0.0,0.0,0.0,0.0,0.0,0.0,0.0,0.0,1.0,0.0,0.0,-154.91,178.26,10.2,1.3,0.176,1275.0,1.0,0.0062745098039215,0.0109803921568627,0.0180392156862745
0.0,0.0,0.0,0.0,0.0,0.0,0.0,0.0,0.0,1.0,0.0,0.0,0.0,0.0,0.0,0.0,0.0,0.0,0.0,0.0,0.0,0.0,0.0,0.0,1.0,0.0,0.0,-109.48,135.2,36.7,1.3,0.176,1275.0,0.5,0.0062745098039215,0.0164705882352941,0.0235294117647058
0.0,0.0,0.0,0.0,0.0,0.0,0.0,1.0,0.0,0.0,0.0,0.0,0.0,0.0,0.0,0.0,0.0,0.0,0.0,0.0,0.0,0.0,0.0,0.0,1.0,0.0,0.0,-102.12,126.11,0.0,1.3,0.176,1275.0,1.0,0.0070588235294117,0.0133333333333333,0.0211764705882352
0.0,0.0,0.0,0.0,0.0,0.0,0.0,0.0,0.0,0.0,0.0,0.0,0.0,0.0,0.0,0.0,0.0,1.0,0.0,0.0,0.0,0.0,0.0,0.0,1.0,0.0,0.0,-112.57,126.03,22.2,1.3,0.176,1275.0,1.0,0.0070588235294117,0.0133333333333333,0.0211764705882352
0.0,0.0,0.0,0.0,0.0,0.0,0.0,0.0,0.0,0.0,0.0,0.0,0.0,0.0,0.0,0.0,0.0,1.0,0.0,0.0,0.0,0.0,0.0,0.0,1.0,0.0,0.0,-93.93,120.4,8.0,1.3,0.176,1275.0,1.0,0.0070588235294117,0.0133333333333333,0.0211764705882352
0.0,0.0,0.0,0.0,0.0,0.0,0.0,0.0,0.0,0.0,0.0,0.0,0.0,0.0,0.0,0.0,1.0,0.0,0.0,0.0,0.0,0.0,0.0,0.0,1.0,0.0,0.0,-102.95,-18.66,57.1,1.3,0.176,1275.0,1.0,0.0070588235294117,0.0117647058823529,0.0196078431372549
0.0,0.0,0.0,0.0,0.0,0.0,0.0,0.0,0.0,0.0,0.0,0.0,0.0,0.0,0.0,0.0,0.0,0.0,0.0,1.0,0.0,0.0,0.0,0.0,1.0,0.0,0.0,-151.86,136.4,114.1,1.3,0.176,1275.0,1.0,0.0062745098039215,0.0149019607843137,0.0219607843137254
0.0,0.0,0.0,0.0,0.0,0.0,0.0,0.0,0.0,0.0,0.0,0.0,0.0,0.0,0.0,0.0,0.0,0.0,1.0,0.0,0.0,0.0,0.0,0.0,1.0,0.0,0.0,-138.98,124.72,51.9,1.3,0.176,1275.0,1.0,0.0062745098039215,0.0188235294117647,0.0258823529411764
0.0,0.0,0.0,1.0,0.0,0.0,0.0,0.0,0.0,0.0,0.0,0.0,0.0,0.0,0.0,0.0,0.0,0.0,0.0,0.0,0.0,0.0,0.0,0.0,1.0,0.0,0.0,-96.63,110.67,80.8,1.3,0.176,1275.0,1.0,0.0062745098039215,0.0188235294117647,0.0258823529411764
0.0,0.0,0.0,0.0,0.0,0.0,0.0,0.0,0.0,0.0,0.0,0.0,1.0,0.0,0.0,0.0,0.0,0.0,0.0,0.0,0.0,0.0,0.0,0.0,0.0,1.0,0.0,-57.03,141.81,72.3,1.3,0.176,1275.0,1.0,0.0070588235294117,0.0133333333333333,0.0211764705882352
0.0,0.0,0.0,0.0,0.0,0.0,0.0,0.0,0.0,0.0,0.0,0.0,0.0,0.0,0.0,0.0,0.0,0.0,0.0,1.0,0.0,0.0,0.0,0.0,0.0,1.0,0.0,-64.83,129.15,32.0,1.3,0.176,1275.0,1.0,0.0062745098039215,0.0180392156862745,0.0250980392156862
0.0,0.0,0.0,0.0,0.0,0.0,0.0,0.0,0.0,0.0,0.0,0.0,0.0,0.0,0.0,0.0,0.0,1.0,0.0,0.0,0.0,1.0,0.0,0.0,0.0,0.0,0.0,-118.44,119.21,61.2,1.3,0.176,1275.0,1.0,0.0078431372549019,0.0141176470588235,0.0227450980392156
0.0,0.0,0.0,0.0,0.0,0.0,0.0,0.0,0.0,0.0,0.0,0.0,1.0,0.0,0.0,0.0,0.0,0.0,0.0,0.0,0.0,0.0,0.0,0.0,0.0,1.0,0.0,-63.52,149.86,58.2,1.3,0.176,1275.0,1.0,0.0070588235294117,0.0125490196078431,0.0203921568627451
1.0,0.0,0.0,0.0,0.0,0.0,0.0,0.0,0.0,0.0,0.0,0.0,0.0,0.0,0.0,0.0,0.0,0.0,0.0,0.0,0.0,0.0,0.0,0.0,0.0,1.0,0.0,-64.4,153.02,6.1,1.3,0.176,1275.0,1.0,0.0054901960784313,0.0172549019607843,0.0235294117647058
0.0,0.0,0.0,0.0,0.0,0.0,0.0,0.0,1.0,0.0,0.0,0.0,0.0,0.0,0.0,0.0,0.0,0.0,0.0,0.0,0.0,1.0,0.0,0.0,0.0,0.0,0.0,-95.83,119.0,65.5,1.3,0.176,1275.0,1.0,0.0062745098039215,0.0211764705882352,0.028235294117647
0.0,0.0,0.0,0.0,0.0,0.0,0.0,0.0,0.0,0.0,0.0,0.0,0.0,0.0,0.0,0.0,0.0,1.0,0.0,0.0,0.0,0.0,0.0,0.0,0.0,1.0,0.0,-123.56,-26.39,46.7,1.3,0.176,1275.0,1.0,0.0070588235294117,0.0117647058823529,0.0196078431372549
0.0,0.0,0.0,0.0,0.0,0.0,0.0,0.0,0.0,0.0,0.0,0.0,0.0,0.0,0.0,1.0,0.0,0.0,0.0,0.0,0.0,0.0,0.0,0.0,0.0,1.0,0.0,-80.41,148.61,57.3,1.3,0.176,1275.0,1.0,0.0062745098039215,0.0094117647058823,0.0164705882352941
0.0,0.0,0.0,0.0,0.0,1.0,0.0,0.0,0.0,0.0,0.0,0.0,0.0,0.0,0.0,0.0,0.0,0.0,0.0,0.0,0.0,0.0,0.0,0.0,0.0,1.0,0.0,87.58,-174.05,55.8,1.3,0.176,1275.0,1.0,0.0054901960784313,0.0070588235294117,0.0133333333333333
0.0,0.0,0.0,0.0,0.0,0.0,0.0,0.0,0.0,0.0,0.0,0.0,1.0,0.0,0.0,0.0,0.0,0.0,0.0,0.0,0.0,0.0,0.0,0.0,0.0,1.0,0.0,-62.62,148.09,69.4,1.3,0.176,1275.0,1.0,0.0078431372549019,0.0070588235294117,0.0156862745098039
0.0,0.0,0.0,0.0,0.0,0.0,0.0,0.0,0.0,0.0,0.0,0.0,1.0,0.0,0.0,0.0,0.0,0.0,0.0,0.0,0.0,0.0,1.0,0.0,0.0,0.0,0.0,-59.72,-27.19,102.1,1.3,0.176,1275.0,1.0,0.0070588235294117,0.0109803921568627,0.0188235294117647
0.0,0.0,0.0,1.0,0.0,0.0,0.0,0.0,0.0,0.0,0.0,0.0,0.0,0.0,0.0,0.0,0.0,0.0,0.0,0.0,0.0,0.0,1.0,0.0,0.0,0.0,0.0,-60.49,-23.64,155.5,1.3,0.176,1275.0,1.0,0.0062745098039215,0.0117647058823529,0.0188235294117647
0.0,0.0,0.0,0.0,0.0,0.0,0.0,0.0,0.0,0.0,0.0,0.0,0.0,0.0,0.0,0.0,0.0,0.0,0.0,1.0,0.0,0.0,1.0,0.0,0.0,0.0,0.0,-105.27,-5.9,169.4,1.3,0.176,1275.0,1.0,0.0062745098039215,0.0117647058823529,0.0188235294117647
0.0,1.0,0.0,0.0,0.0,0.0,0.0,0.0,0.0,0.0,0.0,0.0,0.0,0.0,0.0,0.0,0.0,0.0,0.0,0.0,0.0,0.0,0.0,0.0,0.0,1.0,0.0,-74.79,158.59,46.5,1.3,0.176,1275.0,1.0,0.0062745098039215,0.0149019607843137,0.0219607843137254
0.0,0.0,0.0,0.0,0.0,0.0,0.0,0.0,0.0,0.0,0.0,0.0,0.0,0.0,0.0,0.0,0.0,0.0,0.0,1.0,0.0,1.0,0.0,0.0,0.0,0.0,0.0,-161.05,152.38,132.5,1.3,0.176,1275.0,1.0,0.0070588235294117,0.0125490196078431,0.0203921568627451
0.0,0.0,0.0,0.0,0.0,0.0,0.0,0.0,0.0,0.0,0.0,0.0,1.0,0.0,0.0,0.0,0.0,0.0,0.0,0.0,0.0,0.0,0.0,0.0,0.0,1.0,0.0,-74.35,164.4,99.5,1.3,0.176,1275.0,1.0,0.0070588235294117,0.0078431372549019,0.0156862745098039
1.0,0.0,0.0,0.0,0.0,0.0,0.0,0.0,0.0,0.0,0.0,0.0,0.0,0.0,0.0,0.0,0.0,0.0,0.0,0.0,0.0,0.0,0.0,0.0,0.0,1.0,0.0,-62.24,154.46,19.9,1.3,0.176,1275.0,1.0,0.0054901960784313,0.0149019607843137,0.0211764705882352
0.0,0.0,0.0,1.0,0.0,0.0,0.0,0.0,0.0,0.0,0.0,0.0,0.0,0.0,0.0,0.0,0.0,0.0,0.0,0.0,0.0,1.0,0.0,0.0,0.0,0.0,0.0,-127.62,156.24,122.5,1.3,0.176,1275.0,1.0,0.0062745098039215,0.0125490196078431,0.0196078431372549
0.0,0.0,0.0,0.0,0.0,1.0,0.0,0.0,0.0,0.0,0.0,0.0,0.0,0.0,0.0,0.0,0.0,0.0,0.0,0.0,0.0,0.0,0.0,0.0,0.0,1.0,0.0,68.72,-151.91,31.4,1.3,0.176,1275.0,1.0,0.0047058823529411,0.0141176470588235,0.0196078431372549
0.0,0.0,0.0,0.0,0.0,1.0,0.0,0.0,0.0,0.0,0.0,0.0,0.0,0.0,0.0,0.0,0.0,0.0,0.0,0.0,0.0,0.0,0.0,0.0,0.0,1.0,0.0,76.85,35.77,17.2,1.3,0.176,1275.0,1.0,0.0047058823529411,0.0188235294117647,0.024313725490196
0.0,1.0,0.0,0.0,0.0,0.0,0.0,0.0,0.0,0.0,0.0,0.0,0.0,0.0,0.0,0.0,0.0,0.0,0.0,0.0,0.0,0.0,0.0,0.0,1.0,0.0,0.0,-160.73,171.52,70.9,1.3,0.176,1275.0,1.0,0.0062745098039215,0.0109803921568627,0.0180392156862745
0.0,0.0,0.0,0.0,0.0,1.0,0.0,0.0,0.0,0.0,0.0,0.0,0.0,0.0,0.0,0.0,0.0,0.0,0.0,0.0,0.0,0.0,0.0,0.0,1.0,0.0,0.0,176.12,-149.74,29.1,1.3,0.176,1275.0,1.0,0.0047058823529411,0.0164705882352941,0.0219607843137254
0.0,0.0,0.0,1.0,0.0,0.0,0.0,0.0,0.0,0.0,0.0,0.0,0.0,0.0,0.0,0.0,0.0,0.0,0.0,0.0,0.0,0.0,0.0,0.0,1.0,0.0,0.0,-135.73,137.95,107.9,1.3,0.176,1275.0,1.0,0.0062745098039215,0.0141176470588235,0.0211764705882352
0.0,0.0,0.0,0.0,0.0,0.0,0.0,0.0,0.0,0.0,0.0,0.0,0.0,0.0,0.0,0.0,0.0,0.0,1.0,0.0,0.0,0.0,0.0,0.0,1.0,0.0,0.0,-141.85,162.44,26.4,1.3,0.176,1275.0,1.0,0.0062745098039215,0.0180392156862745,0.0250980392156862
0.0,0.0,0.0,1.0,0.0,0.0,0.0,0.0,0.0,0.0,0.0,0.0,0.0,0.0,0.0,0.0,0.0,0.0,0.0,0.0,0.0,0.0,0.0,0.0,1.0,0.0,0.0,-137.64,149.44,81.0,1.3,0.176,1275.0,1.0,0.0062745098039215,0.0141176470588235,0.0211764705882352
0.0,0.0,0.0,0.0,0.0,0.0,0.0,0.0,0.0,0.0,0.0,0.0,0.0,0.0,0.0,0.0,0.0,1.0,0.0,0.0,0.0,0.0,0.0,0.0,1.0,0.0,0.0,-82.82,131.74,11.8,1.3,0.176,1275.0,0.5,0.0070588235294117,0.0094117647058823,0.0172549019607843
0.0,0.0,0.0,0.0,0.0,0.0,0.0,0.0,0.0,0.0,0.0,0.0,0.0,0.0,1.0,0.0,0.0,0.0,0.0,0.0,0.0,0.0,0.0,0.0,1.0,0.0,0.0,-132.35,163.86,48.7,1.3,0.176,1275.0,1.0,0.0062745098039215,0.0188235294117647,0.0258823529411764
0.0,0.0,1.0,0.0,0.0,0.0,0.0,0.0,0.0,0.0,0.0,0.0,0.0,0.0,0.0,0.0,0.0,0.0,0.0,0.0,0.0,0.0,0.0,0.0,0.0,0.0,1.0,-75.68,177.69,23.8,1.3,0.176,1275.0,1.0,0.0070588235294117,0.0101960784313725,0.0180392156862745
0.0,0.0,0.0,0.0,0.0,0.0,0.0,0.0,0.0,0.0,0.0,0.0,0.0,0.0,1.0,0.0,0.0,0.0,0.0,0.0,0.0,0.0,0.0,0.0,0.0,0.0,1.0,-66.16,-15.85,210.8,1.3,0.176,1275.0,1.0,0.0062745098039215,0.0109803921568627,0.0180392156862745
0.0,0.0,0.0,0.0,0.0,0.0,0.0,0.0,0.0,0.0,0.0,0.0,0.0,0.0,1.0,0.0,0.0,0.0,0.0,0.0,0.0,0.0,0.0,0.0,0.0,0.0,1.0,-90.25,0.95,171.0,1.3,0.176,1275.0,1.0,0.0062745098039215,0.0117647058823529,0.0188235294117647
0.0,0.0,0.0,0.0,0.0,1.0,0.0,0.0,0.0,0.0,0.0,0.0,0.0,0.0,0.0,0.0,0.0,0.0,0.0,0.0,0.0,0.0,0.0,0.0,0.0,0.0,1.0,83.87,7.11,22.3,1.3,0.176,1275.0,1.0,0.0047058823529411,0.0149019607843137,0.0203921568627451
0.0,0.0,0.0,0.0,0.0,0.0,0.0,0.0,0.0,0.0,0.0,0.0,0.0,0.0,1.0,0.0,0.0,0.0,0.0,0.0,0.0,0.0,0.0,0.0,0.0,1.0,0.0,-80.66,157.75,119.8,1.3,0.176,1275.0,1.0,0.0070588235294117,0.0133333333333333,0.0211764705882352
0.0,0.0,0.0,0.0,0.0,0.0,0.0,0.0,0.0,0.0,0.0,0.0,1.0,0.0,0.0,0.0,0.0,0.0,0.0,0.0,0.0,1.0,0.0,0.0,0.0,0.0,0.0,-56.29,146.02,95.7,1.3,0.176,1275.0,1.0,0.0070588235294117,0.0094117647058823,0.0172549019607843
1.0,0.0,0.0,0.0,0.0,0.0,0.0,0.0,0.0,0.0,0.0,0.0,0.0,0.0,0.0,0.0,0.0,0.0,0.0,0.0,0.0,0.0,0.0,0.0,0.0,1.0,0.0,-132.61,67.62,3.9,1.3,0.176,1275.0,1.0,0.0062745098039215,0.0172549019607843,0.024313725490196
0.0,0.0,0.0,0.0,0.0,0.0,0.0,0.0,0.0,0.0,0.0,0.0,1.0,0.0,0.0,0.0,0.0,0.0,0.0,0.0,0.0,0.0,0.0,1.0,0.0,0.0,0.0,-57.8,-31.68,64.7,1.3,0.176,1275.0,1.0,0.0070588235294117,0.0101960784313725,0.0180392156862745
0.0,0.0,0.0,0.0,0.0,0.0,0.0,0.0,0.0,0.0,0.0,0.0,0.0,0.0,0.0,0.0,0.0,0.0,1.0,0.0,0.0,0.0,0.0,1.0,0.0,0.0,0.0,-59.33,-36.59,123.4,1.3,0.176,1275.0,0.5,0.0062745098039215,0.0156862745098039,0.0227450980392156
0.0,0.0,0.0,0.0,0.0,0.0,0.0,0.0,0.0,1.0,0.0,0.0,0.0,0.0,0.0,0.0,0.0,0.0,0.0,0.0,0.0,0.0,0.0,1.0,0.0,0.0,0.0,-83.84,-38.03,4.4,1.3,0.176,1275.0,1.0,0.0070588235294117,0.0149019607843137,0.0227450980392156
0.0,0.0,0.0,1.0,0.0,0.0,0.0,0.0,0.0,0.0,0.0,0.0,0.0,0.0,0.0,0.0,0.0,0.0,0.0,0.0,0.0,0.0,0.0,1.0,0.0,0.0,0.0,-53.85,-41.71,86.0,1.3,0.176,1275.0,1.0,0.0062745098039215,0.0164705882352941,0.0235294117647058
0.0,0.0,0.0,0.0,0.0,0.0,0.0,0.0,0.0,0.0,0.0,0.0,0.0,0.0,1.0,0.0,0.0,0.0,0.0,0.0,0.0,0.0,0.0,1.0,0.0,0.0,0.0,-64.5,-20.44,182.1,1.3,0.176,1275.0,1.0,0.0062745098039215,0.0133333333333333,0.0203921568627451
0.0,0.0,0.0,0.0,0.0,0.0,0.0,0.0,1.0,0.0,0.0,0.0,0.0,0.0,0.0,0.0,0.0,0.0,0.0,0.0,0.0,0.0,0.0,0.0,0.0,1.0,0.0,-89.86,-6.31,108.8,1.3,0.176,1275.0,1.0,0.0062745098039215,0.0117647058823529,0.0188235294117647
0.0,0.0,0.0,0.0,0.0,0.0,0.0,0.0,0.0,1.0,0.0,0.0,0.0,0.0,0.0,0.0,0.0,0.0,0.0,0.0,0.0,0.0,0.0,0.0,0.0,1.0,0.0,-64.08,134.48,18.5,1.3,0.176,1275.0,1.0,0.0062745098039215,0.0149019607843137,0.0219607843137254
0.0,0.0,0.0,0.0,0.0,0.0,0.0,0.0,0.0,0.0,0.0,0.0,0.0,0.0,0.0,0.0,1.0,0.0,0.0,0.0,0.0,0.0,0.0,0.0,0.0,1.0,0.0,-107.61,165.3,73.6,1.3,0.176,1275.0,1.0,0.0070588235294117,0.0086274509803921,0.0164705882352941
0.0,0.0,0.0,1.0,0.0,0.0,0.0,0.0,0.0,0.0,0.0,0.0,0.0,0.0,0.0,0.0,0.0,0.0,0.0,0.0,0.0,0.0,0.0,1.0,0.0,0.0,0.0,-56.9,-35.94,147.3,1.3,0.176,1275.0,1.0,0.0062745098039215,0.0125490196078431,0.0196078431372549
1.0,0.0,0.0,0.0,0.0,0.0,0.0,0.0,0.0,0.0,0.0,0.0,0.0,0.0,0.0,0.0,0.0,0.0,0.0,0.0,0.0,0.0,0.0,1.0,0.0,0.0,0.0,-62.36,-43.78,72.3,1.3,0.176,1275.0,1.0,0.0054901960784313,0.0101960784313725,0.0164705882352941
0.0,0.0,0.0,1.0,0.0,0.0,0.0,0.0,0.0,0.0,0.0,0.0,0.0,0.0,0.0,0.0,0.0,0.0,0.0,0.0,0.0,0.0,0.0,1.0,0.0,0.0,0.0,-67.36,-37.82,33.7,1.3,0.176,1275.0,1.0,0.0062745098039215,0.0164705882352941,0.0235294117647058
0.0,0.0,0.0,0.0,0.0,0.0,0.0,0.0,0.0,0.0,0.0,0.0,0.0,0.0,1.0,0.0,0.0,0.0,0.0,0.0,0.0,0.0,0.0,1.0,0.0,0.0,0.0,-62.23,-41.35,73.0,1.3,0.176,1275.0,1.0,0.0062745098039215,0.0156862745098039,0.0227450980392156
0.0,0.0,0.0,1.0,0.0,0.0,0.0,0.0,0.0,0.0,0.0,0.0,0.0,0.0,0.0,0.0,0.0,0.0,0.0,0.0,0.0,0.0,0.0,1.0,0.0,0.0,0.0,-64.8,-43.07,107.4,1.3,0.176,1275.0,1.0,0.0062745098039215,0.0149019607843137,0.0219607843137254
0.0,0.0,0.0,0.0,0.0,0.0,0.0,0.0,0.0,0.0,0.0,0.0,0.0,0.0,1.0,0.0,0.0,0.0,0.0,0.0,0.0,0.0,0.0,1.0,0.0,0.0,0.0,-61.31,-47.49,94.9,1.3,0.176,1275.0,1.0,0.0062745098039215,0.0141176470588235,0.0211764705882352
0.0,0.0,0.0,0.0,0.0,0.0,0.0,1.0,0.0,0.0,0.0,0.0,0.0,0.0,0.0,0.0,0.0,0.0,0.0,0.0,0.0,0.0,0.0,1.0,0.0,0.0,0.0,-67.72,-34.74,0.0,1.3,0.176,1275.0,1.0,0.0070588235294117,0.0156862745098039,0.0235294117647058
0.0,0.0,1.0,0.0,0.0,0.0,0.0,0.0,0.0,0.0,0.0,0.0,0.0,0.0,0.0,0.0,0.0,0.0,0.0,0.0,0.0,0.0,0.0,1.0,0.0,0.0,0.0,-51.3,-45.31,81.6,1.3,0.176,1275.0,1.0,0.0070588235294117,0.0172549019607843,0.0250980392156862
0.0,0.0,0.0,0.0,0.0,0.0,0.0,0.0,0.0,0.0,0.0,0.0,0.0,1.0,0.0,0.0,0.0,0.0,0.0,0.0,0.0,0.0,0.0,1.0,0.0,0.0,0.0,-70.74,-35.03,98.0,1.3,0.176,1275.0,1.0,0.0062745098039215,0.0141176470588235,0.0211764705882352
1.0,0.0,0.0,0.0,0.0,0.0,0.0,0.0,0.0,0.0,0.0,0.0,0.0,0.0,0.0,0.0,0.0,0.0,0.0,0.0,0.0,0.0,0.0,1.0,0.0,0.0,0.0,-62.42,-39.49,22.4,1.3,0.176,1275.0,1.0,0.0054901960784313,0.0149019607843137,0.0211764705882352
0.0,0.0,0.0,0.0,0.0,0.0,0.0,0.0,0.0,0.0,0.0,0.0,0.0,0.0,0.0,0.0,0.0,1.0,0.0,0.0,0.0,0.0,0.0,1.0,0.0,0.0,0.0,-66.52,-45.48,4.7,1.3,0.176,1275.0,1.0,0.0070588235294117,0.0133333333333333,0.0211764705882352
0.0,0.0,0.0,0.0,1.0,0.0,0.0,0.0,0.0,0.0,0.0,0.0,0.0,0.0,0.0,0.0,0.0,0.0,0.0,0.0,0.0,0.0,0.0,1.0,0.0,0.0,0.0,-54.23,-49.0,21.0,1.3,0.176,1275.0,1.0,0.0062745098039215,0.0188235294117647,0.0258823529411764
0.0,0.0,1.0,0.0,0.0,0.0,0.0,0.0,0.0,0.0,0.0,0.0,0.0,0.0,0.0,0.0,0.0,0.0,0.0,0.0,0.0,0.0,0.0,1.0,0.0,0.0,0.0,-65.38,-39.43,36.9,1.3,0.176,1275.0,1.0,0.0070588235294117,0.0156862745098039,0.0235294117647058
0.0,0.0,0.0,0.0,0.0,0.0,0.0,0.0,0.0,0.0,0.0,0.0,0.0,0.0,1.0,0.0,0.0,0.0,0.0,0.0,0.0,0.0,0.0,1.0,0.0,0.0,0.0,-63.39,360.0,98.3,1.3,0.176,1275.0,1.0,0.0054901960784313,0.0125490196078431,0.0188235294117647
0.0,0.0,0.0,1.0,0.0,0.0,0.0,0.0,0.0,0.0,0.0,0.0,0.0,0.0,0.0,0.0,0.0,0.0,0.0,0.0,0.0,0.0,0.0,0.0,0.0,1.0,0.0,360.0,9.14,65.4,1.3,0.176,1275.0,1.0,0.0047058823529411,0.0094117647058823,0.0149019607843137
0.0,0.0,0.0,0.0,0.0,1.0,0.0,0.0,0.0,0.0,0.0,0.0,0.0,0.0,0.0,0.0,0.0,0.0,0.0,0.0,0.0,0.0,0.0,0.0,0.0,1.0,0.0,-85.18,-171.25,28.9,1.3,0.176,1275.0,1.0,0.0047058823529411,0.0164705882352941,0.0219607843137254
0.0,0.0,0.0,0.0,0.0,0.0,0.0,0.0,0.0,0.0,0.0,0.0,0.0,0.0,1.0,0.0,0.0,0.0,0.0,0.0,0.0,0.0,0.0,0.0,0.0,1.0,0.0,-125.89,360.0,68.3,1.3,0.176,1275.0,1.0,0.0047058823529411,0.0047058823529411,0.0101960784313725
