0.0,0.0,0.0,0.0,0.0,0.0,0.0,0.0,0.0,0.0,0.0,1.0,0.0,0.0,0.0,0.0,0.0,0.0,0.0,0.0,0.0,0.0,0.0,0.0,0.0,1.0,0.0,360.0,131.21,167.5,1.0,0.145,1271.0,0.1,0.004720692368214,0.004720692368214,0.010228166797797
0.0,0.0,0.0,0.0,0.0,0.0,0.0,0.0,0.0,1.0,0.0,0.0,0.0,0.0,0.0,0.0,0.0,0.0,0.0,0.0,0.0,0.0,0.0,0.0,0.0,1.0,0.0,-64.37,141.89,27.7,1.0,0.145,1271.0,1.0,0.006294256490952,0.010228166797797,0.017309205350118
0.0,0.0,0.0,0.0,0.0,0.0,0.0,0.0,1.0,0.0,0.0,0.0,0.0,0.0,0.0,0.0,0.0,0.0,0.0,0.0,0.0,0.0,0.0,0.0,0.0,1.0,0.0,-72.92,150.29,131.8,1.0,0.145,1271.0,1.0,0.007081038552321,0.014162077104642,0.022029897718332
0.0,0.0,0.0,0.0,0.0,0.0,0.0,0.0,0.0,0.0,0.0,0.0,1.0,0.0,0.0,0.0,0.0,0.0,0.0,0.0,0.0,0.0,0.0,1.0,0.0,0.0,0.0,-62.6,-33.88,18.0,1.0,0.145,1271.0,1.0,0.007081038552321,0.011014948859166,0.018882769472856
0.0,0.0,0.0,0.0,0.0,0.0,0.0,0.0,0.0,0.0,0.0,0.0,0.0,1.0,0.0,0.0,0.0,0.0,0.0,0.0,0.0,0.0,0.0,1.0,0.0,0.0,0.0,-62.12,-35.87,119.0,1.0,0.145,1271.0,1.0,0.006294256490952,0.013375295043273,0.020456333595594
0.0,0.0,0.0,0.0,0.0,0.0,0.0,0.0,0.0,0.0,0.0,0.0,0.0,0.0,0.0,0.0,1.0,0.0,0.0,0.0,0.0,0.0,0.0,1.0,0.0,0.0,0.0,-62.68,-45.45,5.6,1.0,0.145,1271.0,1.0,0.007081038552321,0.012588512981904,0.020456333595594
0.0,0.0,0.0,0.0,0.0,0.0,0.0,0.0,0.0,1.0,0.0,0.0,0.0,0.0,0.0,0.0,0.0,0.0,0.0,0.0,0.0,0.0,0.0,1.0,0.0,0.0,0.0,-57.45,-43.44,8.8,1.0,0.145,1271.0,1.0,0.006294256490952,0.01573564122738,0.022816679779701
0.0,0.0,0.0,0.0,0.0,0.0,0.0,0.0,0.0,0.0,1.0,0.0,0.0,0.0,0.0,0.0,0.0,0.0,0.0,0.0,0.0,0.0,0.0,1.0,0.0,0.0,0.0,-58.97,-49.98,20.6,1.0,0.145,1271.0,1.0,0.006294256490952,0.018095987411487,0.025177025963808
0.0,0.0,0.0,0.0,0.0,0.0,0.0,0.0,0.0,0.0,0.0,0.0,0.0,0.0,0.0,0.0,0.0,1.0,0.0,0.0,0.0,0.0,0.0,1.0,0.0,0.0,0.0,-61.81,-43.47,13.9,1.0,0.145,1271.0,1.0,0.007081038552321,0.014162077104642,0.022029897718332
1.0,0.0,0.0,0.0,0.0,0.0,0.0,0.0,0.0,0.0,0.0,0.0,0.0,0.0,0.0,0.0,0.0,0.0,0.0,0.0,0.0,0.0,0.0,1.0,0.0,0.0,0.0,-61.58,-46.83,0.4,1.0,0.145,1271.0,1.0,0.005507474429583,0.014948859166011,0.021243115656963
0.0,0.0,0.0,0.0,0.0,0.0,0.0,1.0,0.0,0.0,0.0,0.0,0.0,0.0,0.0,0.0,0.0,0.0,0.0,0.0,0.0,0.0,0.0,1.0,0.0,0.0,0.0,-57.5,-48.35,5.1,1.0,0.145,1271.0,1.0,0.007081038552321,0.013375295043273,0.021243115656963
0.0,0.0,0.0,0.0,0.0,0.0,0.0,0.0,0.0,0.0,0.0,0.0,0.0,1.0,0.0,0.0,0.0,0.0,0.0,0.0,0.0,0.0,0.0,1.0,0.0,0.0,0.0,-61.79,-43.24,80.7,1.0,0.145,1271.0,1.0,0.006294256490952,0.01573564122738,0.022816679779701
0.0,1.0,0.0,0.0,0.0,0.0,0.0,0.0,0.0,0.0,0.0,0.0,0.0,0.0,0.0,0.0,0.0,0.0,0.0,0.0,0.0,0.0,0.0,1.0,0.0,0.0,0.0,-72.14,-37.87,2.6,1.0,0.145,1271.0,1.0,0.006294256490952,0.01573564122738,0.022816679779701
0.0,0.0,0.0,0.0,0.0,0.0,0.0,0.0,0.0,0.0,0.0,0.0,0.0,0.0,0.0,0.0,0.0,1.0,0.0,0.0,0.0,0.0,0.0,1.0,0.0,0.0,0.0,-65.06,-42.06,1.8,1.0,0.145,1271.0,1.0,0.007081038552321,0.014162077104642,0.022029897718332
1.0,0.0,0.0,0.0,0.0,0.0,0.0,0.0,0.0,0.0,0.0,0.0,0.0,0.0,0.0,0.0,0.0,0.0,0.0,0.0,0.0,0.0,0.0,1.0,0.0,0.0,0.0,-62.26,-43.9,15.7,1.0,0.145,1271.0,1.0,0.005507474429583,0.01573564122738,0.022029897718332
1.0,0.0,0.0,0.0,0.0,0.0,0.0,0.0,0.0,0.0,0.0,0.0,0.0,0.0,0.0,0.0,0.0,0.0,0.0,0.0,0.0,0.0,0.0,1.0,0.0,0.0,0.0,-65.41,-44.31,11.8,1.0,0.145,1271.0,1.0,0.005507474429583,0.018095987411487,0.024390243902439
0.0,0.0,0.0,0.0,0.0,0.0,0.0,0.0,0.0,0.0,0.0,0.0,0.0,0.0,1.0,0.0,0.0,0.0,0.0,0.0,0.0,0.0,0.0,1.0,0.0,0.0,0.0,-64.93,-37.65,41.1,1.0,0.145,1271.0,1.0,0.006294256490952,0.018095987411487,0.025177025963808
0.0,0.0,0.0,0.0,0.0,0.0,0.0,0.0,0.0,0.0,0.0,0.0,0.0,0.0,0.0,0.0,1.0,0.0,0.0,0.0,0.0,0.0,0.0,1.0,0.0,0.0,0.0,-60.2,-46.82,16.8,1.0,0.145,1271.0,1.0,0.007081038552321,0.014162077104642,0.022029897718332
0.0,0.0,0.0,0.0,0.0,0.0,0.0,0.0,0.0,0.0,0.0,0.0,0.0,0.0,1.0,0.0,0.0,0.0,0.0,0.0,0.0,0.0,0.0,1.0,0.0,0.0,0.0,-61.78,-47.09,63.2,1.0,0.145,1271.0,0.5,0.006294256490952,0.014948859166011,0.022029897718332
0.0,0.0,0.0,1.0,0.0,0.0,0.0,0.0,0.0,0.0,0.0,0.0,0.0,0.0,0.0,0.0,0.0,0.0,0.0,0.0,0.0,0.0,0.0,1.0,0.0,0.0,0.0,-61.06,-43.01,56.0,1.0,0.145,1271.0,1.0,0.006294256490952,0.01573564122738,0.022816679779701
0.0,0.0,0.0,0.0,0.0,0.0,0.0,0.0,0.0,1.0,0.0,0.0,0.0,0.0,0.0,0.0,0.0,0.0,0.0,0.0,0.0,0.0,0.0,1.0,0.0,0.0,0.0,-69.59,-41.7,12.2,1.0,0.145,1271.0,1.0,0.006294256490952,0.014948859166011,0.022029897718332
0.0,0.0,1.0,0.0,0.0,0.0,0.0,0.0,0.0,0.0,0.0,0.0,0.0,0.0,0.0,0.0,0.0,0.0,0.0,0.0,0.0,0.0,0.0,1.0,0.0,0.0,0.0,-56.4,-40.74,83.8,1.0,0.145,1271.0,1.0,0.007081038552321,0.014948859166011,0.022816679779701
1.0,0.0,0.0,0.0,0.0,0.0,0.0,0.0,0.0,0.0,0.0,0.0,0.0,0.0,0.0,0.0,0.0,0.0,0.0,0.0,0.0,0.0,0.0,1.0,0.0,0.0,0.0,-62.12,-32.15,69.4,1.0,0.145,1271.0,1.0,0.005507474429583,0.010228166797797,0.016522423288749
0.0,0.0,0.0,0.0,0.0,0.0,0.0,0.0,0.0,0.0,0.0,0.0,0.0,1.0,0.0,0.0,0.0,0.0,0.0,0.0,0.0,0.0,0.0,1.0,0.0,0.0,0.0,-93.67,-2.44,80.6,1.0,0.145,1271.0,0.5,0.007081038552321,0.014162077104642,0.022029897718332
0.0,0.0,0.0,0.0,0.0,0.0,0.0,0.0,0.0,1.0,0.0,0.0,0.0,0.0,0.0,0.0,0.0,0.0,0.0,0.0,0.0,0.0,1.0,0.0,0.0,0.0,0.0,-58.37,-39.53,27.9,1.0,0.145,1271.0,1.0,0.006294256490952,0.014948859166011,0.022029897718332
0.0,0.0,0.0,0.0,0.0,0.0,0.0,0.0,0.0,0.0,0.0,0.0,0.0,1.0,0.0,0.0,0.0,0.0,0.0,0.0,0.0,0.0,1.0,0.0,0.0,0.0,0.0,-60.46,-37.7,183.0,1.0,0.145,1271.0,1.0,0.006294256490952,0.010228166797797,0.017309205350118
0.0,0.0,0.0,0.0,0.0,0.0,0.0,0.0,0.0,0.0,0.0,1.0,0.0,0.0,0.0,0.0,0.0,0.0,0.0,0.0,0.0,0.0,1.0,0.0,0.0,0.0,0.0,-85.67,-24.17,105.7,1.0,0.145,1271.0,1.0,0.006294256490952,0.011014948859166,0.018095987411487
0.0,0.0,1.0,0.0,0.0,0.0,0.0,0.0,0.0,0.0,0.0,0.0,0.0,0.0,0.0,0.0,0.0,0.0,0.0,0.0,0.0,0.0,0.0,0.0,0.0,1.0,0.0,-64.97,155.35,28.0,1.0,0.145,1271.0,1.0,0.007081038552321,0.011014948859166,0.018882769472856
0.0,0.0,1.0,0.0,0.0,0.0,0.0,0.0,0.0,0.0,0.0,0.0,0.0,0.0,0.0,0.0,0.0,0.0,0.0,0.0,0.0,0.0,0.0,0.0,0.0,1.0,0.0,-55.83,133.82,111.6,1.0,0.145,1271.0,1.0,0.007081038552321,0.011801730920535,0.019669551534225
0.0,0.0,0.0,0.0,0.0,0.0,0.0,0.0,0.0,0.0,0.0,0.0,1.0,0.0,0.0,0.0,0.0,0.0,0.0,0.0,0.0,0.0,0.0,1.0,0.0,0.0,0.0,-52.97,-37.43,109.5,1.0,0.145,1271.0,1.0,0.007081038552321,0.010228166797797,0.018095987411487
0.0,0.0,0.0,0.0,0.0,0.0,0.0,0.0,0.0,0.0,0.0,0.0,0.0,1.0,0.0,0.0,0.0,0.0,0.0,0.0,0.0,0.0,0.0,1.0,0.0,0.0,0.0,-58.09,-43.31,149.9,1.0,0.145,1271.0,1.0,0.006294256490952,0.011014948859166,0.018095987411487
0.0,0.0,0.0,0.0,0.0,0.0,0.0,0.0,0.0,0.0,0.0,1.0,0.0,0.0,0.0,0.0,0.0,0.0,0.0,0.0,0.0,0.0,0.0,1.0,0.0,0.0,0.0,-70.42,-45.73,64.3,1.0,0.145,1271.0,1.0,0.006294256490952,0.018095987411487,0.025177025963808
1.0,0.0,0.0,0.0,0.0,0.0,0.0,0.0,0.0,0.0,0.0,0.0,0.0,0.0,0.0,0.0,0.0,0.0,0.0,0.0,0.0,0.0,0.0,1.0,0.0,0.0,0.0,-58.32,-37.72,8.6,1.0,0.145,1271.0,1.0,0.005507474429583,0.021243115656963,0.027537372147915
1.0,0.0,0.0,0.0,0.0,0.0,0.0,0.0,0.0,0.0,0.0,0.0,0.0,0.0,0.0,0.0,0.0,0.0,0.0,0.0,0.0,0.0,0.0,1.0,0.0,0.0,0.0,-64.47,-39.03,46.8,1.0,0.145,1271.0,1.0,0.005507474429583,0.014948859166011,0.021243115656963
0.0,0.0,0.0,1.0,0.0,0.0,0.0,0.0,0.0,0.0,0.0,0.0,0.0,0.0,0.0,0.0,0.0,0.0,0.0,0.0,0.0,0.0,0.0,1.0,0.0,0.0,0.0,-70.62,-41.09,116.7,1.0,0.145,1271.0,1.0,0.006294256490952,0.014162077104642,0.021243115656963
0.0,0.0,0.0,0.0,0.0,0.0,0.0,0.0,0.0,1.0,0.0,0.0,0.0,0.0,0.0,0.0,0.0,0.0,0.0,0.0,0.0,0.0,0.0,1.0,0.0,0.0,0.0,-61.27,-37.83,27.7,1.0,0.145,1271.0,1.0,0.006294256490952,0.014948859166011,0.022029897718332
0.0,0.0,0.0,1.0,0.0,0.0,0.0,0.0,0.0,0.0,0.0,0.0,0.0,0.0,0.0,0.0,0.0,0.0,0.0,0.0,0.0,0.0,0.0,1.0,0.0,0.0,0.0,-56.62,-36.56,105.1,1.0,0.145,1271.0,1.0,0.006294256490952,0.016522423288749,0.02360346184107
0.0,0.0,0.0,0.0,0.0,0.0,0.0,0.0,0.0,0.0,0.0,0.0,0.0,1.0,0.0,0.0,0.0,0.0,0.0,0.0,0.0,0.0,0.0,1.0,0.0,0.0,0.0,-75.56,-40.41,153.7,1.0,0.145,1271.0,1.0,0.006294256490952,0.014162077104642,0.021243115656963
0.0,0.0,0.0,0.0,0.0,0.0,0.0,0.0,0.0,1.0,0.0,0.0,0.0,0.0,0.0,0.0,0.0,0.0,0.0,0.0,0.0,0.0,0.0,1.0,0.0,0.0,0.0,-56.51,-38.71,86.0,1.0,0.145,1271.0,1.0,0.006294256490952,0.012588512981904,0.019669551534225
0.0,0.0,0.0,0.0,0.0,0.0,0.0,0.0,0.0,1.0,0.0,0.0,0.0,0.0,0.0,0.0,0.0,0.0,0.0,0.0,0.0,0.0,0.0,1.0,0.0,0.0,0.0,-70.47,-31.05,8.8,1.0,0.145,1271.0,1.0,0.006294256490952,0.017309205350118,0.024390243902439
0.0,0.0,0.0,0.0,0.0,0.0,0.0,0.0,0.0,0.0,0.0,0.0,0.0,0.0,0.0,0.0,0.0,1.0,0.0,0.0,0.0,0.0,0.0,1.0,0.0,0.0,0.0,-62.29,-41.9,87.8,1.0,0.145,1271.0,1.0,0.007081038552321,0.011801730920535,0.019669551534225
0.0,0.0,0.0,0.0,0.0,1.0,0.0,0.0,0.0,0.0,0.0,0.0,0.0,0.0,0.0,0.0,0.0,0.0,0.0,0.0,0.0,0.0,0.0,1.0,0.0,0.0,0.0,-58.82,-39.72,26.5,1.0,0.145,1271.0,1.0,0.004720692368214,0.013375295043273,0.018882769472856
0.0,0.0,0.0,0.0,0.0,0.0,0.0,0.0,0.0,0.0,0.0,0.0,0.0,0.0,0.0,0.0,0.0,0.0,0.0,1.0,0.0,0.0,0.0,1.0,0.0,0.0,0.0,-60.31,-42.68,26.1,1.0,0.145,1271.0,1.0,0.006294256490952,0.016522423288749,0.02360346184107
0.0,0.0,1.0,0.0,0.0,0.0,0.0,0.0,0.0,0.0,0.0,0.0,0.0,0.0,0.0,0.0,0.0,0.0,0.0,0.0,0.0,0.0,0.0,1.0,0.0,0.0,0.0,-65.74,-36.49,80.6,1.0,0.145,1271.0,1.0,0.007081038552321,0.012588512981904,0.020456333595594
0.0,0.0,0.0,0.0,0.0,0.0,0.0,0.0,0.0,1.0,0.0,0.0,0.0,0.0,0.0,0.0,0.0,0.0,0.0,0.0,0.0,0.0,0.0,1.0,0.0,0.0,0.0,-61.63,-44.19,116.1,1.0,0.145,1271.0,1.0,0.006294256490952,0.014162077104642,0.021243115656963
1.0,0.0,0.0,0.0,0.0,0.0,0.0,0.0,0.0,0.0,0.0,0.0,0.0,0.0,0.0,0.0,0.0,0.0,0.0,0.0,0.0,0.0,0.0,1.0,0.0,0.0,0.0,-62.43,-43.17,2.5,1.0,0.145,1271.0,1.0,0.005507474429583,0.014162077104642,0.020456333595594
1.0,0.0,0.0,0.0,0.0,0.0,0.0,0.0,0.0,0.0,0.0,0.0,0.0,0.0,0.0,0.0,0.0,0.0,0.0,0.0,0.0,0.0,0.0,1.0,0.0,0.0,0.0,-57.65,-38.33,19.5,1.0,0.145,1271.0,1.0,0.005507474429583,0.01573564122738,0.022029897718332
0.0,0.0,1.0,0.0,0.0,0.0,0.0,0.0,0.0,0.0,0.0,0.0,0.0,0.0,0.0,0.0,0.0,0.0,0.0,0.0,0.0,0.0,0.0,1.0,0.0,0.0,0.0,-69.41,-41.09,92.4,1.0,0.145,1271.0,1.0,0.007081038552321,0.012588512981904,0.020456333595594
0.0,0.0,1.0,0.0,0.0,0.0,0.0,0.0,0.0,0.0,0.0,0.0,0.0,0.0,0.0,0.0,0.0,0.0,0.0,0.0,0.0,0.0,0.0,1.0,0.0,0.0,0.0,-62.12,-42.92,26.6,1.0,0.145,1271.0,1.0,0.007081038552321,0.01573564122738,0.02360346184107
0.0,0.0,0.0,0.0,0.0,0.0,0.0,0.0,0.0,1.0,0.0,0.0,0.0,0.0,0.0,0.0,0.0,0.0,0.0,0.0,0.0,0.0,0.0,1.0,0.0,0.0,0.0,-62.16,-42.49,0.2,1.0,0.145,1271.0,1.0,0.006294256490952,0.014948859166011,0.022029897718332
0.0,0.0,0.0,0.0,0.0,0.0,0.0,0.0,1.0,0.0,0.0,0.0,0.0,0.0,0.0,0.0,0.0,0.0,0.0,0.0,0.0,0.0,0.0,1.0,0.0,0.0,0.0,-58.23,-44.34,74.2,1.0,0.145,1271.0,1.0,0.006294256490952,0.018882769472856,0.025963808025177
0.0,0.0,0.0,0.0,0.0,0.0,0.0,0.0,0.0,0.0,0.0,1.0,0.0,0.0,0.0,0.0,0.0,0.0,0.0,0.0,0.0,0.0,0.0,1.0,0.0,0.0,0.0,-62.32,-42.5,107.6,1.0,0.145,1271.0,1.0,0.007081038552321,0.013375295043273,0.021243115656963
1.0,0.0,0.0,0.0,0.0,0.0,0.0,0.0,0.0,0.0,0.0,0.0,0.0,0.0,0.0,0.0,0.0,0.0,0.0,0.0,0.0,0.0,0.0,1.0,0.0,0.0,0.0,-63.49,-38.99,11.8,1.0,0.145,1271.0,1.0,0.005507474429583,0.011801730920535,0.018095987411487
0.0,0.0,0.0,0.0,0.0,0.0,0.0,0.0,0.0,0.0,0.0,0.0,0.0,0.0,0.0,0.0,0.0,0.0,0.0,1.0,0.0,0.0,0.0,1.0,0.0,0.0,0.0,-68.1,-38.02,0.0,1.0,0.145,1271.0,1.0,0.006294256490952,0.017309205350118,0.024390243902439
0.0,0.0,0.0,1.0,0.0,0.0,0.0,0.0,0.0,0.0,0.0,0.0,0.0,0.0,0.0,0.0,0.0,0.0,0.0,0.0,0.0,0.0,0.0,1.0,0.0,0.0,0.0,-65.46,-37.25,86.2,1.0,0.145,1271.0,1.0,0.006294256490952,0.017309205350118,0.024390243902439
0.0,0.0,0.0,0.0,0.0,0.0,0.0,0.0,0.0,0.0,0.0,0.0,0.0,1.0,0.0,0.0,0.0,0.0,0.0,0.0,0.0,0.0,0.0,1.0,0.0,0.0,0.0,-62.21,-43.12,118.6,1.0,0.145,1271.0,1.0,0.006294256490952,0.012588512981904,0.019669551534225
1.0,0.0,0.0,0.0,0.0,0.0,0.0,0.0,0.0,0.0,0.0,0.0,0.0,0.0,0.0,0.0,0.0,0.0,0.0,0.0,0.0,0.0,0.0,1.0,0.0,0.0,0.0,-59.39,-38.71,6.3,1.0,0.145,1271.0,1.0,0.005507474429583,0.01573564122738,0.022029897718332
0.0,0.0,0.0,0.0,0.0,0.0,0.0,0.0,0.0,1.0,0.0,0.0,0.0,0.0,0.0,0.0,0.0,0.0,0.0,0.0,0.0,0.0,0.0,1.0,0.0,0.0,0.0,-63.06,-26.0,56.1,1.0,0.145,1271.0,1.0,0.006294256490952,0.014162077104642,0.021243115656963
0.0,0.0,0.0,0.0,0.0,1.0,0.0,0.0,0.0,0.0,0.0,0.0,0.0,0.0,0.0,0.0,0.0,0.0,0.0,0.0,0.0,0.0,0.0,1.0,0.0,0.0,0.0,-83.53,-9.75,61.0,1.0,0.145,1271.0,1.0,0.004720692368214,0.011801730920535,0.017309205350118
0.0,0.0,0.0,0.0,0.0,0.0,0.0,0.0,0.0,0.0,0.0,0.0,0.0,1.0,0.0,0.0,0.0,0.0,0.0,0.0,0.0,0.0,0.0,0.0,0.0,1.0,0.0,-107.88,-33.58,145.0,1.0,0.145,1271.0,1.0,0.006294256490952,0.013375295043273,0.020456333595594
0.0,0.0,0.0,0.0,0.0,0.0,0.0,0.0,0.0,0.0,0.0,0.0,0.0,0.0,0.0,0.0,0.0,0.0,0.0,1.0,0.0,0.0,0.0,0.0,0.0,1.0,0.0,-124.8,145.23,116.7,1.0,0.145,1271.0,1.0,0.006294256490952,0.011014948859166,0.018095987411487
0.0,0.0,0.0,0.0,0.0,0.0,0.0,0.0,0.0,0.0,0.0,0.0,0.0,0.0,0.0,1.0,0.0,0.0,0.0,0.0,0.0,0.0,0.0,0.0,0.0,1.0,0.0,-89.46,168.06,120.0,1.0,0.145,1271.0,1.0,0.006294256490952,0.004720692368214,0.011801730920535
0.0,0.0,0.0,0.0,0.0,1.0,0.0,0.0,0.0,0.0,0.0,0.0,0.0,0.0,0.0,0.0,0.0,0.0,0.0,0.0,0.0,0.0,0.0,0.0,0.0,1.0,0.0,76.01,32.5,75.6,1.0,0.145,1271.0,1.0,0.004720692368214,0.007081038552321,0.012588512981904
0.0,0.0,0.0,0.0,0.0,0.0,0.0,0.0,0.0,1.0,0.0,0.0,0.0,0.0,0.0,0.0,0.0,0.0,0.0,0.0,0.0,0.0,0.0,0.0,0.0,1.0,0.0,-122.27,142.73,31.5,1.0,0.145,1271.0,1.0,0.007081038552321,0.010228166797797,0.018095987411487
0.0,0.0,0.0,0.0,0.0,0.0,0.0,0.0,0.0,0.0,0.0,0.0,1.0,0.0,0.0,0.0,0.0,0.0,0.0,0.0,0.0,0.0,0.0,0.0,0.0,1.0,0.0,-80.42,159.8,42.1,1.0,0.145,1271.0,1.0,0.00786782061369,0.007081038552321,0.01573564122738
0.0,0.0,0.0,0.0,0.0,0.0,0.0,0.0,0.0,0.0,0.0,0.0,1.0,0.0,0.0,0.0,0.0,0.0,0.0,0.0,0.0,0.0,0.0,0.0,0.0,1.0,0.0,-59.61,145.56,75.0,1.0,0.145,1271.0,1.0,0.007081038552321,0.010228166797797,0.018095987411487
0.0,0.0,0.0,0.0,0.0,0.0,0.0,0.0,0.0,0.0,0.0,0.0,0.0,0.0,0.0,0.0,0.0,0.0,0.0,1.0,0.0,0.0,0.0,1.0,0.0,0.0,0.0,-51.7,-46.78,19.5,1.0,0.145,1271.0,1.0,0.006294256490952,0.01573564122738,0.022816679779701
0.0,0.0,1.0,0.0,0.0,0.0,0.0,0.0,0.0,0.0,0.0,0.0,0.0,0.0,0.0,0.0,0.0,0.0,0.0,0.0,0.0,0.0,0.0,1.0,0.0,0.0,0.0,-59.45,-28.02,86.7,1.0,0.145,1271.0,1.0,0.007081038552321,0.014948859166011,0.022816679779701
0.0,0.0,0.0,0.0,0.0,0.0,0.0,0.0,0.0,0.0,0.0,0.0,0.0,0.0,1.0,0.0,0.0,0.0,0.0,0.0,0.0,0.0,0.0,1.0,0.0,0.0,0.0,-67.12,-37.77,147.1,1.0,0.145,1271.0,1.0,0.007081038552321,0.011801730920535,0.019669551534225
0.0,0.0,0.0,0.0,0.0,0.0,0.0,0.0,0.0,1.0,0.0,0.0,0.0,0.0,0.0,0.0,0.0,0.0,0.0,0.0,0.0,0.0,0.0,1.0,0.0,0.0,0.0,-62.15,-33.49,14.3,1.0,0.145,1271.0,1.0,0.006294256490952,0.013375295043273,0.020456333595594
0.0,0.0,0.0,0.0,0.0,0.0,0.0,1.0,0.0,0.0,0.0,0.0,0.0,0.0,0.0,0.0,0.0,0.0,0.0,0.0,0.0,0.0,0.0,1.0,0.0,0.0,0.0,-102.94,-0.78,56.9,1.0,0.145,1271.0,1.0,0.007081038552321,0.011801730920535,0.019669551534225
0.0,0.0,0.0,1.0,0.0,0.0,0.0,0.0,0.0,0.0,0.0,0.0,0.0,0.0,0.0,0.0,0.0,0.0,0.0,0.0,0.0,0.0,0.0,0.0,0.0,1.0,0.0,-61.18,137.11,114.3,1.0,0.145,1271.0,1.0,0.006294256490952,0.012588512981904,0.019669551534225
0.0,0.0,0.0,1.0,0.0,0.0,0.0,0.0,0.0,0.0,0.0,0.0,0.0,0.0,0.0,0.0,0.0,0.0,0.0,0.0,0.0,0.0,0.0,0.0,0.0,1.0,0.0,-69.24,132.63,65.8,1.0,0.145,1271.0,1.0,0.007081038552321,0.01573564122738,0.02360346184107
0.0,0.0,0.0,0.0,0.0,0.0,0.0,0.0,0.0,0.0,0.0,0.0,1.0,0.0,0.0,0.0,0.0,0.0,0.0,0.0,0.0,0.0,0.0,0.0,0.0,1.0,0.0,-57.91,139.66,63.0,1.0,0.145,1271.0,1.0,0.007081038552321,0.009441384736428,0.017309205350118
1.0,0.0,0.0,0.0,0.0,0.0,0.0,0.0,0.0,0.0,0.0,0.0,0.0,0.0,0.0,0.0,0.0,0.0,0.0,0.0,0.0,0.0,1.0,0.0,0.0,0.0,0.0,-57.97,-37.03,73.5,1.0,0.145,1271.0,1.0,0.005507474429583,0.011801730920535,0.018095987411487
0.0,0.0,0.0,0.0,0.0,0.0,0.0,0.0,0.0,0.0,0.0,0.0,0.0,0.0,0.0,1.0,0.0,0.0,0.0,0.0,0.0,0.0,1.0,0.0,0.0,0.0,0.0,-68.75,-15.34,126.1,1.0,0.145,1271.0,1.0,0.006294256490952,0.00786782061369,0.014948859166011
0.0,0.0,0.0,0.0,0.0,0.0,0.0,0.0,0.0,1.0,0.0,0.0,0.0,0.0,0.0,0.0,0.0,0.0,0.0,0.0,0.0,0.0,1.0,0.0,0.0,0.0,0.0,-95.72,-20.12,127.0,1.0,0.145,1271.0,1.0,0.006294256490952,0.011014948859166,0.018095987411487
0.0,0.0,0.0,1.0,0.0,0.0,0.0,0.0,0.0,0.0,0.0,0.0,0.0,0.0,0.0,0.0,0.0,0.0,0.0,0.0,0.0,0.0,0.0,0.0,0.0,1.0,0.0,-107.61,360.0,131.5,1.0,0.145,1271.0,1.0,0.005507474429583,0.009441384736428,0.01573564122738
0.0,0.0,0.0,0.0,0.0,0.0,0.0,0.0,0.0,0.0,0.0,1.0,0.0,0.0,0.0,0.0,0.0,0.0,0.0,0.0,0.0,0.0,0.0,0.0,0.0,1.0,0.0,360.0,134.74,139.6,1.0,0.145,1271.0,0.5,0.004720692368214,0.004720692368214,0.010228166797797
0.0,0.0,0.0,0.0,0.0,0.0,0.0,0.0,0.0,1.0,0.0,0.0,0.0,0.0,0.0,0.0,0.0,0.0,0.0,0.0,0.0,0.0,0.0,0.0,0.0,1.0,0.0,-115.88,134.22,16.9,1.0,0.145,1271.0,1.0,0.006294256490952,0.012588512981904,0.019669551534225
0.0,0.0,0.0,0.0,0.0,0.0,0.0,0.0,1.0,0.0,0.0,0.0,0.0,0.0,0.0,0.0,0.0,0.0,0.0,0.0,0.0,0.0,0.0,0.0,0.0,1.0,0.0,-66.55,154.63,125.3,1.0,0.145,1271.0,1.0,0.007081038552321,0.012588512981904,0.020456333595594
0.0,0.0,0.0,0.0,0.0,0.0,0.0,0.0,0.0,0.0,0.0,0.0,1.0,0.0,0.0,0.0,0.0,0.0,0.0,0.0,0.0,0.0,0.0,1.0,0.0,0.0,0.0,-54.22,-41.54,43.3,1.0,0.145,1271.0,1.0,0.007081038552321,0.010228166797797,0.018095987411487
0.0,0.0,0.0,0.0,0.0,0.0,0.0,0.0,0.0,0.0,0.0,0.0,0.0,1.0,0.0,0.0,0.0,0.0,0.0,0.0,0.0,0.0,0.0,1.0,0.0,0.0,0.0,-62.79,-39.46,125.2,1.0,0.145,1271.0,1.0,0.006294256490952,0.014162077104642,0.021243115656963
0.0,0.0,0.0,0.0,0.0,0.0,0.0,0.0,0.0,0.0,0.0,0.0,0.0,0.0,0.0,0.0,1.0,0.0,0.0,0.0,0.0,0.0,0.0,1.0,0.0,0.0,0.0,-63.53,-44.4,7.8,1.0,0.145,1271.0,1.0,0.007081038552321,0.013375295043273,0.021243115656963
0.0,0.0,0.0,0.0,0.0,0.0,0.0,0.0,0.0,1.0,0.0,0.0,0.0,0.0,0.0,0.0,0.0,0.0,0.0,0.0,0.0,0.0,0.0,1.0,0.0,0.0,0.0,-60.82,-41.37,5.0,1.0,0.145,1271.0,1.0,0.006294256490952,0.014948859166011,0.022029897718332
0.0,0.0,0.0,0.0,0.0,0.0,0.0,0.0,0.0,0.0,1.0,0.0,0.0,0.0,0.0,0.0,0.0,0.0,0.0,0.0,0.0,0.0,0.0,1.0,0.0,0.0,0.0,-61.85,-46.42,14.0,1.0,0.145,1271.0,1.0,0.006294256490952,0.01573564122738,0.022816679779701
0.0,0.0,0.0,0.0,0.0,0.0,0.0,0.0,0.0,0.0,0.0,0.0,0.0,0.0,0.0,0.0,0.0,1.0,0.0,0.0,0.0,0.0,0.0,1.0,0.0,0.0,0.0,-61.17,-46.52,12.3,1.0,0.145,1271.0,1.0,0.007081038552321,0.011014948859166,0.018882769472856
1.0,0.0,0.0,0.0,0.0,0.0,0.0,0.0,0.0,0.0,0.0,0.0,0.0,0.0,0.0,0.0,0.0,0.0,0.0,0.0,0.0,0.0,0.0,1.0,0.0,0.0,0.0,-59.69,-48.71,0.0,1.0,0.145,1271.0,1.0,0.005507474429583,0.014948859166011,0.021243115656963
0.0,0.0,0.0,0.0,0.0,0.0,0.0,1.0,0.0,0.0,0.0,0.0,0.0,0.0,0.0,0.0,0.0,0.0,0.0,0.0,0.0,0.0,0.0,1.0,0.0,0.0,0.0,-55.58,-47.48,5.7,1.0,0.145,1271.0,1.0,0.007081038552321,0.014162077104642,0.022029897718332
0.0,0.0,0.0,0.0,0.0,0.0,0.0,0.0,0.0,0.0,0.0,0.0,0.0,1.0,0.0,0.0,0.0,0.0,0.0,0.0,0.0,0.0,0.0,1.0,0.0,0.0,0.0,-70.83,-34.42,84.8,1.0,0.145,1271.0,1.0,0.006294256490952,0.016522423288749,0.02360346184107
0.0,1.0,0.0,0.0,0.0,0.0,0.0,0.0,0.0,0.0,0.0,0.0,0.0,0.0,0.0,0.0,0.0,0.0,0.0,0.0,0.0,0.0,0.0,1.0,0.0,0.0,0.0,-72.4,-39.11,0.0,1.0,0.145,1271.0,1.0,0.006294256490952,0.014948859166011,0.022029897718332
0.0,0.0,0.0,0.0,0.0,0.0,0.0,0.0,0.0,0.0,0.0,0.0,0.0,0.0,0.0,0.0,0.0,1.0,0.0,0.0,0.0,0.0,0.0,1.0,0.0,0.0,0.0,-63.79,-41.59,2.0,1.0,0.145,1271.0,1.0,0.007081038552321,0.014162077104642,0.022029897718332
1.0,0.0,0.0,0.0,0.0,0.0,0.0,0.0,0.0,0.0,0.0,0.0,0.0,0.0,0.0,0.0,0.0,0.0,0.0,0.0,0.0,0.0,0.0,1.0,0.0,0.0,0.0,-63.8,-39.92,15.1,1.0,0.145,1271.0,1.0,0.005507474429583,0.01573564122738,0.022029897718332
1.0,0.0,0.0,0.0,0.0,0.0,0.0,0.0,0.0,0.0,0.0,0.0,0.0,0.0,0.0,0.0,0.0,0.0,0.0,0.0,0.0,0.0,0.0,1.0,0.0,0.0,0.0,-64.99,-45.52,6.8,1.0,0.145,1271.0,1.0,0.005507474429583,0.018882769472856,0.025177025963808
0.0,0.0,0.0,0.0,0.0,0.0,0.0,0.0,0.0,0.0,0.0,0.0,0.0,0.0,1.0,0.0,0.0,0.0,0.0,0.0,0.0,0.0,0.0,1.0,0.0,0.0,0.0,-66.19,-35.17,33.9,1.0,0.145,1271.0,1.0,0.006294256490952,0.018095987411487,0.025177025963808
0.0,0.0,0.0,0.0,0.0,0.0,0.0,0.0,0.0,0.0,0.0,0.0,0.0,0.0,0.0,0.0,1.0,0.0,0.0,0.0,0.0,0.0,0.0,1.0,0.0,0.0,0.0,-60.67,-46.26,20.6,1.0,0.145,1271.0,1.0,0.007081038552321,0.014948859166011,0.022816679779701
0.0,0.0,0.0,0.0,0.0,0.0,0.0,0.0,0.0,0.0,0.0,0.0,0.0,0.0,1.0,0.0,0.0,0.0,0.0,0.0,0.0,0.0,0.0,1.0,0.0,0.0,0.0,-60.12,-40.02,93.2,1.0,0.145,1271.0,1.0,0.006294256490952,0.014948859166011,0.022029897718332
0.0,0.0,0.0,1.0,0.0,0.0,0.0,0.0,0.0,0.0,0.0,0.0,0.0,0.0,0.0,0.0,0.0,0.0,0.0,0.0,0.0,0.0,0.0,1.0,0.0,0.0,0.0,-64.15,-44.84,59.0,1.0,0.145,1271.0,1.0,0.006294256490952,0.014948859166011,0.022029897718332
0.0,0.0,0.0,0.0,0.0,0.0,0.0,0.0,0.0,1.0,0.0,0.0,0.0,0.0,0.0,0.0,0.0,0.0,0.0,0.0,0.0,0.0,0.0,1.0,0.0,0.0,0.0,-64.96,-41.39,4.4,1.0,0.145,1271.0,1.0,0.006294256490952,0.01573564122738,0.022816679779701
0.0,0.0,1.0,0.0,0.0,0.0,0.0,0.0,0.0,0.0,0.0,0.0,0.0,0.0,0.0,0.0,0.0,0.0,0.0,0.0,0.0,0.0,0.0,1.0,0.0,0.0,0.0,-58.7,-43.31,63.7,1.0,0.145,1271.0,1.0,0.007081038552321,0.017309205350118,0.025177025963808
1.0,0.0,0.0,0.0,0.0,0.0,0.0,0.0,0.0,0.0,0.0,0.0,0.0,0.0,0.0,0.0,0.0,0.0,0.0,0.0,0.0,0.0,0.0,1.0,0.0,0.0,0.0,-62.53,-39.45,41.9,1.0,0.145,1271.0,1.0,0.005507474429583,0.014162077104642,0.020456333595594
0.0,0.0,0.0,0.0,0.0,0.0,0.0,0.0,0.0,0.0,0.0,0.0,0.0,1.0,0.0,0.0,0.0,0.0,0.0,0.0,0.0,0.0,0.0,1.0,0.0,0.0,0.0,-63.3,-40.17,83.1,1.0,0.145,1271.0,1.0,0.006294256490952,0.014948859166011,0.022029897718332
0.0,0.0,0.0,0.0,0.0,0.0,0.0,0.0,0.0,1.0,0.0,0.0,0.0,0.0,0.0,0.0,0.0,0.0,0.0,0.0,0.0,0.0,0.0,1.0,0.0,0.0,0.0,-67.74,-25.17,40.7,1.0,0.145,1271.0,1.0,0.006294256490952,0.013375295043273,0.020456333595594
0.0,0.0,0.0,0.0,0.0,0.0,0.0,0.0,0.0,0.0,0.0,0.0,0.0,1.0,0.0,0.0,0.0,0.0,0.0,0.0,0.0,0.0,0.0,1.0,0.0,0.0,0.0,-90.15,-19.93,155.4,1.0,0.145,1271.0,1.0,0.006294256490952,0.011801730920535,0.018882769472856
0.0,0.0,0.0,0.0,0.0,0.0,0.0,0.0,0.0,0.0,0.0,1.0,0.0,0.0,0.0,0.0,0.0,0.0,0.0,0.0,0.0,0.0,0.0,0.0,0.0,0.0,1.0,-71.06,169.95,108.7,1.0,0.145,1271.0,1.0,0.006294256490952,0.011014948859166,0.018095987411487
0.0,0.0,1.0,0.0,0.0,0.0,0.0,0.0,0.0,0.0,0.0,0.0,0.0,0.0,0.0,0.0,0.0,0.0,0.0,0.0,0.0,0.0,0.0,0.0,0.0,0.0,1.0,-63.36,146.3,157.2,1.0,0.145,1271.0,1.0,0.007081038552321,0.00786782061369,0.01573564122738
0.0,0.0,1.0,0.0,0.0,0.0,0.0,0.0,0.0,0.0,0.0,0.0,0.0,0.0,0.0,0.0,0.0,0.0,0.0,0.0,0.0,0.0,0.0,0.0,0.0,0.0,1.0,54.12,53.33,147.0,1.0,0.145,1271.0,1.0,0.00786782061369,0.00786782061369,0.016522423288749
0.0,0.0,0.0,0.0,0.0,0.0,0.0,0.0,0.0,0.0,0.0,0.0,1.0,0.0,0.0,0.0,0.0,0.0,0.0,0.0,0.0,0.0,0.0,0.0,0.0,0.0,1.0,-64.12,132.51,46.7,1.0,0.145,1271.0,1.0,0.007081038552321,0.008654602675059,0.016522423288749
0.0,0.0,0.0,0.0,0.0,0.0,0.0,0.0,0.0,0.0,0.0,0.0,0.0,1.0,0.0,0.0,0.0,0.0,0.0,0.0,0.0,0.0,0.0,0.0,0.0,0.0,1.0,-86.72,137.69,159.2,1.0,0.145,1271.0,1.0,0.006294256490952,0.011014948859166,0.018095987411487
0.0,0.0,0.0,0.0,0.0,0.0,0.0,0.0,0.0,0.0,0.0,1.0,0.0,0.0,0.0,0.0,0.0,0.0,0.0,0.0,0.0,0.0,0.0,0.0,0.0,0.0,1.0,54.18,44.95,113.4,1.0,0.145,1271.0,1.0,0.006294256490952,0.010228166797797,0.017309205350118
1.0,0.0,0.0,0.0,0.0,0.0,0.0,0.0,0.0,0.0,0.0,0.0,0.0,0.0,0.0,0.0,0.0,0.0,0.0,0.0,0.0,0.0,0.0,1.0,0.0,0.0,0.0,-55.9,-39.15,28.6,1.0,0.145,1271.0,1.0,0.005507474429583,0.014162077104642,0.020456333595594
1.0,0.0,0.0,0.0,0.0,0.0,0.0,0.0,0.0,0.0,0.0,0.0,0.0,0.0,0.0,0.0,0.0,0.0,0.0,0.0,0.0,0.0,0.0,1.0,0.0,0.0,0.0,-58.42,-40.21,47.9,1.0,0.145,1271.0,1.0,0.005507474429583,0.014162077104642,0.020456333595594
0.0,0.0,0.0,1.0,0.0,0.0,0.0,0.0,0.0,0.0,0.0,0.0,0.0,0.0,0.0,0.0,0.0,0.0,0.0,0.0,0.0,0.0,0.0,1.0,0.0,0.0,0.0,-72.21,-37.61,95.7,1.0,0.145,1271.0,1.0,0.006294256490952,0.016522423288749,0.02360346184107
0.0,0.0,0.0,0.0,0.0,0.0,0.0,0.0,0.0,1.0,0.0,0.0,0.0,0.0,0.0,0.0,0.0,0.0,0.0,0.0,0.0,0.0,0.0,1.0,0.0,0.0,0.0,-59.9,-40.22,26.1,1.0,0.145,1271.0,1.0,0.007081038552321,0.013375295043273,0.021243115656963
0.0,0.0,0.0,1.0,0.0,0.0,0.0,0.0,0.0,0.0,0.0,0.0,0.0,0.0,0.0,0.0,0.0,0.0,0.0,0.0,0.0,0.0,0.0,1.0,0.0,0.0,0.0,-63.96,-36.59,102.8,1.0,0.145,1271.0,1.0,0.006294256490952,0.016522423288749,0.02360346184107
0.0,0.0,0.0,0.0,0.0,0.0,0.0,0.0,0.0,0.0,0.0,0.0,0.0,1.0,0.0,0.0,0.0,0.0,0.0,0.0,0.0,0.0,0.0,1.0,0.0,0.0,0.0,-63.12,-42.57,130.7,1.0,0.145,1271.0,1.0,0.006294256490952,0.014948859166011,0.022029897718332
0.0,0.0,0.0,0.0,0.0,0.0,0.0,0.0,0.0,1.0,0.0,0.0,0.0,0.0,0.0,0.0,0.0,0.0,0.0,0.0,0.0,0.0,0.0,1.0,0.0,0.0,0.0,-62.29,-40.87,86.5,1.0,0.145,1271.0,1.0,0.006294256490952,0.011801730920535,0.018882769472856
0.0,0.0,0.0,0.0,0.0,0.0,0.0,0.0,0.0,1.0,0.0,0.0,0.0,0.0,0.0,0.0,0.0,0.0,0.0,0.0,0.0,0.0,0.0,1.0,0.0,0.0,0.0,-65.11,-34.89,14.4,1.0,0.145,1271.0,1.0,0.006294256490952,0.017309205350118,0.024390243902439
0.0,0.0,0.0,0.0,0.0,0.0,0.0,0.0,0.0,0.0,0.0,0.0,0.0,0.0,0.0,0.0,0.0,1.0,0.0,0.0,0.0,0.0,0.0,1.0,0.0,0.0,0.0,-58.94,-45.29,87.2,1.0,0.145,1271.0,1.0,0.007081038552321,0.011801730920535,0.019669551534225
0.0,0.0,0.0,0.0,0.0,1.0,0.0,0.0,0.0,0.0,0.0,0.0,0.0,0.0,0.0,0.0,0.0,0.0,0.0,0.0,0.0,0.0,0.0,1.0,0.0,0.0,0.0,-65.25,-42.45,26.5,1.0,0.145,1271.0,1.0,0.004720692368214,0.013375295043273,0.018882769472856
0.0,0.0,0.0,0.0,0.0,0.0,0.0,0.0,0.0,0.0,0.0,0.0,0.0,0.0,0.0,0.0,0.0,0.0,0.0,1.0,0.0,0.0,0.0,1.0,0.0,0.0,0.0,-55.15,-46.06,23.9,1.0,0.145,1271.0,0.5,0.007081038552321,0.017309205350118,0.025177025963808
0.0,0.0,1.0,0.0,0.0,0.0,0.0,0.0,0.0,0.0,0.0,0.0,0.0,0.0,0.0,0.0,0.0,0.0,0.0,0.0,0.0,0.0,0.0,1.0,0.0,0.0,0.0,-64.99,-38.16,83.8,1.0,0.145,1271.0,0.5,0.007081038552321,0.013375295043273,0.021243115656963
0.0,0.0,0.0,0.0,0.0,0.0,0.0,0.0,0.0,1.0,0.0,0.0,0.0,0.0,0.0,0.0,0.0,0.0,0.0,0.0,0.0,0.0,0.0,1.0,0.0,0.0,0.0,-65.36,-43.11,106.7,1.0,0.145,1271.0,1.0,0.006294256490952,0.014162077104642,0.021243115656963
1.0,0.0,0.0,0.0,0.0,0.0,0.0,0.0,0.0,0.0,0.0,0.0,0.0,0.0,0.0,0.0,0.0,0.0,0.0,0.0,0.0,0.0,0.0,1.0,0.0,0.0,0.0,-64.71,-42.53,1.5,1.0,0.145,1271.0,1.0,0.005507474429583,0.014162077104642,0.020456333595594
1.0,0.0,0.0,0.0,0.0,0.0,0.0,0.0,0.0,0.0,0.0,0.0,0.0,0.0,0.0,0.0,0.0,0.0,0.0,0.0,0.0,0.0,0.0,1.0,0.0,0.0,0.0,-57.58,-45.19,21.5,1.0,0.145,1271.0,1.0,0.005507474429583,0.014948859166011,0.021243115656963
0.0,0.0,1.0,0.0,0.0,0.0,0.0,0.0,0.0,0.0,0.0,0.0,0.0,0.0,0.0,0.0,0.0,0.0,0.0,0.0,0.0,0.0,0.0,1.0,0.0,0.0,0.0,-63.5,-40.52,80.6,1.0,0.145,1271.0,1.0,0.007081038552321,0.014162077104642,0.022029897718332
0.0,0.0,1.0,0.0,0.0,0.0,0.0,0.0,0.0,0.0,0.0,0.0,0.0,0.0,0.0,0.0,0.0,0.0,0.0,0.0,0.0,0.0,0.0,1.0,0.0,0.0,0.0,-67.01,-44.46,28.3,1.0,0.145,1271.0,1.0,0.007081038552321,0.01573564122738,0.02360346184107
0.0,0.0,0.0,0.0,0.0,0.0,0.0,0.0,0.0,1.0,0.0,0.0,0.0,0.0,0.0,0.0,0.0,0.0,0.0,0.0,0.0,0.0,0.0,1.0,0.0,0.0,0.0,-60.32,-39.92,0.4,1.0,0.145,1271.0,1.0,0.006294256490952,0.016522423288749,0.02360346184107
0.0,0.0,0.0,0.0,0.0,0.0,0.0,0.0,1.0,0.0,0.0,0.0,0.0,0.0,0.0,0.0,0.0,0.0,0.0,0.0,0.0,0.0,0.0,1.0,0.0,0.0,0.0,-57.19,-48.23,56.3,1.0,0.145,1271.0,1.0,0.006294256490952,0.020456333595594,0.027537372147915
0.0,0.0,0.0,0.0,0.0,0.0,0.0,0.0,0.0,0.0,0.0,1.0,0.0,0.0,0.0,0.0,0.0,0.0,0.0,0.0,0.0,0.0,0.0,1.0,0.0,0.0,0.0,-62.15,-41.56,94.5,1.0,0.145,1271.0,1.0,0.007081038552321,0.013375295043273,0.021243115656963
1.0,0.0,0.0,0.0,0.0,0.0,0.0,0.0,0.0,0.0,0.0,0.0,0.0,0.0,0.0,0.0,0.0,0.0,0.0,0.0,0.0,0.0,0.0,1.0,0.0,0.0,0.0,-65.92,-39.1,13.1,1.0,0.145,1271.0,1.0,0.005507474429583,0.014948859166011,0.021243115656963
0.0,0.0,0.0,0.0,0.0,0.0,0.0,0.0,0.0,0.0,0.0,0.0,0.0,0.0,0.0,0.0,0.0,0.0,0.0,1.0,0.0,0.0,0.0,1.0,0.0,0.0,0.0,-63.43,-45.41,0.0,1.0,0.145,1271.0,1.0,0.006294256490952,0.018095987411487,0.025177025963808
0.0,0.0,0.0,1.0,0.0,0.0,0.0,0.0,0.0,0.0,0.0,0.0,0.0,0.0,0.0,0.0,0.0,0.0,0.0,0.0,0.0,0.0,0.0,1.0,0.0,0.0,0.0,-58.04,-42.99,101.7,1.0,0.145,1271.0,1.0,0.006294256490952,0.016522423288749,0.02360346184107
0.0,0.0,0.0,0.0,0.0,0.0,0.0,0.0,0.0,0.0,0.0,0.0,0.0,1.0,0.0,0.0,0.0,0.0,0.0,0.0,0.0,0.0,0.0,1.0,0.0,0.0,0.0,-60.88,-31.65,153.2,1.0,0.145,1271.0,1.0,0.006294256490952,0.012588512981904,0.019669551534225
1.0,0.0,0.0,0.0,0.0,0.0,0.0,0.0,0.0,0.0,0.0,0.0,0.0,0.0,0.0,0.0,0.0,0.0,0.0,0.0,0.0,0.0,0.0,1.0,0.0,0.0,0.0,-74.2,-17.83,36.2,1.0,0.145,1271.0,1.0,0.005507474429583,0.012588512981904,0.018882769472856
0.0,0.0,0.0,0.0,0.0,0.0,0.0,0.0,0.0,1.0,0.0,0.0,0.0,0.0,0.0,0.0,0.0,0.0,0.0,0.0,0.0,0.0,0.0,0.0,0.0,1.0,0.0,-81.2,135.29,45.7,1.0,0.145,1271.0,1.0,0.006294256490952,0.011801730920535,0.018882769472856
0.0,0.0,0.0,0.0,0.0,1.0,0.0,0.0,0.0,0.0,0.0,0.0,0.0,0.0,0.0,0.0,0.0,0.0,0.0,0.0,0.0,0.0,0.0,0.0,0.0,0.0,1.0,-65.81,167.17,47.7,1.0,0.145,1271.0,1.0,0.004720692368214,0.008654602675059,0.014162077104642
0.0,0.0,0.0,0.0,0.0,0.0,0.0,0.0,0.0,0.0,0.0,0.0,0.0,1.0,0.0,0.0,0.0,0.0,0.0,0.0,0.0,0.0,0.0,0.0,0.0,0.0,1.0,-61.89,-32.38,170.1,1.0,0.145,1271.0,1.0,0.006294256490952,0.009441384736428,0.016522423288749
0.0,0.0,0.0,0.0,0.0,0.0,0.0,0.0,0.0,0.0,0.0,0.0,0.0,0.0,0.0,0.0,0.0,0.0,0.0,1.0,0.0,0.0,0.0,0.0,0.0,0.0,1.0,-124.5,50.62,202.9,1.0,0.145,1271.0,1.0,0.006294256490952,0.010228166797797,0.017309205350118
0.0,0.0,0.0,0.0,0.0,0.0,0.0,0.0,0.0,0.0,0.0,0.0,0.0,0.0,0.0,1.0,0.0,0.0,0.0,0.0,0.0,0.0,0.0,0.0,0.0,0.0,1.0,-62.21,152.82,48.8,1.0,0.145,1271.0,1.0,0.006294256490952,0.008654602675059,0.01573564122738
0.0,0.0,0.0,0.0,0.0,1.0,0.0,0.0,0.0,0.0,0.0,0.0,0.0,0.0,0.0,0.0,0.0,0.0,0.0,0.0,0.0,0.0,0.0,0.0,0.0,1.0,0.0,-86.61,-9.27,83.5,1.0,0.145,1271.0,1.0,0.004720692368214,0.007081038552321,0.012588512981904
0.0,0.0,0.0,0.0,0.0,0.0,0.0,0.0,0.0,1.0,0.0,0.0,0.0,0.0,0.0,0.0,0.0,0.0,0.0,0.0,0.0,0.0,0.0,0.0,0.0,1.0,0.0,-76.6,157.88,60.2,1.0,0.145,1271.0,1.0,0.007081038552321,0.011014948859166,0.018882769472856
0.0,0.0,0.0,0.0,0.0,0.0,0.0,0.0,0.0,0.0,0.0,0.0,1.0,0.0,0.0,0.0,0.0,0.0,0.0,0.0,0.0,0.0,0.0,0.0,0.0,1.0,0.0,-79.98,162.93,30.1,1.0,0.145,1271.0,1.0,0.00786782061369,0.009441384736428,0.018095987411487
0.0,0.0,0.0,0.0,0.0,0.0,0.0,0.0,0.0,0.0,0.0,0.0,1.0,0.0,0.0,0.0,0.0,0.0,0.0,0.0,0.0,0.0,0.0,0.0,0.0,1.0,0.0,-54.5,139.53,72.0,1.0,0.145,1271.0,1.0,0.007081038552321,0.00786782061369,0.01573564122738
0.0,0.0,0.0,0.0,0.0,0.0,0.0,0.0,0.0,0.0,0.0,0.0,0.0,0.0,0.0,0.0,0.0,0.0,0.0,1.0,0.0,0.0,0.0,1.0,0.0,0.0,0.0,-51.2,-42.26,20.4,1.0,0.145,1271.0,1.0,0.006294256490952,0.016522423288749,0.02360346184107
0.0,0.0,1.0,0.0,0.0,0.0,0.0,0.0,0.0,0.0,0.0,0.0,0.0,0.0,0.0,0.0,0.0,0.0,0.0,0.0,0.0,0.0,0.0,1.0,0.0,0.0,0.0,-60.74,-29.53,115.8,1.0,0.145,1271.0,1.0,0.007081038552321,0.012588512981904,0.020456333595594
0.0,0.0,0.0,0.0,0.0,0.0,0.0,0.0,0.0,0.0,0.0,0.0,0.0,0.0,1.0,0.0,0.0,0.0,0.0,0.0,0.0,0.0,0.0,1.0,0.0,0.0,0.0,-67.64,-31.86,147.6,1.0,0.145,1271.0,1.0,0.006294256490952,0.014948859166011,0.022029897718332
0.0,0.0,0.0,0.0,0.0,0.0,0.0,0.0,0.0,1.0,0.0,0.0,0.0,0.0,0.0,0.0,0.0,0.0,0.0,0.0,0.0,0.0,0.0,1.0,0.0,0.0,0.0,-68.21,-33.82,13.3,1.0,0.145,1271.0,1.0,0.006294256490952,0.014162077104642,0.021243115656963
0.0,0.0,0.0,0.0,0.0,0.0,0.0,1.0,0.0,0.0,0.0,0.0,0.0,0.0,0.0,0.0,0.0,0.0,0.0,0.0,0.0,0.0,0.0,1.0,0.0,0.0,0.0,-101.6,-0.1,65.4,1.0,0.145,1271.0,1.0,0.007081038552321,0.011014948859166,0.018882769472856
0.0,0.0,0.0,1.0,0.0,0.0,0.0,0.0,0.0,0.0,0.0,0.0,0.0,0.0,0.0,0.0,0.0,0.0,0.0,0.0,0.0,0.0,0.0,0.0,0.0,1.0,0.0,-63.53,144.66,102.1,1.0,0.145,1271.0,1.0,0.006294256490952,0.011801730920535,0.018882769472856
0.0,0.0,0.0,1.0,0.0,0.0,0.0,0.0,0.0,0.0,0.0,0.0,0.0,0.0,0.0,0.0,0.0,0.0,0.0,0.0,0.0,0.0,0.0,0.0,0.0,1.0,0.0,-70.76,120.95,115.0,1.0,0.145,1271.0,1.0,0.007081038552321,0.014162077104642,0.022029897718332
0.0,0.0,0.0,0.0,0.0,0.0,0.0,0.0,0.0,0.0,0.0,0.0,1.0,0.0,0.0,0.0,0.0,0.0,0.0,0.0,0.0,0.0,1.0,0.0,0.0,0.0,0.0,-56.05,-41.41,51.4,1.0,0.145,1271.0,1.0,0.007081038552321,0.010228166797797,0.018095987411487
1.0,0.0,0.0,0.0,0.0,0.0,0.0,0.0,0.0,0.0,0.0,0.0,0.0,0.0,0.0,0.0,0.0,0.0,0.0,0.0,0.0,0.0,1.0,0.0,0.0,0.0,0.0,-65.45,-26.34,59.2,1.0,0.145,1271.0,1.0,0.005507474429583,0.012588512981904,0.018882769472856
0.0,0.0,0.0,0.0,0.0,0.0,0.0,0.0,0.0,0.0,0.0,0.0,0.0,0.0,0.0,1.0,0.0,0.0,0.0,0.0,0.0,0.0,1.0,0.0,0.0,0.0,0.0,-64.97,-21.29,75.6,1.0,0.145,1271.0,1.0,0.006294256490952,0.011014948859166,0.018095987411487
0.0,0.0,0.0,0.0,0.0,0.0,0.0,0.0,0.0,1.0,0.0,0.0,0.0,0.0,0.0,0.0,0.0,0.0,0.0,0.0,0.0,0.0,1.0,0.0,0.0,0.0,0.0,-92.15,-12.13,105.7,1.0,0.145,1271.0,1.0,0.006294256490952,0.012588512981904,0.019669551534225
0.0,0.0,0.0,1.0,0.0,0.0,0.0,0.0,0.0,0.0,0.0,0.0,0.0,0.0,0.0,0.0,0.0,0.0,0.0,0.0,0.0,0.0,0.0,0.0,0.0,1.0,0.0,-81.47,148.17,104.4,1.0,0.145,1271.0,1.0,0.006294256490952,0.014948859166011,0.022029897718332
0.0,0.0,0.0,0.0,0.0,0.0,1.0,0.0,0.0,0.0,0.0,0.0,0.0,0.0,0.0,0.0,0.0,0.0,0.0,0.0,0.0,0.0,0.0,0.0,0.0,1.0,0.0,-134.83,145.72,155.3,1.0,0.145,1271.0,1.0,0.006294256490952,0.011014948859166,0.018095987411487
0.0,0.0,0.0,0.0,0.0,0.0,1.0,0.0,0.0,0.0,0.0,0.0,0.0,0.0,0.0,0.0,0.0,0.0,0.0,0.0,0.0,0.0,0.0,0.0,0.0,1.0,0.0,-137.53,122.11,137.7,1.0,0.145,1271.0,1.0,0.006294256490952,0.011014948859166,0.018095987411487
0.0,0.0,0.0,0.0,0.0,0.0,1.0,0.0,0.0,0.0,0.0,0.0,0.0,0.0,0.0,0.0,0.0,0.0,0.0,0.0,0.0,0.0,0.0,0.0,0.0,1.0,0.0,-145.5,127.6,167.2,1.0,0.145,1271.0,1.0,0.006294256490952,0.009441384736428,0.016522423288749
0.0,0.0,0.0,0.0,0.0,0.0,1.0,0.0,0.0,0.0,0.0,0.0,0.0,0.0,0.0,0.0,0.0,0.0,0.0,0.0,0.0,0.0,0.0,0.0,0.0,1.0,0.0,-69.53,162.01,141.6,1.0,0.145,1271.0,1.0,0.006294256490952,0.008654602675059,0.01573564122738
0.0,0.0,0.0,0.0,0.0,0.0,1.0,0.0,0.0,0.0,0.0,0.0,0.0,0.0,0.0,0.0,0.0,0.0,0.0,0.0,0.0,0.0,0.0,0.0,0.0,1.0,0.0,-79.63,139.8,174.8,1.0,0.145,1271.0,1.0,0.006294256490952,0.012588512981904,0.019669551534225
0.0,0.0,0.0,0.0,0.0,0.0,1.0,0.0,0.0,0.0,0.0,0.0,0.0,0.0,0.0,0.0,0.0,0.0,0.0,0.0,0.0,0.0,0.0,0.0,0.0,1.0,0.0,-86.02,360.0,204.0,1.0,0.145,1271.0,1.0,0.006294256490952,0.009441384736428,0.016522423288749
