0.0,0.0,0.0,0.0,0.0,0.0,0.0,0.0,0.0,0.0,0.0,0.0,0.0,0.0,0.0,0.0,1.0,0.0,0.0,0.0,0.0,0.0,0.0,1.0,0.0,0.0,0.0,360.0,-15.62,134.9,1.03,0.193,1366.0,1.0,0.0051244509516837,0.0051244509516837,0.0109809663250366
0.0,0.0,0.0,0.0,0.0,0.0,0.0,0.0,1.0,0.0,0.0,0.0,0.0,0.0,0.0,0.0,0.0,0.0,0.0,0.0,0.0,0.0,0.0,1.0,0.0,0.0,0.0,-61.54,-39.03,170.1,1.03,0.193,1366.0,1.0,0.0058565153733528,0.0102489019033674,0.0168374816983894
0.0,0.0,0.0,1.0,0.0,0.0,0.0,0.0,0.0,0.0,0.0,0.0,0.0,0.0,0.0,0.0,0.0,0.0,0.0,0.0,0.0,0.0,0.0,1.0,0.0,0.0,0.0,-59.78,-47.21,133.5,1.03,0.193,1366.0,1.0,0.0058565153733528,0.0102489019033674,0.0168374816983894
0.0,0.0,0.0,0.0,0.0,0.0,0.0,0.0,0.0,0.0,0.0,0.0,0.0,0.0,1.0,0.0,0.0,0.0,0.0,0.0,0.0,0.0,0.0,1.0,0.0,0.0,0.0,-62.21,-47.34,161.7,1.03,0.193,1366.0,1.0,0.0058565153733528,0.0117130307467057,0.0183016105417276
0.0,0.0,0.0,0.0,0.0,0.0,0.0,0.0,0.0,0.0,0.0,0.0,0.0,0.0,0.0,0.0,0.0,1.0,0.0,0.0,0.0,0.0,0.0,1.0,0.0,0.0,0.0,-62.9,-42.39,88.7,1.03,0.193,1366.0,1.0,0.0065885797950219,0.0124450951683748,0.0197657393850658
0.0,0.0,0.0,1.0,0.0,0.0,0.0,0.0,0.0,0.0,0.0,0.0,0.0,0.0,0.0,0.0,0.0,0.0,0.0,0.0,0.0,0.0,0.0,1.0,0.0,0.0,0.0,-58.03,-46.23,115.1,1.03,0.193,1366.0,1.0,0.0058565153733528,0.013909224011713,0.0204978038067349
0.0,0.0,0.0,0.0,0.0,0.0,0.0,0.0,0.0,0.0,0.0,0.0,0.0,0.0,1.0,0.0,0.0,0.0,0.0,0.0,0.0,0.0,0.0,1.0,0.0,0.0,0.0,-64.23,-36.17,59.1,1.03,0.193,1366.0,1.0,0.0065885797950219,0.013909224011713,0.0212298682284041
0.0,0.0,0.0,0.0,0.0,0.0,0.0,0.0,0.0,1.0,0.0,0.0,0.0,0.0,0.0,0.0,0.0,0.0,0.0,0.0,0.0,0.0,0.0,1.0,0.0,0.0,0.0,-64.86,-42.07,59.9,1.03,0.193,1366.0,1.0,0.0058565153733528,0.013909224011713,0.0204978038067349
0.0,1.0,0.0,0.0,0.0,0.0,0.0,0.0,0.0,0.0,0.0,0.0,0.0,0.0,0.0,0.0,0.0,0.0,0.0,0.0,0.0,0.0,0.0,1.0,0.0,0.0,0.0,-62.5,-48.71,76.0,1.03,0.193,1366.0,1.0,0.0058565153733528,0.0102489019033674,0.0168374816983894
0.0,0.0,0.0,0.0,0.0,0.0,0.0,0.0,1.0,0.0,0.0,0.0,0.0,0.0,0.0,0.0,0.0,0.0,0.0,0.0,0.0,0.0,0.0,1.0,0.0,0.0,0.0,-59.19,-44.33,66.7,1.03,0.193,1366.0,1.0,0.0058565153733528,0.0146412884333821,0.0212298682284041
0.0,0.0,0.0,0.0,0.0,0.0,0.0,0.0,0.0,0.0,0.0,0.0,0.0,0.0,0.0,1.0,0.0,0.0,0.0,0.0,0.0,0.0,0.0,1.0,0.0,0.0,0.0,-58.64,-48.37,1.8,1.03,0.193,1366.0,1.0,0.0058565153733528,0.0168374816983894,0.0234260614934114
0.0,0.0,0.0,0.0,0.0,0.0,0.0,0.0,1.0,0.0,0.0,0.0,0.0,0.0,0.0,0.0,0.0,0.0,0.0,0.0,0.0,0.0,0.0,1.0,0.0,0.0,0.0,-54.46,-47.44,50.5,1.03,0.193,1366.0,1.0,0.0058565153733528,0.0168374816983894,0.0234260614934114
0.0,0.0,0.0,1.0,0.0,0.0,0.0,0.0,0.0,0.0,0.0,0.0,0.0,0.0,0.0,0.0,0.0,0.0,0.0,0.0,0.0,0.0,0.0,1.0,0.0,0.0,0.0,-69.01,-43.78,72.0,1.03,0.193,1366.0,1.0,0.0058565153733528,0.013909224011713,0.0204978038067349
0.0,0.0,0.0,0.0,0.0,0.0,0.0,0.0,0.0,1.0,0.0,0.0,0.0,0.0,0.0,0.0,0.0,0.0,0.0,0.0,0.0,0.0,0.0,1.0,0.0,0.0,0.0,-61.08,-44.23,14.6,1.03,0.193,1366.0,1.0,0.0058565153733528,0.0161054172767203,0.0226939970717423
0.0,0.0,0.0,0.0,1.0,0.0,0.0,0.0,0.0,0.0,0.0,0.0,0.0,0.0,0.0,0.0,0.0,0.0,0.0,0.0,0.0,0.0,0.0,1.0,0.0,0.0,0.0,-62.22,-45.6,2.2,1.03,0.193,1366.0,1.0,0.0058565153733528,0.0226939970717423,0.0292825768667642
0.0,0.0,0.0,1.0,0.0,0.0,0.0,0.0,0.0,0.0,0.0,0.0,0.0,0.0,0.0,0.0,0.0,0.0,0.0,0.0,0.0,0.0,0.0,1.0,0.0,0.0,0.0,-59.57,-44.5,41.6,1.03,0.193,1366.0,1.0,0.0058565153733528,0.0175695461200585,0.0241581259150805
0.0,0.0,0.0,1.0,0.0,0.0,0.0,0.0,0.0,0.0,0.0,0.0,0.0,0.0,0.0,0.0,0.0,0.0,0.0,0.0,0.0,0.0,0.0,1.0,0.0,0.0,0.0,-70.17,-45.16,120.0,1.03,0.193,1366.0,1.0,0.0058565153733528,0.0131771595900439,0.0197657393850658
0.0,0.0,0.0,0.0,0.0,0.0,0.0,0.0,0.0,0.0,0.0,0.0,0.0,0.0,1.0,0.0,0.0,0.0,0.0,0.0,0.0,0.0,0.0,1.0,0.0,0.0,0.0,-77.23,-39.98,19.0,1.03,0.193,1366.0,1.0,0.0058565153733528,0.0131771595900439,0.0197657393850658
0.0,0.0,0.0,0.0,0.0,0.0,0.0,0.0,0.0,1.0,0.0,0.0,0.0,0.0,0.0,0.0,0.0,0.0,0.0,0.0,0.0,0.0,0.0,1.0,0.0,0.0,0.0,-84.01,-15.93,0.4,1.03,0.193,1366.0,1.0,0.0058565153733528,0.013909224011713,0.0204978038067349
0.0,0.0,0.0,0.0,0.0,1.0,0.0,0.0,0.0,0.0,0.0,0.0,0.0,0.0,0.0,0.0,0.0,0.0,0.0,0.0,0.0,0.0,0.0,0.0,0.0,1.0,0.0,62.9,39.13,4.0,1.03,0.193,1366.0,1.0,0.0043923865300146,0.0175695461200585,0.0226939970717423
0.0,0.0,0.0,0.0,0.0,0.0,0.0,0.0,0.0,1.0,0.0,0.0,0.0,0.0,0.0,0.0,0.0,0.0,0.0,0.0,0.0,0.0,0.0,0.0,1.0,0.0,0.0,-133.31,119.37,0.2,1.03,0.193,1366.0,1.0,0.0058565153733528,0.0146412884333821,0.0212298682284041
0.0,0.0,0.0,1.0,0.0,0.0,0.0,0.0,0.0,0.0,0.0,0.0,0.0,0.0,0.0,0.0,0.0,0.0,0.0,0.0,0.0,0.0,0.0,0.0,1.0,0.0,0.0,-108.9,139.17,40.9,1.03,0.193,1366.0,1.0,0.0058565153733528,0.0161054172767203,0.0226939970717423
0.0,0.0,0.0,0.0,0.0,0.0,0.0,1.0,0.0,0.0,0.0,0.0,0.0,0.0,0.0,0.0,0.0,0.0,0.0,0.0,0.0,0.0,0.0,0.0,1.0,0.0,0.0,-121.07,118.13,11.4,1.03,0.193,1366.0,1.0,0.0065885797950219,0.0109809663250366,0.0183016105417276
0.0,0.0,0.0,0.0,0.0,0.0,0.0,0.0,0.0,0.0,0.0,0.0,0.0,0.0,1.0,0.0,0.0,0.0,0.0,0.0,0.0,0.0,0.0,0.0,1.0,0.0,0.0,-118.47,132.02,93.6,1.03,0.193,1366.0,1.0,0.0058565153733528,0.0109809663250366,0.0175695461200585
0.0,0.0,0.0,0.0,0.0,0.0,0.0,0.0,0.0,0.0,0.0,0.0,0.0,0.0,1.0,0.0,0.0,0.0,0.0,0.0,0.0,0.0,0.0,0.0,1.0,0.0,0.0,-84.33,131.35,193.7,1.03,0.193,1366.0,1.0,0.0058565153733528,0.0109809663250366,0.0175695461200585
0.0,0.0,0.0,0.0,0.0,0.0,0.0,1.0,0.0,0.0,0.0,0.0,0.0,0.0,0.0,0.0,0.0,0.0,0.0,0.0,0.0,0.0,0.0,0.0,1.0,0.0,0.0,-129.75,-177.78,46.7,1.03,0.193,1366.0,1.0,0.0065885797950219,0.0087847730600292,0.0161054172767203
0.0,0.0,0.0,0.0,0.0,0.0,1.0,0.0,0.0,0.0,0.0,0.0,0.0,0.0,0.0,0.0,0.0,0.0,0.0,0.0,0.0,0.0,0.0,0.0,0.0,0.0,1.0,-56.59,159.79,128.1,1.03,0.193,1366.0,1.0,0.0058565153733528,0.0102489019033674,0.0168374816983894
0.0,0.0,0.0,0.0,0.0,0.0,0.0,0.0,0.0,0.0,0.0,1.0,0.0,0.0,0.0,0.0,0.0,0.0,0.0,0.0,0.0,0.0,0.0,0.0,0.0,0.0,1.0,60.04,34.16,117.6,1.03,0.193,1366.0,1.0,0.0065885797950219,0.0124450951683748,0.0197657393850658
0.0,0.0,0.0,1.0,0.0,0.0,0.0,0.0,0.0,0.0,0.0,0.0,0.0,0.0,0.0,0.0,0.0,0.0,0.0,0.0,0.0,0.0,0.0,0.0,0.0,0.0,1.0,55.13,46.83,176.0,1.03,0.193,1366.0,1.0,0.0058565153733528,0.0102489019033674,0.0168374816983894
0.0,0.0,0.0,0.0,0.0,0.0,0.0,0.0,0.0,0.0,0.0,0.0,0.0,1.0,0.0,0.0,0.0,0.0,0.0,0.0,0.0,0.0,0.0,0.0,1.0,0.0,0.0,-114.83,155.62,24.2,1.03,0.193,1366.0,1.0,0.0058565153733528,0.0168374816983894,0.0234260614934114
0.0,0.0,0.0,0.0,0.0,0.0,0.0,0.0,0.0,1.0,0.0,0.0,0.0,0.0,0.0,0.0,0.0,0.0,0.0,0.0,0.0,0.0,0.0,0.0,1.0,0.0,0.0,-120.65,132.75,36.3,1.03,0.193,1366.0,1.0,0.0058565153733528,0.0124450951683748,0.0190336749633967
0.0,0.0,0.0,0.0,0.0,0.0,0.0,0.0,0.0,0.0,0.0,0.0,0.0,1.0,0.0,0.0,0.0,0.0,0.0,0.0,0.0,0.0,0.0,0.0,1.0,0.0,0.0,-95.14,132.78,31.7,1.03,0.193,1366.0,1.0,0.0058565153733528,0.0175695461200585,0.0241581259150805
0.0,0.0,0.0,0.0,1.0,0.0,0.0,0.0,0.0,0.0,0.0,0.0,0.0,0.0,0.0,0.0,0.0,0.0,0.0,0.0,0.0,0.0,0.0,0.0,1.0,0.0,0.0,-107.58,112.74,0.4,1.03,0.193,1366.0,1.0,0.0058565153733528,0.0153733528550512,0.0219619326500732
0.0,0.0,0.0,0.0,0.0,0.0,0.0,1.0,0.0,0.0,0.0,0.0,0.0,0.0,0.0,0.0,0.0,0.0,0.0,0.0,0.0,0.0,0.0,0.0,1.0,0.0,0.0,-108.19,108.72,2.0,1.03,0.193,1366.0,1.0,0.0065885797950219,0.0131771595900439,0.0204978038067349
0.0,0.0,0.0,0.0,1.0,0.0,0.0,0.0,0.0,0.0,0.0,0.0,0.0,0.0,0.0,0.0,0.0,0.0,0.0,0.0,0.0,0.0,0.0,0.0,1.0,0.0,0.0,-91.62,127.34,0.0,1.03,0.193,1366.0,1.0,0.0058565153733528,0.0161054172767203,0.0226939970717423
0.0,0.0,0.0,0.0,0.0,0.0,0.0,0.0,0.0,0.0,0.0,0.0,0.0,0.0,1.0,0.0,0.0,0.0,0.0,0.0,0.0,0.0,0.0,0.0,0.0,0.0,1.0,-118.41,-175.42,62.5,1.03,0.193,1366.0,1.0,0.0058565153733528,0.0131771595900439,0.0197657393850658
0.0,0.0,0.0,0.0,0.0,0.0,1.0,0.0,0.0,0.0,0.0,0.0,0.0,0.0,0.0,0.0,0.0,0.0,0.0,0.0,0.0,0.0,0.0,0.0,0.0,0.0,1.0,58.82,36.2,12.8,1.03,0.193,1366.0,1.0,0.0058565153733528,0.013909224011713,0.0204978038067349
0.0,0.0,0.0,0.0,0.0,0.0,0.0,1.0,0.0,0.0,0.0,0.0,0.0,0.0,0.0,0.0,0.0,0.0,0.0,0.0,0.0,0.0,0.0,0.0,0.0,0.0,1.0,-101.66,-53.84,4.1,1.03,0.193,1366.0,1.0,0.0065885797950219,0.0102489019033674,0.0175695461200585
0.0,0.0,1.0,0.0,0.0,0.0,0.0,0.0,0.0,0.0,0.0,0.0,0.0,0.0,0.0,0.0,0.0,0.0,0.0,0.0,0.0,0.0,0.0,0.0,0.0,0.0,1.0,-85.47,110.3,19.9,1.03,0.193,1366.0,1.0,0.0065885797950219,0.0117130307467057,0.0190336749633967
0.0,0.0,0.0,0.0,0.0,0.0,1.0,0.0,0.0,0.0,0.0,0.0,0.0,0.0,0.0,0.0,0.0,0.0,0.0,0.0,0.0,0.0,0.0,0.0,0.0,0.0,1.0,-59.24,-21.42,85.6,1.03,0.193,1366.0,1.0,0.0058565153733528,0.0131771595900439,0.0197657393850658
0.0,0.0,0.0,0.0,0.0,0.0,0.0,0.0,1.0,0.0,0.0,0.0,0.0,0.0,0.0,0.0,0.0,0.0,0.0,0.0,0.0,0.0,0.0,0.0,0.0,0.0,1.0,-96.21,-4.55,185.1,1.03,0.193,1366.0,1.0,0.0058565153733528,0.0102489019033674,0.0168374816983894
0.0,0.0,1.0,0.0,0.0,0.0,0.0,0.0,0.0,0.0,0.0,0.0,0.0,0.0,0.0,0.0,0.0,0.0,0.0,0.0,0.0,0.0,0.0,0.0,0.0,0.0,1.0,-153.31,75.73,78.2,1.03,0.193,1366.0,1.0,0.007320644216691,0.0131771595900439,0.0212298682284041
0.0,0.0,0.0,0.0,0.0,0.0,0.0,0.0,0.0,0.0,0.0,0.0,1.0,0.0,0.0,0.0,0.0,0.0,0.0,0.0,0.0,0.0,0.0,0.0,0.0,0.0,1.0,-63.57,-19.37,33.5,1.03,0.193,1366.0,1.0,0.0065885797950219,0.0124450951683748,0.0197657393850658
0.0,0.0,1.0,0.0,0.0,0.0,0.0,0.0,0.0,0.0,0.0,0.0,0.0,0.0,0.0,0.0,0.0,0.0,0.0,0.0,0.0,0.0,0.0,0.0,0.0,0.0,1.0,-88.82,-6.62,92.7,1.03,0.193,1366.0,1.0,0.0065885797950219,0.0109809663250366,0.0183016105417276
0.0,0.0,0.0,0.0,0.0,0.0,0.0,0.0,1.0,0.0,0.0,0.0,0.0,0.0,0.0,0.0,0.0,0.0,0.0,0.0,0.0,0.0,0.0,0.0,0.0,0.0,1.0,-61.8,122.6,67.9,1.03,0.193,1366.0,1.0,0.0065885797950219,0.0131771595900439,0.0204978038067349
0.0,0.0,0.0,0.0,0.0,0.0,0.0,0.0,0.0,0.0,0.0,0.0,1.0,0.0,0.0,0.0,0.0,0.0,0.0,0.0,0.0,0.0,0.0,0.0,0.0,1.0,0.0,-91.1,144.23,69.9,1.03,0.193,1366.0,1.0,0.0065885797950219,0.0131771595900439,0.0204978038067349
0.0,0.0,0.0,0.0,0.0,0.0,0.0,0.0,0.0,0.0,0.0,0.0,0.0,0.0,0.0,0.0,0.0,0.0,0.0,1.0,0.0,0.0,0.0,0.0,1.0,0.0,0.0,-128.99,121.47,0.6,1.03,0.193,1366.0,1.0,0.0058565153733528,0.0175695461200585,0.0241581259150805
0.0,0.0,0.0,0.0,0.0,0.0,0.0,0.0,0.0,0.0,1.0,0.0,0.0,0.0,0.0,0.0,0.0,0.0,0.0,0.0,0.0,0.0,0.0,0.0,1.0,0.0,0.0,-136.99,156.13,34.7,1.03,0.193,1366.0,1.0,0.0058565153733528,0.0146412884333821,0.0212298682284041
0.0,0.0,0.0,0.0,1.0,0.0,0.0,0.0,0.0,0.0,0.0,0.0,0.0,0.0,0.0,0.0,0.0,0.0,0.0,0.0,0.0,0.0,0.0,0.0,1.0,0.0,0.0,-142.74,161.03,0.0,1.03,0.193,1366.0,1.0,0.0058565153733528,0.0168374816983894,0.0234260614934114
0.0,0.0,0.0,0.0,0.0,0.0,0.0,0.0,0.0,0.0,0.0,0.0,0.0,0.0,0.0,0.0,1.0,0.0,0.0,0.0,0.0,0.0,0.0,0.0,1.0,0.0,0.0,-117.0,137.77,5.4,1.03,0.193,1366.0,1.0,0.0065885797950219,0.0161054172767203,0.0234260614934114
0.0,0.0,0.0,0.0,0.0,0.0,0.0,0.0,0.0,1.0,0.0,0.0,0.0,0.0,0.0,0.0,0.0,0.0,0.0,0.0,0.0,0.0,0.0,0.0,1.0,0.0,0.0,-123.73,136.4,11.0,1.03,0.193,1366.0,1.0,0.0058565153733528,0.0146412884333821,0.0212298682284041
0.0,0.0,0.0,0.0,0.0,0.0,0.0,0.0,0.0,0.0,0.0,0.0,0.0,0.0,0.0,1.0,0.0,0.0,0.0,0.0,0.0,0.0,0.0,0.0,1.0,0.0,0.0,-127.41,167.89,15.7,1.03,0.193,1366.0,1.0,0.0058565153733528,0.013909224011713,0.0204978038067349
0.0,0.0,0.0,0.0,0.0,0.0,0.0,1.0,0.0,0.0,0.0,0.0,0.0,0.0,0.0,0.0,0.0,0.0,0.0,0.0,0.0,0.0,0.0,0.0,1.0,0.0,0.0,-113.02,123.37,88.7,1.03,0.193,1366.0,1.0,0.0065885797950219,0.0102489019033674,0.0175695461200585
0.0,0.0,0.0,0.0,0.0,0.0,0.0,0.0,0.0,0.0,0.0,1.0,0.0,0.0,0.0,0.0,0.0,0.0,0.0,0.0,0.0,0.0,0.0,0.0,0.0,0.0,1.0,-76.94,-178.68,27.7,1.03,0.193,1366.0,1.0,0.0065885797950219,0.0102489019033674,0.0175695461200585
0.0,0.0,0.0,1.0,0.0,0.0,0.0,0.0,0.0,0.0,0.0,0.0,0.0,0.0,0.0,0.0,0.0,0.0,0.0,0.0,0.0,0.0,0.0,0.0,0.0,0.0,1.0,-68.28,-15.17,180.3,1.03,0.193,1366.0,1.0,0.0058565153733528,0.0117130307467057,0.0183016105417276
0.0,0.0,0.0,0.0,0.0,0.0,0.0,0.0,0.0,0.0,0.0,0.0,0.0,1.0,0.0,0.0,0.0,0.0,0.0,0.0,0.0,0.0,0.0,0.0,0.0,0.0,1.0,-100.08,6.65,147.9,1.03,0.193,1366.0,1.0,0.0058565153733528,0.0095168374816983,0.0161054172767203
0.0,0.0,0.0,0.0,0.0,1.0,0.0,0.0,0.0,0.0,0.0,0.0,0.0,0.0,0.0,0.0,0.0,0.0,0.0,0.0,0.0,0.0,0.0,0.0,0.0,0.0,1.0,86.76,8.78,52.8,1.03,0.193,1366.0,1.0,0.0043923865300146,0.0095168374816983,0.0146412884333821
0.0,0.0,1.0,0.0,0.0,0.0,0.0,0.0,0.0,0.0,0.0,0.0,0.0,0.0,0.0,0.0,0.0,0.0,0.0,0.0,0.0,0.0,0.0,0.0,0.0,1.0,0.0,-89.81,143.49,54.7,1.03,0.193,1366.0,1.0,0.0065885797950219,0.0124450951683748,0.0197657393850658
0.0,0.0,0.0,0.0,0.0,0.0,0.0,0.0,0.0,0.0,0.0,0.0,0.0,0.0,0.0,0.0,0.0,0.0,0.0,1.0,0.0,0.0,0.0,0.0,1.0,0.0,0.0,-60.51,136.31,38.1,1.03,0.193,1366.0,1.0,0.0058565153733528,0.0117130307467057,0.0183016105417276
0.0,0.0,0.0,1.0,0.0,0.0,0.0,0.0,0.0,0.0,0.0,0.0,0.0,0.0,0.0,0.0,0.0,0.0,0.0,0.0,0.0,0.0,0.0,0.0,1.0,0.0,0.0,-138.21,117.3,74.8,1.03,0.193,1366.0,1.0,0.0058565153733528,0.0161054172767203,0.0226939970717423
0.0,0.0,0.0,0.0,0.0,0.0,0.0,0.0,0.0,0.0,0.0,0.0,0.0,0.0,0.0,0.0,0.0,1.0,0.0,0.0,0.0,0.0,0.0,0.0,1.0,0.0,0.0,-78.56,120.46,28.5,1.03,0.193,1366.0,1.0,0.0065885797950219,0.0109809663250366,0.0183016105417276
0.0,0.0,0.0,0.0,0.0,0.0,0.0,0.0,0.0,0.0,0.0,0.0,0.0,0.0,0.0,0.0,1.0,0.0,0.0,0.0,0.0,0.0,0.0,0.0,1.0,0.0,0.0,-103.48,-13.53,56.7,1.03,0.193,1366.0,1.0,0.0065885797950219,0.0102489019033674,0.0175695461200585
0.0,0.0,0.0,0.0,0.0,0.0,0.0,0.0,0.0,0.0,0.0,0.0,0.0,0.0,0.0,1.0,0.0,0.0,0.0,0.0,0.0,0.0,0.0,0.0,1.0,0.0,0.0,-160.89,158.23,42.5,1.03,0.193,1366.0,1.0,0.0058565153733528,0.0095168374816983,0.0161054172767203
0.0,1.0,0.0,0.0,0.0,0.0,0.0,0.0,0.0,0.0,0.0,0.0,0.0,0.0,0.0,0.0,0.0,0.0,0.0,0.0,0.0,0.0,0.0,0.0,1.0,0.0,0.0,-154.38,117.68,23.3,1.03,0.193,1366.0,1.0,0.0058565153733528,0.0109809663250366,0.0175695461200585
0.0,0.0,0.0,0.0,0.0,0.0,0.0,0.0,0.0,0.0,0.0,0.0,0.0,0.0,0.0,0.0,1.0,0.0,0.0,0.0,0.0,0.0,0.0,0.0,1.0,0.0,0.0,-136.9,111.83,85.5,1.03,0.193,1366.0,1.0,0.007320644216691,0.0109809663250366,0.0190336749633967
0.0,0.0,0.0,0.0,0.0,0.0,0.0,0.0,0.0,0.0,0.0,0.0,1.0,0.0,0.0,0.0,0.0,0.0,0.0,0.0,0.0,0.0,0.0,0.0,0.0,0.0,1.0,-69.58,161.52,27.6,1.03,0.193,1366.0,1.0,0.007320644216691,0.0080527086383601,0.0161054172767203
0.0,0.0,0.0,0.0,0.0,0.0,0.0,0.0,0.0,0.0,0.0,0.0,1.0,0.0,0.0,0.0,0.0,0.0,0.0,0.0,0.0,0.0,0.0,0.0,0.0,0.0,1.0,-62.9,152.88,100.4,1.03,0.193,1366.0,1.0,0.0065885797950219,0.0102489019033674,0.0175695461200585
0.0,0.0,0.0,0.0,0.0,0.0,0.0,0.0,0.0,1.0,0.0,0.0,0.0,0.0,0.0,0.0,0.0,0.0,0.0,0.0,0.0,0.0,0.0,0.0,0.0,1.0,0.0,-124.33,130.03,18.4,1.03,0.193,1366.0,1.0,0.0058565153733528,0.0095168374816983,0.0161054172767203
0.0,0.0,1.0,0.0,0.0,0.0,0.0,0.0,0.0,0.0,0.0,0.0,0.0,0.0,0.0,0.0,0.0,0.0,0.0,0.0,0.0,0.0,0.0,0.0,0.0,1.0,0.0,-65.75,-22.03,177.3,1.03,0.193,1366.0,1.0,0.0065885797950219,0.0058565153733528,0.0131771595900439
0.0,1.0,0.0,0.0,0.0,0.0,0.0,0.0,0.0,0.0,0.0,0.0,0.0,0.0,0.0,0.0,0.0,0.0,0.0,0.0,0.0,0.0,0.0,1.0,0.0,0.0,0.0,-101.44,-9.32,36.4,1.03,0.193,1366.0,1.0,0.0058565153733528,0.0102489019033674,0.0168374816983894
0.0,0.0,0.0,0.0,0.0,0.0,0.0,1.0,0.0,0.0,0.0,0.0,0.0,0.0,0.0,0.0,0.0,0.0,0.0,0.0,0.0,0.0,0.0,1.0,0.0,0.0,0.0,-68.59,-32.17,8.4,1.03,0.193,1366.0,1.0,0.0065885797950219,0.0124450951683748,0.0197657393850658
0.0,0.0,0.0,0.0,0.0,0.0,0.0,0.0,0.0,0.0,0.0,0.0,0.0,0.0,0.0,1.0,0.0,0.0,0.0,0.0,0.0,0.0,0.0,1.0,0.0,0.0,0.0,-63.3,-39.65,96.4,1.03,0.193,1366.0,1.0,0.0058565153733528,0.0087847730600292,0.0153733528550512
0.0,0.0,0.0,1.0,0.0,0.0,0.0,0.0,0.0,0.0,0.0,0.0,0.0,0.0,0.0,0.0,0.0,0.0,0.0,0.0,0.0,0.0,0.0,1.0,0.0,0.0,0.0,-67.98,-35.08,128.0,1.03,0.193,1366.0,1.0,0.0058565153733528,0.0124450951683748,0.0190336749633967
0.0,0.0,0.0,0.0,1.0,0.0,0.0,0.0,0.0,0.0,0.0,0.0,0.0,0.0,0.0,0.0,0.0,0.0,0.0,0.0,0.0,0.0,0.0,1.0,0.0,0.0,0.0,-62.68,-36.16,26.7,1.03,0.193,1366.0,1.0,0.0065885797950219,0.0175695461200585,0.0248901903367496
0.0,0.0,0.0,0.0,0.0,0.0,0.0,0.0,0.0,0.0,0.0,0.0,0.0,1.0,0.0,0.0,0.0,0.0,0.0,0.0,0.0,0.0,0.0,1.0,0.0,0.0,0.0,-62.3,-44.58,40.7,1.03,0.193,1366.0,1.0,0.0058565153733528,0.0153733528550512,0.0219619326500732
0.0,0.0,0.0,0.0,0.0,0.0,0.0,0.0,0.0,1.0,0.0,0.0,0.0,0.0,0.0,0.0,0.0,0.0,0.0,0.0,0.0,0.0,0.0,1.0,0.0,0.0,0.0,-54.93,-47.98,87.5,1.03,0.193,1366.0,1.0,0.0058565153733528,0.013909224011713,0.0204978038067349
0.0,0.0,0.0,0.0,0.0,0.0,0.0,0.0,1.0,0.0,0.0,0.0,0.0,0.0,0.0,0.0,0.0,0.0,0.0,0.0,0.0,0.0,0.0,1.0,0.0,0.0,0.0,-64.51,-38.4,51.3,1.03,0.193,1366.0,1.0,0.0058565153733528,0.0204978038067349,0.0270863836017569
0.0,0.0,0.0,0.0,0.0,0.0,0.0,0.0,0.0,0.0,0.0,0.0,0.0,0.0,0.0,0.0,0.0,1.0,0.0,0.0,0.0,0.0,0.0,1.0,0.0,0.0,0.0,-71.54,-30.48,0.5,1.03,0.193,1366.0,1.0,0.0065885797950219,0.0168374816983894,0.0241581259150805
0.0,0.0,0.0,0.0,0.0,0.0,0.0,0.0,0.0,0.0,0.0,0.0,0.0,0.0,1.0,0.0,0.0,0.0,0.0,0.0,0.0,0.0,0.0,1.0,0.0,0.0,0.0,-67.93,-34.03,89.5,1.03,0.193,1366.0,1.0,0.0058565153733528,0.0124450951683748,0.0190336749633967
0.0,0.0,0.0,1.0,0.0,0.0,0.0,0.0,0.0,0.0,0.0,0.0,0.0,0.0,0.0,0.0,0.0,0.0,0.0,0.0,0.0,0.0,0.0,1.0,0.0,0.0,0.0,-79.44,-40.45,126.5,1.03,0.193,1366.0,1.0,0.0058565153733528,0.0117130307467057,0.0183016105417276
0.0,0.0,0.0,0.0,0.0,0.0,0.0,0.0,0.0,0.0,0.0,0.0,0.0,0.0,0.0,0.0,1.0,0.0,0.0,0.0,0.0,0.0,0.0,1.0,0.0,0.0,0.0,-99.39,-17.95,55.6,1.03,0.193,1366.0,1.0,0.0065885797950219,0.0087847730600292,0.0161054172767203
0.0,0.0,0.0,0.0,0.0,0.0,0.0,0.0,0.0,0.0,0.0,1.0,0.0,0.0,0.0,0.0,0.0,0.0,0.0,0.0,0.0,0.0,0.0,0.0,0.0,1.0,0.0,54.34,27.42,116.0,1.03,0.193,1366.0,1.0,0.0065885797950219,0.0102489019033674,0.0175695461200585
0.0,0.0,0.0,0.0,0.0,0.0,0.0,0.0,0.0,0.0,0.0,1.0,0.0,0.0,0.0,0.0,0.0,0.0,0.0,0.0,0.0,0.0,0.0,0.0,0.0,1.0,0.0,-95.8,85.27,61.1,1.03,0.193,1366.0,1.0,0.0065885797950219,0.0102489019033674,0.0175695461200585
0.0,0.0,0.0,0.0,1.0,0.0,0.0,0.0,0.0,0.0,0.0,0.0,0.0,0.0,0.0,0.0,0.0,0.0,0.0,0.0,0.0,0.0,0.0,1.0,0.0,0.0,0.0,-62.91,-41.68,6.3,1.03,0.193,1366.0,1.0,0.0058565153733528,0.0146412884333821,0.0212298682284041
0.0,0.0,0.0,0.0,0.0,0.0,0.0,0.0,0.0,0.0,0.0,0.0,0.0,0.0,0.0,1.0,0.0,0.0,0.0,0.0,0.0,0.0,0.0,1.0,0.0,0.0,0.0,-54.72,-51.79,13.1,1.03,0.193,1366.0,1.0,0.0058565153733528,0.0175695461200585,0.0241581259150805
1.0,0.0,0.0,0.0,0.0,0.0,0.0,0.0,0.0,0.0,0.0,0.0,0.0,0.0,0.0,0.0,0.0,0.0,0.0,0.0,0.0,0.0,0.0,1.0,0.0,0.0,0.0,-63.09,-36.13,1.4,1.03,0.193,1366.0,1.0,0.0051244509516837,0.0183016105417276,0.0241581259150805
0.0,0.0,0.0,0.0,1.0,0.0,0.0,0.0,0.0,0.0,0.0,0.0,0.0,0.0,0.0,0.0,0.0,0.0,0.0,0.0,0.0,0.0,0.0,1.0,0.0,0.0,0.0,-57.54,-52.67,0.2,1.03,0.193,1366.0,1.0,0.0058565153733528,0.0175695461200585,0.0241581259150805
0.0,0.0,0.0,0.0,0.0,0.0,0.0,1.0,0.0,0.0,0.0,0.0,0.0,0.0,0.0,0.0,0.0,0.0,0.0,0.0,0.0,0.0,0.0,1.0,0.0,0.0,0.0,-65.57,-42.54,0.0,1.03,0.193,1366.0,1.0,0.0065885797950219,0.013909224011713,0.0212298682284041
1.0,0.0,0.0,0.0,0.0,0.0,0.0,0.0,0.0,0.0,0.0,0.0,0.0,0.0,0.0,0.0,0.0,0.0,0.0,0.0,0.0,0.0,0.0,1.0,0.0,0.0,0.0,-63.41,-38.34,5.4,1.03,0.193,1366.0,1.0,0.0051244509516837,0.0146412884333821,0.0204978038067349
0.0,0.0,0.0,0.0,0.0,0.0,0.0,0.0,0.0,0.0,0.0,1.0,0.0,0.0,0.0,0.0,0.0,0.0,0.0,0.0,0.0,0.0,0.0,1.0,0.0,0.0,0.0,-67.53,-37.83,19.2,1.03,0.193,1366.0,1.0,0.0058565153733528,0.0161054172767203,0.0226939970717423
0.0,0.0,0.0,0.0,0.0,0.0,0.0,1.0,0.0,0.0,0.0,0.0,0.0,0.0,0.0,0.0,0.0,0.0,0.0,0.0,0.0,0.0,0.0,1.0,0.0,0.0,0.0,-62.27,-44.59,0.0,1.03,0.193,1366.0,1.0,0.0065885797950219,0.0131771595900439,0.0204978038067349
0.0,0.0,0.0,0.0,0.0,0.0,0.0,0.0,0.0,0.0,0.0,0.0,0.0,0.0,1.0,0.0,0.0,0.0,0.0,0.0,0.0,0.0,0.0,1.0,0.0,0.0,0.0,-60.18,-45.08,13.8,1.03,0.193,1366.0,1.0,0.0058565153733528,0.0168374816983894,0.0234260614934114
0.0,0.0,0.0,0.0,0.0,0.0,0.0,0.0,1.0,0.0,0.0,0.0,0.0,0.0,0.0,0.0,0.0,0.0,0.0,0.0,0.0,0.0,0.0,1.0,0.0,0.0,0.0,-60.66,-40.71,128.9,1.03,0.193,1366.0,1.0,0.0058565153733528,0.0117130307467057,0.0183016105417276
1.0,0.0,0.0,0.0,0.0,0.0,0.0,0.0,0.0,0.0,0.0,0.0,0.0,0.0,0.0,0.0,0.0,0.0,0.0,0.0,0.0,0.0,0.0,1.0,0.0,0.0,0.0,-64.35,-39.27,14.3,1.03,0.193,1366.0,1.0,0.0051244509516837,0.0131771595900439,0.0190336749633967
0.0,0.0,0.0,0.0,1.0,0.0,0.0,0.0,0.0,0.0,0.0,0.0,0.0,0.0,0.0,0.0,0.0,0.0,0.0,0.0,0.0,0.0,0.0,1.0,0.0,0.0,0.0,-65.74,-39.62,0.0,1.03,0.193,1366.0,1.0,0.0058565153733528,0.0161054172767203,0.0226939970717423
0.0,0.0,0.0,0.0,0.0,0.0,0.0,0.0,0.0,0.0,0.0,0.0,0.0,0.0,0.0,0.0,1.0,0.0,0.0,0.0,0.0,0.0,0.0,1.0,0.0,0.0,0.0,-60.46,-44.19,43.3,1.03,0.193,1366.0,1.0,0.0065885797950219,0.0117130307467057,0.0190336749633967
1.0,0.0,0.0,0.0,0.0,0.0,0.0,0.0,0.0,0.0,0.0,0.0,0.0,0.0,0.0,0.0,0.0,0.0,0.0,0.0,0.0,0.0,0.0,1.0,0.0,0.0,0.0,-61.7,-42.69,51.6,1.03,0.193,1366.0,1.0,0.0051244509516837,0.0109809663250366,0.0168374816983894
0.0,0.0,0.0,0.0,0.0,0.0,0.0,0.0,0.0,1.0,0.0,0.0,0.0,0.0,0.0,0.0,0.0,0.0,0.0,0.0,0.0,0.0,0.0,1.0,0.0,0.0,0.0,-62.6,-44.79,46.6,1.03,0.193,1366.0,1.0,0.0058565153733528,0.0146412884333821,0.0212298682284041
0.0,0.0,0.0,0.0,0.0,0.0,0.0,0.0,0.0,0.0,0.0,0.0,0.0,0.0,0.0,1.0,0.0,0.0,0.0,0.0,0.0,0.0,0.0,1.0,0.0,0.0,0.0,-60.59,-39.79,5.5,1.03,0.193,1366.0,1.0,0.0058565153733528,0.0168374816983894,0.0234260614934114
0.0,0.0,0.0,0.0,1.0,0.0,0.0,0.0,0.0,0.0,0.0,0.0,0.0,0.0,0.0,0.0,0.0,0.0,0.0,0.0,0.0,0.0,0.0,1.0,0.0,0.0,0.0,-59.39,-44.28,155.6,1.03,0.193,1366.0,1.0,0.0058565153733528,0.013909224011713,0.0204978038067349
0.0,0.0,0.0,0.0,0.0,0.0,0.0,0.0,1.0,0.0,0.0,0.0,0.0,0.0,0.0,0.0,0.0,0.0,0.0,0.0,0.0,0.0,0.0,1.0,0.0,0.0,0.0,-68.75,-40.59,149.4,1.03,0.193,1366.0,1.0,0.0058565153733528,0.013909224011713,0.0204978038067349
0.0,0.0,0.0,0.0,0.0,0.0,0.0,0.0,0.0,0.0,0.0,0.0,0.0,1.0,0.0,0.0,0.0,0.0,0.0,0.0,0.0,0.0,0.0,1.0,0.0,0.0,0.0,-58.7,-23.31,82.7,1.03,0.193,1366.0,1.0,0.0058565153733528,0.0131771595900439,0.0197657393850658
0.0,0.0,0.0,0.0,0.0,0.0,0.0,0.0,0.0,0.0,0.0,0.0,0.0,0.0,0.0,1.0,0.0,0.0,0.0,0.0,0.0,0.0,0.0,0.0,0.0,1.0,0.0,68.34,360.0,117.1,1.03,0.193,1366.0,1.0,0.0051244509516837,0.0080527086383601,0.013909224011713
0.0,0.0,0.0,0.0,0.0,0.0,0.0,0.0,0.0,0.0,0.0,0.0,0.0,0.0,0.0,0.0,0.0,0.0,0.0,1.0,0.0,0.0,0.0,1.0,0.0,0.0,0.0,360.0,-31.25,116.3,1.03,0.193,1366.0,1.0,0.0043923865300146,0.0080527086383601,0.0131771595900439
0.0,0.0,0.0,0.0,0.0,0.0,0.0,0.0,0.0,0.0,0.0,0.0,0.0,0.0,0.0,0.0,0.0,1.0,0.0,0.0,0.0,0.0,0.0,1.0,0.0,0.0,0.0,-64.55,-49.25,24.8,1.03,0.193,1366.0,1.0,0.0065885797950219,0.013909224011713,0.0212298682284041
0.0,0.0,0.0,0.0,0.0,0.0,0.0,0.0,0.0,0.0,0.0,0.0,0.0,0.0,0.0,0.0,1.0,0.0,0.0,0.0,0.0,0.0,0.0,1.0,0.0,0.0,0.0,-57.53,-40.53,21.7,1.03,0.193,1366.0,1.0,0.0065885797950219,0.013909224011713,0.0212298682284041
0.0,0.0,0.0,0.0,0.0,0.0,0.0,0.0,0.0,0.0,0.0,0.0,0.0,1.0,0.0,0.0,0.0,0.0,0.0,0.0,0.0,0.0,0.0,1.0,0.0,0.0,0.0,-66.57,-41.04,117.0,1.03,0.193,1366.0,1.0,0.0065885797950219,0.0117130307467057,0.0190336749633967
0.0,0.0,0.0,0.0,0.0,0.0,0.0,0.0,0.0,1.0,0.0,0.0,0.0,0.0,0.0,0.0,0.0,0.0,0.0,0.0,0.0,0.0,0.0,1.0,0.0,0.0,0.0,-59.33,-37.95,31.2,1.03,0.193,1366.0,1.0,0.0058565153733528,0.0131771595900439,0.0197657393850658
0.0,0.0,0.0,0.0,0.0,0.0,0.0,0.0,0.0,0.0,0.0,0.0,0.0,0.0,0.0,0.0,0.0,0.0,0.0,1.0,0.0,0.0,0.0,1.0,0.0,0.0,0.0,-62.55,-39.07,0.0,1.03,0.193,1366.0,1.0,0.0058565153733528,0.0204978038067349,0.0270863836017569
0.0,0.0,0.0,0.0,0.0,0.0,0.0,0.0,0.0,0.0,0.0,0.0,0.0,0.0,0.0,0.0,0.0,0.0,0.0,1.0,0.0,0.0,0.0,1.0,0.0,0.0,0.0,-67.64,-44.17,55.3,1.03,0.193,1366.0,1.0,0.0058565153733528,0.0175695461200585,0.0241581259150805
0.0,0.0,0.0,0.0,0.0,0.0,0.0,0.0,1.0,0.0,0.0,0.0,0.0,0.0,0.0,0.0,0.0,0.0,0.0,0.0,0.0,0.0,0.0,1.0,0.0,0.0,0.0,-55.08,-40.59,77.8,1.03,0.193,1366.0,1.0,0.0058565153733528,0.0161054172767203,0.0226939970717423
0.0,0.0,0.0,0.0,0.0,0.0,0.0,1.0,0.0,0.0,0.0,0.0,0.0,0.0,0.0,0.0,0.0,0.0,0.0,0.0,0.0,0.0,0.0,1.0,0.0,0.0,0.0,-75.33,-53.05,0.6,1.03,0.193,1366.0,1.0,0.0065885797950219,0.0124450951683748,0.0197657393850658
0.0,0.0,0.0,0.0,0.0,0.0,0.0,0.0,0.0,0.0,0.0,0.0,0.0,0.0,0.0,1.0,0.0,0.0,0.0,0.0,0.0,0.0,0.0,1.0,0.0,0.0,0.0,-92.11,-27.14,1.1,1.03,0.193,1366.0,1.0,0.0058565153733528,0.0124450951683748,0.0190336749633967
0.0,0.0,0.0,0.0,0.0,0.0,0.0,0.0,0.0,0.0,0.0,0.0,0.0,0.0,1.0,0.0,0.0,0.0,0.0,0.0,0.0,0.0,0.0,0.0,0.0,1.0,0.0,58.87,30.05,82.8,1.03,0.193,1366.0,1.0,0.0058565153733528,0.0190336749633967,0.0256222547584187
0.0,0.0,0.0,0.0,0.0,0.0,0.0,1.0,0.0,0.0,0.0,0.0,0.0,0.0,0.0,0.0,0.0,0.0,0.0,0.0,0.0,0.0,0.0,0.0,1.0,0.0,0.0,-103.56,132.79,1.0,1.03,0.193,1366.0,1.0,0.0065885797950219,0.0146412884333821,0.0219619326500732
0.0,0.0,1.0,0.0,0.0,0.0,0.0,0.0,0.0,0.0,0.0,0.0,0.0,0.0,0.0,0.0,0.0,0.0,0.0,0.0,0.0,0.0,0.0,0.0,1.0,0.0,0.0,-110.11,120.43,72.5,1.03,0.193,1366.0,1.0,0.0065885797950219,0.0095168374816983,0.0168374816983894
0.0,0.0,0.0,0.0,0.0,0.0,0.0,0.0,0.0,0.0,0.0,0.0,0.0,0.0,0.0,0.0,0.0,0.0,1.0,0.0,0.0,0.0,0.0,0.0,1.0,0.0,0.0,-81.73,149.99,11.5,1.03,0.193,1366.0,1.0,0.0058565153733528,0.0161054172767203,0.0226939970717423
0.0,0.0,1.0,0.0,0.0,0.0,0.0,0.0,0.0,0.0,0.0,0.0,0.0,0.0,0.0,0.0,0.0,0.0,0.0,0.0,0.0,0.0,0.0,0.0,0.0,0.0,1.0,-78.82,122.66,43.1,1.03,0.193,1366.0,1.0,0.0058565153733528,0.0102489019033674,0.0168374816983894
0.0,0.0,0.0,0.0,0.0,0.0,0.0,0.0,0.0,0.0,0.0,0.0,0.0,0.0,0.0,0.0,0.0,0.0,0.0,1.0,0.0,0.0,0.0,0.0,0.0,0.0,1.0,-96.08,-0.93,56.5,1.03,0.193,1366.0,1.0,0.0058565153733528,0.0153733528550512,0.0219619326500732
0.0,0.0,0.0,1.0,0.0,0.0,0.0,0.0,0.0,0.0,0.0,0.0,0.0,0.0,0.0,0.0,0.0,0.0,0.0,0.0,0.0,0.0,0.0,0.0,0.0,0.0,1.0,-92.68,-32.53,148.9,1.03,0.193,1366.0,1.0,0.0058565153733528,0.0117130307467057,0.0183016105417276
0.0,0.0,0.0,0.0,0.0,0.0,0.0,0.0,0.0,0.0,0.0,0.0,0.0,0.0,0.0,0.0,0.0,1.0,0.0,0.0,0.0,0.0,0.0,0.0,0.0,0.0,1.0,-74.66,161.52,20.2,1.03,0.193,1366.0,1.0,0.0065885797950219,0.0087847730600292,0.0161054172767203
0.0,0.0,0.0,1.0,0.0,0.0,0.0,0.0,0.0,0.0,0.0,0.0,0.0,0.0,0.0,0.0,0.0,0.0,0.0,0.0,0.0,0.0,0.0,0.0,0.0,0.0,1.0,-70.29,162.65,133.0,1.03,0.193,1366.0,1.0,0.0065885797950219,0.0102489019033674,0.0175695461200585
0.0,0.0,0.0,0.0,0.0,0.0,0.0,0.0,0.0,0.0,0.0,0.0,1.0,0.0,0.0,0.0,0.0,0.0,0.0,0.0,0.0,0.0,0.0,0.0,0.0,0.0,1.0,-66.15,-26.85,100.8,1.03,0.193,1366.0,1.0,0.0065885797950219,0.007320644216691,0.0146412884333821
1.0,0.0,0.0,0.0,0.0,0.0,0.0,0.0,0.0,0.0,0.0,0.0,0.0,0.0,0.0,0.0,0.0,0.0,0.0,0.0,0.0,0.0,0.0,0.0,0.0,0.0,1.0,-78.31,-10.88,39.3,1.03,0.193,1366.0,1.0,0.0051244509516837,0.0095168374816983,0.0153733528550512
0.0,0.0,0.0,0.0,0.0,0.0,0.0,0.0,0.0,0.0,0.0,0.0,0.0,0.0,1.0,0.0,0.0,0.0,0.0,0.0,0.0,0.0,0.0,0.0,1.0,0.0,0.0,-93.63,103.69,98.2,1.03,0.193,1366.0,1.0,0.0058565153733528,0.013909224011713,0.0204978038067349
0.0,0.0,0.0,0.0,0.0,0.0,0.0,1.0,0.0,0.0,0.0,0.0,0.0,0.0,0.0,0.0,0.0,0.0,0.0,0.0,0.0,0.0,0.0,0.0,1.0,0.0,0.0,-83.94,107.1,1.4,1.03,0.193,1366.0,1.0,0.0065885797950219,0.0131771595900439,0.0204978038067349
0.0,0.0,0.0,0.0,0.0,0.0,0.0,0.0,1.0,0.0,0.0,0.0,0.0,0.0,0.0,0.0,0.0,0.0,0.0,0.0,0.0,0.0,0.0,0.0,1.0,0.0,0.0,-140.62,134.8,59.3,1.03,0.193,1366.0,1.0,0.0058565153733528,0.0153733528550512,0.0219619326500732
0.0,0.0,0.0,0.0,0.0,1.0,0.0,0.0,0.0,0.0,0.0,0.0,0.0,0.0,0.0,0.0,0.0,0.0,0.0,0.0,0.0,0.0,0.0,0.0,1.0,0.0,0.0,177.09,-161.6,5.3,1.03,0.193,1366.0,1.0,0.0043923865300146,0.0168374816983894,0.0219619326500732
0.0,0.0,0.0,0.0,0.0,0.0,0.0,1.0,0.0,0.0,0.0,0.0,0.0,0.0,0.0,0.0,0.0,0.0,0.0,0.0,0.0,0.0,0.0,0.0,1.0,0.0,0.0,-130.31,135.96,67.5,1.03,0.193,1366.0,1.0,0.0065885797950219,0.0131771595900439,0.0204978038067349
0.0,0.0,0.0,0.0,0.0,0.0,1.0,0.0,0.0,0.0,0.0,0.0,0.0,0.0,0.0,0.0,0.0,0.0,0.0,0.0,0.0,0.0,0.0,0.0,1.0,0.0,0.0,-102.32,120.93,17.8,1.03,0.193,1366.0,1.0,0.0058565153733528,0.0175695461200585,0.0241581259150805
0.0,0.0,0.0,0.0,0.0,0.0,0.0,0.0,0.0,0.0,0.0,0.0,0.0,0.0,0.0,0.0,0.0,0.0,0.0,1.0,0.0,0.0,0.0,0.0,0.0,0.0,1.0,-96.26,-115.22,80.7,1.03,0.193,1366.0,1.0,0.0058565153733528,0.0146412884333821,0.0212298682284041
0.0,0.0,0.0,0.0,0.0,1.0,0.0,0.0,0.0,0.0,0.0,0.0,0.0,0.0,0.0,0.0,0.0,0.0,0.0,0.0,0.0,0.0,0.0,0.0,0.0,0.0,1.0,83.75,-167.11,29.5,1.03,0.193,1366.0,1.0,0.0051244509516837,0.0095168374816983,0.0153733528550512
0.0,0.0,0.0,0.0,0.0,0.0,0.0,0.0,0.0,0.0,0.0,0.0,1.0,0.0,0.0,0.0,0.0,0.0,0.0,0.0,0.0,0.0,0.0,0.0,0.0,0.0,1.0,-66.46,-29.96,107.5,1.03,0.193,1366.0,1.0,0.0065885797950219,0.0058565153733528,0.0131771595900439
0.0,0.0,1.0,0.0,0.0,0.0,0.0,0.0,0.0,0.0,0.0,0.0,0.0,0.0,0.0,0.0,0.0,0.0,0.0,0.0,0.0,0.0,0.0,0.0,0.0,0.0,1.0,-91.42,173.13,124.8,1.03,0.193,1366.0,1.0,0.0058565153733528,0.0095168374816983,0.0161054172767203
0.0,0.0,0.0,0.0,0.0,0.0,0.0,1.0,0.0,0.0,0.0,0.0,0.0,0.0,0.0,0.0,0.0,0.0,0.0,0.0,0.0,0.0,0.0,0.0,0.0,1.0,0.0,-58.51,136.87,153.9,1.03,0.193,1366.0,1.0,0.0065885797950219,0.0058565153733528,0.0131771595900439
1.0,0.0,0.0,0.0,0.0,0.0,0.0,0.0,0.0,0.0,0.0,0.0,0.0,0.0,0.0,0.0,0.0,0.0,0.0,0.0,0.0,0.0,0.0,0.0,0.0,1.0,0.0,-63.39,141.56,42.8,1.03,0.193,1366.0,1.0,0.0051244509516837,0.013909224011713,0.0197657393850658
0.0,0.0,0.0,0.0,0.0,0.0,0.0,0.0,0.0,0.0,0.0,0.0,0.0,1.0,0.0,0.0,0.0,0.0,0.0,0.0,0.0,0.0,0.0,0.0,1.0,0.0,0.0,-131.5,145.94,121.8,1.03,0.193,1366.0,1.0,0.0065885797950219,0.0109809663250366,0.0183016105417276
0.0,0.0,0.0,0.0,0.0,0.0,0.0,0.0,0.0,0.0,0.0,0.0,1.0,0.0,0.0,0.0,0.0,0.0,0.0,0.0,0.0,0.0,0.0,0.0,1.0,0.0,0.0,-73.76,151.61,111.7,1.03,0.193,1366.0,1.0,0.0065885797950219,0.0109809663250366,0.0183016105417276
0.0,0.0,0.0,0.0,0.0,0.0,0.0,1.0,0.0,0.0,0.0,0.0,0.0,0.0,0.0,0.0,0.0,0.0,0.0,0.0,0.0,0.0,0.0,0.0,1.0,0.0,0.0,-116.61,129.38,4.4,1.03,0.193,1366.0,1.0,0.0065885797950219,0.0109809663250366,0.0183016105417276
0.0,0.0,0.0,0.0,0.0,0.0,0.0,0.0,0.0,0.0,0.0,1.0,0.0,0.0,0.0,0.0,0.0,0.0,0.0,0.0,0.0,0.0,0.0,0.0,1.0,0.0,0.0,-161.44,101.81,93.6,1.03,0.193,1366.0,1.0,0.0065885797950219,0.0117130307467057,0.0190336749633967
0.0,0.0,0.0,0.0,0.0,0.0,0.0,0.0,0.0,0.0,1.0,0.0,0.0,0.0,0.0,0.0,0.0,0.0,0.0,0.0,0.0,0.0,0.0,0.0,1.0,0.0,0.0,-153.5,154.4,43.2,1.03,0.193,1366.0,1.0,0.0058565153733528,0.0095168374816983,0.0161054172767203
0.0,0.0,1.0,0.0,0.0,0.0,0.0,0.0,0.0,0.0,0.0,0.0,0.0,0.0,0.0,0.0,0.0,0.0,0.0,0.0,0.0,0.0,0.0,0.0,1.0,0.0,0.0,-90.17,118.22,87.3,1.03,0.193,1366.0,1.0,0.0065885797950219,0.0087847730600292,0.0161054172767203
0.0,0.0,0.0,0.0,0.0,0.0,0.0,0.0,0.0,0.0,0.0,0.0,0.0,0.0,0.0,1.0,0.0,0.0,0.0,0.0,0.0,0.0,0.0,0.0,0.0,0.0,1.0,-87.62,-1.46,25.9,1.03,0.193,1366.0,1.0,0.0058565153733528,0.0168374816983894,0.0234260614934114
0.0,0.0,0.0,0.0,0.0,0.0,0.0,0.0,0.0,0.0,0.0,0.0,0.0,0.0,0.0,1.0,0.0,0.0,0.0,0.0,0.0,0.0,0.0,0.0,0.0,0.0,1.0,-45.53,-48.57,67.7,1.03,0.193,1366.0,1.0,0.0058565153733528,0.0117130307467057,0.0183016105417276
0.0,0.0,0.0,0.0,0.0,0.0,1.0,0.0,0.0,0.0,0.0,0.0,0.0,0.0,0.0,0.0,0.0,0.0,0.0,0.0,0.0,0.0,0.0,0.0,0.0,0.0,1.0,-106.21,34.41,176.4,1.03,0.193,1366.0,1.0,0.0058565153733528,0.0109809663250366,0.0175695461200585
0.0,0.0,0.0,0.0,0.0,0.0,1.0,0.0,0.0,0.0,0.0,0.0,0.0,0.0,0.0,0.0,0.0,0.0,0.0,0.0,0.0,0.0,0.0,0.0,0.0,0.0,1.0,-127.13,142.84,101.8,1.03,0.193,1366.0,1.0,0.0058565153733528,0.0124450951683748,0.0190336749633967
0.0,0.0,0.0,0.0,0.0,0.0,0.0,0.0,0.0,0.0,0.0,0.0,0.0,0.0,0.0,1.0,0.0,0.0,0.0,0.0,0.0,0.0,0.0,0.0,0.0,1.0,0.0,-74.59,157.99,60.6,1.03,0.193,1366.0,1.0,0.0058565153733528,0.0065885797950219,0.0131771595900439
0.0,0.0,0.0,0.0,0.0,0.0,0.0,0.0,0.0,0.0,0.0,0.0,0.0,0.0,1.0,0.0,0.0,0.0,0.0,0.0,0.0,0.0,0.0,1.0,0.0,0.0,0.0,-57.43,-43.77,112.7,1.03,0.193,1366.0,1.0,0.0058565153733528,0.0124450951683748,0.0190336749633967
0.0,1.0,0.0,0.0,0.0,0.0,0.0,0.0,0.0,0.0,0.0,0.0,0.0,0.0,0.0,0.0,0.0,0.0,0.0,0.0,0.0,0.0,0.0,1.0,0.0,0.0,0.0,-67.63,-41.1,3.6,1.03,0.193,1366.0,1.0,0.0058565153733528,0.0161054172767203,0.0226939970717423
0.0,0.0,0.0,0.0,1.0,0.0,0.0,0.0,0.0,0.0,0.0,0.0,0.0,0.0,0.0,0.0,0.0,0.0,0.0,0.0,0.0,0.0,0.0,1.0,0.0,0.0,0.0,-67.37,-38.15,125.5,1.03,0.193,1366.0,1.0,0.0058565153733528,0.0146412884333821,0.0212298682284041
0.0,0.0,0.0,0.0,0.0,0.0,0.0,1.0,0.0,0.0,0.0,0.0,0.0,0.0,0.0,0.0,0.0,0.0,0.0,0.0,0.0,0.0,0.0,1.0,0.0,0.0,0.0,-62.08,-46.87,12.2,1.03,0.193,1366.0,1.0,0.0065885797950219,0.0117130307467057,0.0190336749633967
0.0,0.0,0.0,0.0,0.0,0.0,0.0,0.0,0.0,0.0,0.0,0.0,0.0,0.0,0.0,1.0,0.0,0.0,0.0,0.0,0.0,0.0,0.0,1.0,0.0,0.0,0.0,-63.15,-42.41,0.6,1.03,0.193,1366.0,1.0,0.0058565153733528,0.0161054172767203,0.0226939970717423
0.0,0.0,1.0,0.0,0.0,0.0,0.0,0.0,0.0,0.0,0.0,0.0,0.0,0.0,0.0,0.0,0.0,0.0,0.0,0.0,0.0,0.0,0.0,1.0,0.0,0.0,0.0,-60.22,-41.14,44.1,1.03,0.193,1366.0,1.0,0.0065885797950219,0.013909224011713,0.0212298682284041
0.0,0.0,0.0,0.0,0.0,0.0,0.0,0.0,0.0,0.0,0.0,0.0,0.0,0.0,0.0,0.0,0.0,0.0,0.0,1.0,0.0,0.0,0.0,1.0,0.0,0.0,0.0,-59.74,-49.75,76.3,1.03,0.193,1366.0,1.0,0.0058565153733528,0.0146412884333821,0.0212298682284041
0.0,0.0,0.0,0.0,0.0,0.0,0.0,0.0,0.0,1.0,0.0,0.0,0.0,0.0,0.0,0.0,0.0,0.0,0.0,0.0,0.0,0.0,0.0,1.0,0.0,0.0,0.0,-67.39,-40.39,0.2,1.03,0.193,1366.0,1.0,0.0058565153733528,0.0168374816983894,0.0234260614934114
0.0,0.0,0.0,0.0,0.0,0.0,0.0,0.0,0.0,0.0,0.0,0.0,0.0,0.0,0.0,0.0,0.0,0.0,1.0,0.0,0.0,0.0,0.0,1.0,0.0,0.0,0.0,-65.47,-25.42,16.9,1.03,0.193,1366.0,1.0,0.0058565153733528,0.0153733528550512,0.0219619326500732
0.0,0.0,0.0,0.0,0.0,0.0,0.0,0.0,0.0,0.0,0.0,0.0,0.0,0.0,0.0,1.0,0.0,0.0,0.0,0.0,0.0,0.0,0.0,1.0,0.0,0.0,0.0,-62.82,-20.19,88.4,1.03,0.193,1366.0,1.0,0.0058565153733528,0.0095168374816983,0.0161054172767203
0.0,0.0,0.0,0.0,0.0,0.0,0.0,0.0,0.0,1.0,0.0,0.0,0.0,0.0,0.0,0.0,0.0,0.0,0.0,0.0,0.0,0.0,0.0,1.0,0.0,0.0,0.0,-75.1,-19.24,41.4,1.03,0.193,1366.0,1.0,0.0058565153733528,0.0131771595900439,0.0197657393850658
0.0,0.0,0.0,0.0,0.0,0.0,0.0,0.0,0.0,0.0,0.0,0.0,0.0,0.0,0.0,0.0,0.0,1.0,0.0,0.0,0.0,0.0,0.0,0.0,0.0,1.0,0.0,-95.27,113.88,6.7,1.03,0.193,1366.0,1.0,0.007320644216691,0.0095168374816983,0.0175695461200585
0.0,0.0,0.0,0.0,0.0,0.0,0.0,0.0,0.0,0.0,0.0,0.0,1.0,0.0,0.0,0.0,0.0,0.0,0.0,0.0,0.0,0.0,0.0,0.0,0.0,1.0,0.0,-66.64,149.26,53.5,1.03,0.193,1366.0,1.0,0.0065885797950219,0.0080527086383601,0.0153733528550512
0.0,0.0,0.0,0.0,0.0,0.0,0.0,0.0,0.0,0.0,0.0,0.0,0.0,0.0,0.0,0.0,1.0,0.0,0.0,0.0,0.0,0.0,0.0,0.0,0.0,1.0,0.0,-110.78,-3.92,44.4,1.03,0.193,1366.0,1.0,0.0065885797950219,0.0109809663250366,0.0183016105417276
1.0,0.0,0.0,0.0,0.0,0.0,0.0,0.0,0.0,0.0,0.0,0.0,0.0,0.0,0.0,0.0,0.0,0.0,0.0,0.0,0.0,0.0,0.0,0.0,0.0,1.0,0.0,-66.29,130.04,83.5,1.03,0.193,1366.0,1.0,0.0051244509516837,0.007320644216691,0.0131771595900439
0.0,0.0,0.0,0.0,0.0,0.0,0.0,0.0,0.0,0.0,0.0,0.0,0.0,0.0,0.0,0.0,0.0,0.0,1.0,0.0,0.0,0.0,0.0,0.0,0.0,1.0,0.0,-164.66,360.0,76.8,1.03,0.193,1366.0,1.0,0.0051244509516837,0.0080527086383601,0.013909224011713
