0.0,0.0,0.0,0.0,0.0,1.0,0.0,0.0,0.0,0.0,0.0,0.0,0.0,0.0,0.0,0.0,0.0,0.0,0.0,0.0,0.0,0.0,0.0,0.0,0.0,1.0,0.0,360.0,-40.03,65.6,1.25,0.158,2733.0,1.0,0.0014635931211123,0.0051225759238931,0.0069520673252835
1.0,0.0,0.0,0.0,0.0,0.0,0.0,0.0,0.0,0.0,0.0,0.0,0.0,0.0,0.0,0.0,0.0,0.0,0.0,0.0,0.0,0.0,0.0,0.0,0.0,1.0,0.0,-66.4,140.98,13.0,1.25,0.158,2733.0,1.0,0.0025612879619465,0.0058543724844493,0.0087815587266739
0.0,0.0,1.0,0.0,0.0,0.0,0.0,0.0,0.0,0.0,0.0,0.0,0.0,0.0,0.0,0.0,0.0,0.0,0.0,0.0,0.0,0.0,0.0,0.0,0.0,1.0,0.0,-62.23,153.3,108.6,1.25,0.158,2733.0,1.0,0.0032930845225027,0.0043907793633369,0.0080497621661178
1.0,0.0,0.0,0.0,0.0,0.0,0.0,0.0,0.0,0.0,0.0,0.0,0.0,0.0,0.0,0.0,0.0,0.0,0.0,0.0,0.0,0.0,0.0,1.0,0.0,0.0,0.0,-52.7,-40.5,84.6,1.25,0.158,2733.0,1.0,0.0025612879619465,0.0043907793633369,0.0073179656055616
1.0,0.0,0.0,0.0,0.0,0.0,0.0,0.0,0.0,0.0,0.0,0.0,0.0,0.0,0.0,0.0,0.0,0.0,0.0,0.0,0.0,0.0,0.0,1.0,0.0,0.0,0.0,-65.25,-35.72,49.6,1.25,0.158,2733.0,1.0,0.0025612879619465,0.004756677643615,0.0076838638858397
0.0,0.0,0.0,0.0,0.0,0.0,0.0,0.0,0.0,0.0,0.0,0.0,0.0,0.0,0.0,0.0,0.0,1.0,0.0,0.0,0.0,0.0,0.0,1.0,0.0,0.0,0.0,-67.54,-45.04,29.1,1.25,0.158,2733.0,1.0,0.0032930845225027,0.0054884742041712,0.009147457006952
0.0,0.0,0.0,0.0,0.0,0.0,0.0,1.0,0.0,0.0,0.0,0.0,0.0,0.0,0.0,0.0,0.0,0.0,0.0,0.0,0.0,0.0,0.0,1.0,0.0,0.0,0.0,-60.32,-39.62,42.9,1.25,0.158,2733.0,1.0,0.0032930845225027,0.0073179656055616,0.0109769484083424
0.0,0.0,0.0,1.0,0.0,0.0,0.0,0.0,0.0,0.0,0.0,0.0,0.0,0.0,0.0,0.0,0.0,0.0,0.0,0.0,0.0,0.0,0.0,1.0,0.0,0.0,0.0,-59.81,-43.55,139.6,1.25,0.158,2733.0,1.0,0.0029271862422246,0.0069520673252835,0.0102451518477863
0.0,0.0,0.0,0.0,0.0,0.0,0.0,0.0,1.0,0.0,0.0,0.0,0.0,0.0,0.0,0.0,0.0,0.0,0.0,0.0,0.0,0.0,0.0,1.0,0.0,0.0,0.0,-65.96,-37.01,122.5,1.25,0.158,2733.0,1.0,0.0029271862422246,0.0062202707647274,0.0095133552872301
0.0,0.0,0.0,0.0,0.0,0.0,0.0,0.0,0.0,1.0,0.0,0.0,0.0,0.0,0.0,0.0,0.0,0.0,0.0,0.0,0.0,0.0,0.0,1.0,0.0,0.0,0.0,-63.88,-41.43,0.2,1.25,0.158,2733.0,1.0,0.0029271862422246,0.0076838638858397,0.0109769484083424
0.0,0.0,0.0,1.0,0.0,0.0,0.0,0.0,0.0,0.0,0.0,0.0,0.0,0.0,0.0,0.0,0.0,0.0,0.0,0.0,0.0,0.0,0.0,1.0,0.0,0.0,0.0,-63.79,-42.3,59.5,1.25,0.158,2733.0,1.0,0.0029271862422246,0.0080497621661178,0.0113428466886205
1.0,0.0,0.0,0.0,0.0,0.0,0.0,0.0,0.0,0.0,0.0,0.0,0.0,0.0,0.0,0.0,0.0,0.0,0.0,0.0,0.0,0.0,0.0,1.0,0.0,0.0,0.0,-60.99,-42.51,50.7,1.25,0.158,2733.0,1.0,0.0025612879619465,0.0062202707647274,0.009147457006952
0.0,0.0,0.0,0.0,0.0,1.0,0.0,0.0,0.0,0.0,0.0,0.0,0.0,0.0,0.0,0.0,0.0,0.0,0.0,0.0,0.0,0.0,0.0,1.0,0.0,0.0,0.0,-66.29,-39.56,4.8,1.25,0.158,2733.0,1.0,0.0021953896816684,0.0069520673252835,0.0095133552872301
0.0,0.0,0.0,0.0,1.0,0.0,0.0,0.0,0.0,0.0,0.0,0.0,0.0,0.0,0.0,0.0,0.0,0.0,0.0,0.0,0.0,0.0,0.0,1.0,0.0,0.0,0.0,-61.73,-42.65,13.6,1.25,0.158,2733.0,1.0,0.0029271862422246,0.0080497621661178,0.0113428466886205
0.0,0.0,0.0,0.0,0.0,0.0,0.0,0.0,1.0,0.0,0.0,0.0,0.0,0.0,0.0,0.0,0.0,0.0,0.0,0.0,0.0,0.0,0.0,1.0,0.0,0.0,0.0,-59.66,-39.1,130.8,1.25,0.158,2733.0,0.5,0.0029271862422246,0.0062202707647274,0.0095133552872301
0.0,0.0,0.0,0.0,0.0,0.0,0.0,0.0,1.0,0.0,0.0,0.0,0.0,0.0,0.0,0.0,0.0,0.0,0.0,0.0,0.0,0.0,0.0,1.0,0.0,0.0,0.0,-67.21,-46.22,79.5,1.25,0.158,2733.0,1.0,0.0029271862422246,0.0054884742041712,0.0087815587266739
0.0,0.0,0.0,0.0,0.0,0.0,0.0,0.0,0.0,1.0,0.0,0.0,0.0,0.0,0.0,0.0,0.0,0.0,0.0,0.0,0.0,0.0,0.0,1.0,0.0,0.0,0.0,-57.72,-53.69,4.6,1.25,0.158,2733.0,1.0,0.0029271862422246,0.0073179656055616,0.0106110501280643
0.0,0.0,0.0,1.0,0.0,0.0,0.0,0.0,0.0,0.0,0.0,0.0,0.0,0.0,0.0,0.0,0.0,0.0,0.0,0.0,0.0,0.0,0.0,1.0,0.0,0.0,0.0,-58.72,-35.83,120.8,1.25,0.158,2733.0,1.0,0.0029271862422246,0.0058543724844493,0.009147457006952
1.0,0.0,0.0,0.0,0.0,0.0,0.0,0.0,0.0,0.0,0.0,0.0,0.0,0.0,0.0,0.0,0.0,0.0,0.0,0.0,0.0,0.0,0.0,1.0,0.0,0.0,0.0,-74.6,-26.29,67.0,1.25,0.158,2733.0,1.0,0.0025612879619465,0.0051225759238931,0.0080497621661178
1.0,0.0,0.0,0.0,0.0,0.0,0.0,0.0,0.0,0.0,0.0,0.0,0.0,0.0,0.0,0.0,0.0,0.0,0.0,0.0,0.0,0.0,0.0,0.0,0.0,0.0,1.0,-81.1,85.74,12.9,1.25,0.158,2733.0,1.0,0.0025612879619465,0.0073179656055616,0.0102451518477863
0.0,0.0,0.0,0.0,0.0,0.0,0.0,0.0,0.0,0.0,0.0,0.0,0.0,0.0,0.0,0.0,1.0,0.0,0.0,0.0,0.0,0.0,0.0,0.0,0.0,0.0,1.0,-73.44,-25.53,125.4,1.25,0.158,2733.0,1.0,0.0032930845225027,0.004756677643615,0.0084156604463959
0.0,0.0,1.0,0.0,0.0,0.0,0.0,0.0,0.0,0.0,0.0,0.0,0.0,0.0,0.0,0.0,0.0,0.0,0.0,0.0,0.0,0.0,0.0,0.0,0.0,0.0,1.0,-91.36,3.21,123.1,1.25,0.158,2733.0,1.0,0.0032930845225027,0.0043907793633369,0.0080497621661178
0.0,1.0,0.0,0.0,0.0,0.0,0.0,0.0,0.0,0.0,0.0,0.0,0.0,0.0,0.0,0.0,0.0,0.0,0.0,0.0,0.0,0.0,0.0,0.0,0.0,0.0,1.0,-66.38,129.32,14.1,1.25,0.158,2733.0,1.0,0.0029271862422246,0.0065861690450054,0.0098792535675082
0.0,0.0,0.0,0.0,0.0,0.0,0.0,0.0,1.0,0.0,0.0,0.0,0.0,0.0,0.0,0.0,0.0,0.0,0.0,0.0,0.0,0.0,0.0,0.0,0.0,1.0,0.0,-111.15,14.99,181.8,1.25,0.158,2733.0,1.0,0.0029271862422246,0.0040248810830589,0.0073179656055616
0.0,0.0,0.0,0.0,0.0,0.0,0.0,0.0,0.0,0.0,0.0,0.0,0.0,0.0,0.0,1.0,0.0,0.0,0.0,0.0,0.0,0.0,0.0,0.0,0.0,1.0,0.0,-70.52,153.85,1.6,1.25,0.158,2733.0,1.0,0.0029271862422246,0.0065861690450054,0.0098792535675082
0.0,0.0,0.0,0.0,0.0,0.0,0.0,0.0,0.0,1.0,0.0,0.0,0.0,0.0,0.0,0.0,0.0,0.0,0.0,0.0,0.0,0.0,0.0,1.0,0.0,0.0,0.0,-64.5,-30.68,18.8,1.25,0.158,2733.0,1.0,0.0029271862422246,0.0080497621661178,0.0113428466886205
0.0,0.0,0.0,0.0,0.0,0.0,0.0,0.0,0.0,1.0,0.0,0.0,0.0,0.0,0.0,0.0,0.0,0.0,0.0,0.0,0.0,0.0,0.0,1.0,0.0,0.0,0.0,-57.59,-51.27,0.0,1.25,0.158,2733.0,1.0,0.0029271862422246,0.0069520673252835,0.0102451518477863
0.0,0.0,0.0,0.0,0.0,0.0,0.0,0.0,1.0,0.0,0.0,0.0,0.0,0.0,0.0,0.0,0.0,0.0,0.0,0.0,0.0,0.0,0.0,1.0,0.0,0.0,0.0,-62.66,-38.95,53.4,1.25,0.158,2733.0,1.0,0.0029271862422246,0.0069520673252835,0.0102451518477863
0.0,0.0,0.0,0.0,0.0,0.0,0.0,0.0,1.0,0.0,0.0,0.0,0.0,0.0,0.0,0.0,0.0,0.0,0.0,0.0,0.0,0.0,0.0,1.0,0.0,0.0,0.0,-62.22,-40.22,122.5,1.25,0.158,2733.0,1.0,0.0029271862422246,0.0062202707647274,0.0095133552872301
0.0,0.0,0.0,0.0,0.0,0.0,0.0,0.0,0.0,0.0,0.0,0.0,0.0,0.0,0.0,0.0,0.0,0.0,0.0,1.0,0.0,0.0,0.0,1.0,0.0,0.0,0.0,-106.45,-10.43,58.6,1.25,0.158,2733.0,1.0,0.0029271862422246,0.0069520673252835,0.0102451518477863
0.0,0.0,0.0,0.0,0.0,0.0,0.0,0.0,0.0,1.0,0.0,0.0,0.0,0.0,0.0,0.0,0.0,0.0,0.0,0.0,0.0,0.0,0.0,0.0,0.0,1.0,0.0,-85.23,71.23,6.4,1.25,0.158,2733.0,1.0,0.0029271862422246,0.0065861690450054,0.0098792535675082
0.0,0.0,0.0,0.0,0.0,0.0,0.0,0.0,0.0,0.0,0.0,0.0,0.0,0.0,0.0,0.0,1.0,0.0,0.0,0.0,0.0,0.0,0.0,0.0,0.0,1.0,0.0,-73.39,166.18,63.2,1.25,0.158,2733.0,1.0,0.0032930845225027,0.0043907793633369,0.0080497621661178
0.0,0.0,0.0,0.0,0.0,0.0,0.0,0.0,1.0,0.0,0.0,0.0,0.0,0.0,0.0,0.0,0.0,0.0,0.0,0.0,0.0,0.0,0.0,1.0,0.0,0.0,0.0,-62.91,-34.06,114.6,1.25,0.158,2733.0,1.0,0.0029271862422246,0.0065861690450054,0.0098792535675082
0.0,0.0,0.0,1.0,0.0,0.0,0.0,0.0,0.0,0.0,0.0,0.0,0.0,0.0,0.0,0.0,0.0,0.0,0.0,0.0,0.0,0.0,0.0,1.0,0.0,0.0,0.0,-65.73,-43.5,112.0,1.25,0.158,2733.0,1.0,0.0029271862422246,0.0062202707647274,0.0095133552872301
0.0,0.0,0.0,0.0,0.0,0.0,0.0,0.0,0.0,0.0,0.0,0.0,0.0,0.0,0.0,0.0,0.0,1.0,0.0,0.0,0.0,0.0,0.0,1.0,0.0,0.0,0.0,-71.11,-44.06,11.6,1.25,0.158,2733.0,1.0,0.0032930845225027,0.0076838638858397,0.0113428466886205
0.0,0.0,0.0,0.0,1.0,0.0,0.0,0.0,0.0,0.0,0.0,0.0,0.0,0.0,0.0,0.0,0.0,0.0,0.0,0.0,0.0,0.0,0.0,1.0,0.0,0.0,0.0,-56.41,-51.08,0.4,1.25,0.158,2733.0,1.0,0.0029271862422246,0.0084156604463959,0.0117087449688986
0.0,0.0,1.0,0.0,0.0,0.0,0.0,0.0,0.0,0.0,0.0,0.0,0.0,0.0,0.0,0.0,0.0,0.0,0.0,0.0,0.0,0.0,0.0,1.0,0.0,0.0,0.0,-64.31,-35.25,50.5,1.25,0.158,2733.0,1.0,0.0032930845225027,0.0080497621661178,0.0117087449688986
0.0,0.0,0.0,0.0,0.0,0.0,0.0,0.0,1.0,0.0,0.0,0.0,0.0,0.0,0.0,0.0,0.0,0.0,0.0,0.0,0.0,0.0,0.0,1.0,0.0,0.0,0.0,-79.48,-18.2,89.4,1.25,0.158,2733.0,1.0,0.0029271862422246,0.0054884742041712,0.0087815587266739
0.0,0.0,0.0,0.0,0.0,0.0,0.0,0.0,0.0,1.0,0.0,0.0,0.0,0.0,0.0,0.0,0.0,0.0,0.0,0.0,0.0,0.0,0.0,1.0,0.0,0.0,0.0,-106.81,-21.08,8.0,1.25,0.158,2733.0,1.0,0.0029271862422246,0.0080497621661178,0.0113428466886205
0.0,0.0,0.0,0.0,0.0,0.0,0.0,0.0,1.0,0.0,0.0,0.0,0.0,0.0,0.0,0.0,0.0,0.0,0.0,0.0,0.0,0.0,0.0,1.0,0.0,0.0,0.0,-61.63,-27.4,37.3,1.25,0.158,2733.0,1.0,0.0029271862422246,0.0054884742041712,0.0087815587266739
0.0,0.0,1.0,0.0,0.0,0.0,0.0,0.0,0.0,0.0,0.0,0.0,0.0,0.0,0.0,0.0,0.0,0.0,0.0,0.0,0.0,0.0,0.0,0.0,0.0,1.0,0.0,-99.7,3.92,61.5,1.25,0.158,2733.0,1.0,0.0032930845225027,0.0065861690450054,0.0102451518477863
0.0,0.0,0.0,0.0,0.0,0.0,0.0,0.0,1.0,0.0,0.0,0.0,0.0,0.0,0.0,0.0,0.0,0.0,0.0,0.0,0.0,0.0,0.0,0.0,0.0,1.0,0.0,-86.28,153.88,74.6,1.25,0.158,2733.0,1.0,0.0029271862422246,0.0073179656055616,0.0106110501280643
0.0,0.0,0.0,0.0,0.0,0.0,0.0,0.0,1.0,0.0,0.0,0.0,0.0,0.0,0.0,0.0,0.0,0.0,0.0,0.0,0.0,1.0,0.0,0.0,0.0,0.0,0.0,-148.89,137.71,91.0,1.25,0.158,2733.0,1.0,0.0029271862422246,0.0065861690450054,0.0098792535675082
0.0,0.0,0.0,0.0,0.0,0.0,0.0,0.0,0.0,0.0,0.0,0.0,0.0,0.0,0.0,0.0,1.0,0.0,0.0,0.0,0.0,0.0,0.0,0.0,0.0,0.0,1.0,-71.89,164.07,3.3,1.25,0.158,2733.0,1.0,0.0032930845225027,0.0065861690450054,0.0102451518477863
0.0,0.0,0.0,0.0,0.0,0.0,0.0,0.0,0.0,0.0,0.0,0.0,0.0,0.0,0.0,1.0,0.0,0.0,0.0,0.0,0.0,0.0,0.0,0.0,0.0,0.0,1.0,-58.86,-26.08,106.3,1.25,0.158,2733.0,1.0,0.0029271862422246,0.0043907793633369,0.0076838638858397
0.0,0.0,0.0,0.0,0.0,0.0,0.0,0.0,0.0,1.0,0.0,0.0,0.0,0.0,0.0,0.0,0.0,0.0,0.0,0.0,0.0,0.0,0.0,0.0,0.0,0.0,1.0,-86.02,-12.5,94.7,1.25,0.158,2733.0,1.0,0.0029271862422246,0.004756677643615,0.0080497621661178
0.0,0.0,0.0,0.0,0.0,1.0,0.0,0.0,0.0,0.0,0.0,0.0,0.0,0.0,0.0,0.0,0.0,0.0,0.0,0.0,0.0,0.0,0.0,0.0,0.0,0.0,1.0,113.33,9.63,25.1,1.25,0.158,2733.0,1.0,0.0021953896816684,0.0065861690450054,0.009147457006952
1.0,0.0,0.0,0.0,0.0,0.0,0.0,0.0,0.0,0.0,0.0,0.0,0.0,0.0,0.0,0.0,0.0,0.0,0.0,0.0,0.0,0.0,0.0,0.0,0.0,1.0,0.0,-83.76,131.44,0.0,1.25,0.158,2733.0,1.0,0.0025612879619465,0.0076838638858397,0.0106110501280643
0.0,0.0,0.0,0.0,0.0,0.0,0.0,0.0,0.0,0.0,0.0,0.0,0.0,0.0,0.0,0.0,1.0,0.0,0.0,0.0,0.0,1.0,0.0,0.0,0.0,0.0,0.0,-107.08,175.69,8.0,1.25,0.158,2733.0,1.0,0.0032930845225027,0.0069520673252835,0.0106110501280643
0.0,0.0,0.0,0.0,0.0,0.0,0.0,0.0,0.0,1.0,0.0,0.0,0.0,0.0,0.0,0.0,0.0,0.0,0.0,0.0,0.0,0.0,0.0,1.0,0.0,0.0,0.0,-62.25,-27.91,0.0,1.25,0.158,2733.0,1.0,0.0029271862422246,0.0069520673252835,0.0102451518477863
0.0,0.0,0.0,0.0,0.0,0.0,0.0,0.0,0.0,1.0,0.0,0.0,0.0,0.0,0.0,0.0,0.0,0.0,0.0,0.0,0.0,0.0,0.0,1.0,0.0,0.0,0.0,-66.44,-34.8,25.3,1.25,0.158,2733.0,1.0,0.0029271862422246,0.0073179656055616,0.0106110501280643
0.0,0.0,1.0,0.0,0.0,0.0,0.0,0.0,0.0,0.0,0.0,0.0,0.0,0.0,0.0,0.0,0.0,0.0,0.0,0.0,0.0,0.0,0.0,1.0,0.0,0.0,0.0,-70.12,-11.85,22.7,1.25,0.158,2733.0,1.0,0.0032930845225027,0.0076838638858397,0.0113428466886205
0.0,0.0,0.0,0.0,0.0,0.0,0.0,0.0,0.0,0.0,0.0,0.0,0.0,0.0,0.0,0.0,0.0,1.0,0.0,0.0,0.0,0.0,0.0,1.0,0.0,0.0,0.0,-93.14,-50.7,1.3,1.25,0.158,2733.0,1.0,0.0032930845225027,0.0065861690450054,0.0102451518477863
0.0,0.0,0.0,0.0,0.0,0.0,0.0,1.0,0.0,0.0,0.0,0.0,0.0,0.0,0.0,0.0,0.0,0.0,0.0,0.0,0.0,0.0,0.0,1.0,0.0,0.0,0.0,-100.69,-10.24,0.4,1.25,0.158,2733.0,1.0,0.0032930845225027,0.0069520673252835,0.0106110501280643
0.0,0.0,0.0,0.0,0.0,0.0,0.0,0.0,0.0,0.0,0.0,0.0,0.0,1.0,0.0,0.0,0.0,0.0,0.0,0.0,0.0,0.0,0.0,1.0,0.0,0.0,0.0,-52.52,-42.61,25.1,1.25,0.158,2733.0,1.0,0.0029271862422246,0.0062202707647274,0.0095133552872301
0.0,0.0,0.0,0.0,0.0,0.0,0.0,0.0,0.0,0.0,0.0,0.0,0.0,0.0,0.0,1.0,0.0,0.0,0.0,0.0,0.0,0.0,0.0,1.0,0.0,0.0,0.0,-62.2,-37.19,0.4,1.25,0.158,2733.0,1.0,0.0029271862422246,0.0080497621661178,0.0113428466886205
0.0,0.0,0.0,0.0,0.0,1.0,0.0,0.0,0.0,0.0,0.0,0.0,0.0,0.0,0.0,0.0,0.0,0.0,0.0,0.0,0.0,0.0,0.0,1.0,0.0,0.0,0.0,-77.51,-22.42,0.0,1.25,0.158,2733.0,1.0,0.0021953896816684,0.0084156604463959,0.0109769484083424
0.0,0.0,0.0,0.0,0.0,0.0,0.0,0.0,0.0,0.0,0.0,0.0,0.0,0.0,0.0,0.0,0.0,1.0,0.0,0.0,0.0,0.0,0.0,1.0,0.0,0.0,0.0,-74.22,-43.47,10.0,1.25,0.158,2733.0,1.0,0.0032930845225027,0.0058543724844493,0.0095133552872301
0.0,0.0,0.0,1.0,0.0,0.0,0.0,0.0,0.0,0.0,0.0,0.0,0.0,0.0,0.0,0.0,0.0,0.0,0.0,0.0,0.0,0.0,0.0,1.0,0.0,0.0,0.0,-73.07,-36.32,121.5,1.25,0.158,2733.0,1.0,0.0029271862422246,0.0069520673252835,0.0102451518477863
0.0,0.0,0.0,0.0,0.0,0.0,0.0,0.0,0.0,0.0,0.0,1.0,0.0,0.0,0.0,0.0,0.0,0.0,0.0,0.0,0.0,0.0,0.0,0.0,0.0,0.0,1.0,-113.58,91.31,11.9,1.25,0.158,2733.0,1.0,0.0029271862422246,0.0076838638858397,0.0109769484083424
0.0,0.0,0.0,0.0,0.0,0.0,0.0,0.0,0.0,1.0,0.0,0.0,0.0,0.0,0.0,0.0,0.0,0.0,0.0,0.0,0.0,0.0,0.0,0.0,0.0,0.0,1.0,-67.08,-25.57,47.7,1.25,0.158,2733.0,1.0,0.0029271862422246,0.0051225759238931,0.0084156604463959
0.0,0.0,1.0,0.0,0.0,0.0,0.0,0.0,0.0,0.0,0.0,0.0,0.0,0.0,0.0,0.0,0.0,0.0,0.0,0.0,0.0,0.0,0.0,0.0,0.0,0.0,1.0,-78.14,4.9,100.9,1.25,0.158,2733.0,1.0,0.0032930845225027,0.0036589828027808,0.0073179656055616
0.0,0.0,0.0,0.0,0.0,0.0,0.0,0.0,0.0,0.0,0.0,0.0,0.0,0.0,0.0,1.0,0.0,0.0,0.0,0.0,0.0,0.0,0.0,0.0,0.0,0.0,1.0,-55.21,142.94,8.9,1.25,0.158,2733.0,1.0,0.0029271862422246,0.0062202707647274,0.0095133552872301
0.0,0.0,0.0,0.0,0.0,1.0,0.0,0.0,0.0,0.0,0.0,0.0,0.0,0.0,0.0,0.0,0.0,0.0,0.0,0.0,0.0,0.0,0.0,0.0,0.0,0.0,1.0,-73.07,-42.84,56.9,1.25,0.158,2733.0,1.0,0.0021953896816684,0.0036589828027808,0.0062202707647274
0.0,0.0,0.0,0.0,0.0,0.0,0.0,0.0,0.0,0.0,0.0,0.0,0.0,0.0,0.0,0.0,0.0,1.0,0.0,0.0,0.0,0.0,0.0,0.0,0.0,0.0,1.0,-107.17,-73.04,18.0,1.25,0.158,2733.0,1.0,0.0032930845225027,0.0054884742041712,0.009147457006952
0.0,0.0,0.0,0.0,0.0,1.0,0.0,0.0,0.0,0.0,0.0,0.0,0.0,0.0,0.0,0.0,0.0,0.0,0.0,0.0,0.0,0.0,0.0,0.0,0.0,0.0,1.0,100.42,7.17,6.4,1.25,0.158,2733.0,1.0,0.0021953896816684,0.0062202707647274,0.0087815587266739
0.0,0.0,0.0,0.0,0.0,0.0,0.0,1.0,0.0,0.0,0.0,0.0,0.0,0.0,0.0,0.0,0.0,0.0,0.0,0.0,0.0,0.0,0.0,0.0,0.0,1.0,0.0,-132.29,155.05,0.8,1.25,0.158,2733.0,1.0,0.0032930845225027,0.0051225759238931,0.0087815587266739
0.0,0.0,0.0,0.0,0.0,0.0,0.0,0.0,0.0,0.0,0.0,0.0,0.0,0.0,0.0,0.0,0.0,0.0,0.0,1.0,0.0,0.0,0.0,0.0,0.0,1.0,0.0,-137.08,158.62,28.7,1.25,0.158,2733.0,1.0,0.0029271862422246,0.0076838638858397,0.0109769484083424
1.0,0.0,0.0,0.0,0.0,0.0,0.0,0.0,0.0,0.0,0.0,0.0,0.0,0.0,0.0,0.0,0.0,0.0,0.0,0.0,0.0,0.0,0.0,0.0,0.0,0.0,1.0,-93.8,124.96,0.0,1.25,0.158,2733.0,1.0,0.0029271862422246,0.0076838638858397,0.0109769484083424
0.0,0.0,0.0,0.0,0.0,0.0,0.0,0.0,0.0,0.0,0.0,0.0,1.0,0.0,0.0,0.0,0.0,0.0,0.0,0.0,0.0,0.0,0.0,0.0,0.0,0.0,1.0,-82.81,-26.51,0.0,1.25,0.158,2733.0,1.0,0.0032930845225027,0.0058543724844493,0.0095133552872301
0.0,0.0,1.0,0.0,0.0,0.0,0.0,0.0,0.0,0.0,0.0,0.0,0.0,0.0,0.0,0.0,0.0,0.0,0.0,0.0,0.0,0.0,0.0,0.0,0.0,0.0,1.0,-153.88,169.27,6.0,1.25,0.158,2733.0,1.0,0.0032930845225027,0.0087815587266739,0.0124405415294548
1.0,0.0,0.0,0.0,0.0,0.0,0.0,0.0,0.0,0.0,0.0,0.0,0.0,0.0,0.0,0.0,0.0,0.0,0.0,0.0,0.0,0.0,0.0,1.0,0.0,0.0,0.0,-63.51,-37.73,37.3,1.25,0.158,2733.0,1.0,0.0025612879619465,0.0058543724844493,0.0087815587266739
0.0,0.0,0.0,1.0,0.0,0.0,0.0,0.0,0.0,0.0,0.0,0.0,0.0,0.0,0.0,0.0,0.0,0.0,0.0,0.0,0.0,0.0,0.0,1.0,0.0,0.0,0.0,-60.13,-31.63,76.2,1.25,0.158,2733.0,1.0,0.0029271862422246,0.0069520673252835,0.0102451518477863
1.0,0.0,0.0,0.0,0.0,0.0,0.0,0.0,0.0,0.0,0.0,0.0,0.0,0.0,0.0,0.0,0.0,0.0,0.0,0.0,0.0,0.0,0.0,1.0,0.0,0.0,0.0,-54.43,-34.11,0.0,1.25,0.158,2733.0,1.0,0.0025612879619465,0.0076838638858397,0.0106110501280643
0.0,0.0,0.0,0.0,0.0,0.0,0.0,0.0,0.0,0.0,0.0,0.0,0.0,0.0,0.0,0.0,0.0,0.0,0.0,1.0,0.0,0.0,0.0,1.0,0.0,0.0,0.0,-61.68,-31.83,4.9,1.25,0.158,2733.0,1.0,0.0029271862422246,0.0073179656055616,0.0106110501280643
0.0,0.0,0.0,0.0,0.0,0.0,0.0,0.0,0.0,0.0,0.0,0.0,0.0,0.0,0.0,0.0,1.0,0.0,0.0,0.0,0.0,0.0,0.0,1.0,0.0,0.0,0.0,-82.99,-54.86,97.8,1.25,0.158,2733.0,1.0,0.0032930845225027,0.0051225759238931,0.0087815587266739
0.0,0.0,0.0,0.0,0.0,0.0,0.0,0.0,0.0,1.0,0.0,0.0,0.0,0.0,0.0,0.0,0.0,0.0,0.0,0.0,0.0,0.0,0.0,1.0,0.0,0.0,0.0,-61.23,-39.83,54.3,1.25,0.158,2733.0,1.0,0.0029271862422246,0.0054884742041712,0.0087815587266739
0.0,0.0,0.0,0.0,1.0,0.0,0.0,0.0,0.0,0.0,0.0,0.0,0.0,0.0,0.0,0.0,0.0,0.0,0.0,0.0,0.0,0.0,0.0,1.0,0.0,0.0,0.0,-102.23,24.39,0.0,1.25,0.158,2733.0,1.0,0.0029271862422246,0.0087815587266739,0.0120746432491767
1.0,0.0,0.0,0.0,0.0,0.0,0.0,0.0,0.0,0.0,0.0,0.0,0.0,0.0,0.0,0.0,0.0,0.0,0.0,0.0,0.0,0.0,0.0,1.0,0.0,0.0,0.0,-51.25,-35.43,18.4,1.25,0.158,2733.0,1.0,0.0025612879619465,0.009147457006952,0.0120746432491767
0.0,0.0,0.0,0.0,0.0,0.0,0.0,0.0,0.0,0.0,0.0,0.0,1.0,0.0,0.0,0.0,0.0,0.0,0.0,0.0,0.0,0.0,0.0,1.0,0.0,0.0,0.0,-62.74,-21.89,48.7,1.25,0.158,2733.0,1.0,0.0032930845225027,0.0043907793633369,0.0080497621661178
0.0,0.0,0.0,0.0,0.0,0.0,0.0,0.0,0.0,1.0,0.0,0.0,0.0,0.0,0.0,0.0,0.0,0.0,0.0,0.0,0.0,0.0,0.0,1.0,0.0,0.0,0.0,-95.84,-46.31,0.0,1.25,0.158,2733.0,1.0,0.0029271862422246,0.0062202707647274,0.0095133552872301
0.0,0.0,0.0,0.0,1.0,0.0,0.0,0.0,0.0,0.0,0.0,0.0,0.0,0.0,0.0,0.0,0.0,0.0,0.0,0.0,0.0,0.0,0.0,1.0,0.0,0.0,0.0,-60.7,-44.48,0.0,1.25,0.158,2733.0,1.0,0.0029271862422246,0.0087815587266739,0.0120746432491767
0.0,0.0,1.0,0.0,0.0,0.0,0.0,0.0,0.0,0.0,0.0,0.0,0.0,0.0,0.0,0.0,0.0,0.0,0.0,0.0,0.0,0.0,0.0,1.0,0.0,0.0,0.0,-60.1,-49.49,69.4,1.25,0.158,2733.0,1.0,0.0032930845225027,0.0069520673252835,0.0106110501280643
0.0,0.0,0.0,0.0,0.0,0.0,0.0,0.0,0.0,0.0,0.0,0.0,1.0,0.0,0.0,0.0,0.0,0.0,0.0,0.0,0.0,0.0,0.0,1.0,0.0,0.0,0.0,-69.26,-31.38,34.1,1.25,0.158,2733.0,1.0,0.0032930845225027,0.0073179656055616,0.0109769484083424
0.0,0.0,0.0,0.0,0.0,0.0,0.0,1.0,0.0,0.0,0.0,0.0,0.0,0.0,0.0,0.0,0.0,0.0,0.0,0.0,0.0,0.0,0.0,1.0,0.0,0.0,0.0,-65.64,-42.1,1.2,1.25,0.158,2733.0,1.0,0.0032930845225027,0.0076838638858397,0.0113428466886205
0.0,0.0,0.0,0.0,0.0,0.0,0.0,1.0,0.0,0.0,0.0,0.0,0.0,0.0,0.0,0.0,0.0,0.0,0.0,0.0,0.0,0.0,0.0,1.0,0.0,0.0,0.0,-61.81,-40.52,1.4,1.25,0.158,2733.0,1.0,0.0032930845225027,0.0069520673252835,0.0106110501280643
0.0,0.0,0.0,1.0,0.0,0.0,0.0,0.0,0.0,0.0,0.0,0.0,0.0,0.0,0.0,0.0,0.0,0.0,0.0,0.0,0.0,0.0,0.0,1.0,0.0,0.0,0.0,-71.14,-31.15,102.4,1.25,0.158,2733.0,0.54,0.0029271862422246,0.0073179656055616,0.0106110501280643
0.0,0.0,1.0,0.0,0.0,0.0,0.0,0.0,0.0,0.0,0.0,0.0,0.0,0.0,0.0,0.0,0.0,0.0,0.0,0.0,0.0,0.0,0.0,1.0,0.0,0.0,0.0,-76.48,-47.31,47.5,1.25,0.158,2733.0,1.0,0.0032930845225027,0.0054884742041712,0.009147457006952
0.0,0.0,0.0,0.0,0.0,0.0,0.0,0.0,0.0,0.0,0.0,0.0,0.0,0.0,0.0,0.0,0.0,0.0,0.0,1.0,0.0,0.0,0.0,1.0,0.0,0.0,0.0,-67.98,-49.15,82.3,1.25,0.158,2733.0,1.0,0.0029271862422246,0.0076838638858397,0.0109769484083424
0.0,0.0,0.0,0.0,0.0,0.0,1.0,0.0,0.0,0.0,0.0,0.0,0.0,0.0,0.0,0.0,0.0,0.0,0.0,0.0,0.0,0.0,0.0,0.0,0.0,0.0,1.0,-91.83,70.08,10.4,1.25,0.158,2733.0,1.0,0.0029271862422246,0.0076838638858397,0.0109769484083424
0.0,0.0,0.0,0.0,0.0,0.0,0.0,0.0,0.0,0.0,0.0,0.0,0.0,0.0,0.0,0.0,0.0,1.0,0.0,0.0,0.0,0.0,0.0,0.0,0.0,0.0,1.0,-52.31,131.17,95.5,1.25,0.158,2733.0,1.0,0.0032930845225027,0.0036589828027808,0.0073179656055616
0.0,0.0,0.0,0.0,0.0,1.0,0.0,0.0,0.0,0.0,0.0,0.0,0.0,0.0,0.0,0.0,0.0,0.0,0.0,0.0,0.0,0.0,0.0,0.0,0.0,0.0,1.0,98.96,-17.55,39.7,1.25,0.158,2733.0,1.0,0.0021953896816684,0.0040248810830589,0.0065861690450054
0.0,0.0,0.0,0.0,1.0,0.0,0.0,0.0,0.0,0.0,0.0,0.0,0.0,0.0,0.0,0.0,0.0,0.0,0.0,0.0,0.0,0.0,0.0,0.0,0.0,0.0,1.0,-93.58,97.9,1.6,1.25,0.158,2733.0,1.0,0.0029271862422246,0.0069520673252835,0.0102451518477863
0.0,0.0,0.0,0.0,0.0,0.0,0.0,0.0,1.0,0.0,0.0,0.0,0.0,0.0,0.0,0.0,0.0,0.0,0.0,0.0,0.0,0.0,0.0,0.0,0.0,0.0,1.0,-84.38,162.57,110.4,1.25,0.158,2733.0,1.0,0.0029271862422246,0.0062202707647274,0.0095133552872301
0.0,0.0,0.0,0.0,0.0,0.0,0.0,0.0,0.0,0.0,0.0,0.0,0.0,1.0,0.0,0.0,0.0,0.0,0.0,0.0,0.0,0.0,0.0,0.0,0.0,0.0,1.0,-52.14,-42.27,145.9,1.25,0.158,2733.0,1.0,0.0029271862422246,0.0054884742041712,0.0087815587266739
0.0,0.0,0.0,0.0,0.0,0.0,0.0,0.0,0.0,0.0,0.0,0.0,0.0,0.0,0.0,0.0,1.0,0.0,0.0,0.0,0.0,0.0,0.0,0.0,0.0,0.0,1.0,-87.1,-1.32,109.8,1.25,0.158,2733.0,1.0,0.0032930845225027,0.0036589828027808,0.0073179656055616
0.0,0.0,1.0,0.0,0.0,0.0,0.0,0.0,0.0,0.0,0.0,0.0,0.0,0.0,0.0,0.0,0.0,0.0,0.0,0.0,0.0,0.0,0.0,0.0,0.0,0.0,1.0,-80.71,150.23,43.0,1.25,0.158,2733.0,1.0,0.0032930845225027,0.0062202707647274,0.0098792535675082
0.0,0.0,0.0,0.0,0.0,0.0,0.0,0.0,1.0,0.0,0.0,0.0,0.0,0.0,0.0,0.0,0.0,0.0,0.0,0.0,0.0,0.0,0.0,0.0,0.0,1.0,0.0,-114.84,140.34,126.9,1.25,0.158,2733.0,1.0,0.0029271862422246,0.0062202707647274,0.0095133552872301
0.0,0.0,0.0,0.0,0.0,0.0,1.0,0.0,0.0,0.0,0.0,0.0,0.0,0.0,0.0,0.0,0.0,0.0,0.0,0.0,0.0,0.0,0.0,0.0,0.0,1.0,0.0,-69.68,135.83,6.5,1.25,0.158,2733.0,1.0,0.0029271862422246,0.0076838638858397,0.0109769484083424
0.0,0.0,0.0,0.0,0.0,0.0,0.0,0.0,0.0,0.0,0.0,0.0,1.0,0.0,0.0,0.0,0.0,0.0,0.0,0.0,0.0,0.0,0.0,0.0,0.0,1.0,0.0,-67.5,151.54,42.0,1.25,0.158,2733.0,1.0,0.0032930845225027,0.0043907793633369,0.0080497621661178
0.0,0.0,0.0,0.0,0.0,0.0,0.0,0.0,0.0,0.0,0.0,1.0,0.0,0.0,0.0,0.0,0.0,0.0,0.0,0.0,0.0,0.0,0.0,0.0,0.0,1.0,0.0,-66.78,160.17,116.0,1.25,0.158,2733.0,1.0,0.0032930845225027,0.0040248810830589,0.0076838638858397
0.0,0.0,0.0,0.0,0.0,0.0,0.0,0.0,1.0,0.0,0.0,0.0,0.0,0.0,0.0,0.0,0.0,0.0,0.0,0.0,0.0,0.0,0.0,0.0,0.0,1.0,0.0,-47.44,131.33,65.4,1.25,0.158,2733.0,1.0,0.0029271862422246,0.0054884742041712,0.0087815587266739
0.0,0.0,1.0,0.0,0.0,0.0,0.0,0.0,0.0,0.0,0.0,0.0,0.0,0.0,0.0,0.0,0.0,0.0,0.0,0.0,0.0,0.0,0.0,0.0,0.0,1.0,0.0,-156.17,105.32,82.5,1.25,0.158,2733.0,1.0,0.0032930845225027,0.0054884742041712,0.009147457006952
0.0,0.0,0.0,0.0,1.0,0.0,0.0,0.0,0.0,0.0,0.0,0.0,0.0,0.0,0.0,0.0,0.0,0.0,0.0,0.0,0.0,0.0,0.0,0.0,0.0,0.0,1.0,-78.12,-12.91,19.2,1.25,0.158,2733.0,1.0,0.0032930845225027,0.0073179656055616,0.0109769484083424
0.0,0.0,0.0,0.0,0.0,1.0,0.0,0.0,0.0,0.0,0.0,0.0,0.0,0.0,0.0,0.0,0.0,0.0,0.0,0.0,0.0,0.0,0.0,0.0,0.0,0.0,1.0,62.68,-152.03,35.1,1.25,0.158,2733.0,1.0,0.0021953896816684,0.0058543724844493,0.0084156604463959
0.0,0.0,1.0,0.0,0.0,0.0,0.0,0.0,0.0,0.0,0.0,0.0,0.0,0.0,0.0,0.0,0.0,0.0,0.0,0.0,0.0,0.0,0.0,0.0,0.0,0.0,1.0,-90.51,96.42,85.9,1.25,0.158,2733.0,1.0,0.0032930845225027,0.004756677643615,0.0084156604463959
0.0,0.0,0.0,0.0,0.0,0.0,0.0,0.0,0.0,0.0,0.0,0.0,0.0,0.0,0.0,0.0,0.0,1.0,0.0,0.0,0.0,0.0,0.0,0.0,0.0,0.0,1.0,-78.84,14.06,19.7,1.25,0.158,2733.0,1.0,0.0032930845225027,0.0062202707647274,0.0098792535675082
0.0,0.0,0.0,0.0,0.0,0.0,0.0,0.0,0.0,0.0,0.0,1.0,0.0,0.0,0.0,0.0,0.0,0.0,0.0,0.0,0.0,0.0,0.0,0.0,0.0,0.0,1.0,-100.68,-6.19,105.0,1.25,0.158,2733.0,1.0,0.0029271862422246,0.0058543724844493,0.009147457006952
0.0,0.0,0.0,0.0,0.0,0.0,0.0,0.0,0.0,0.0,0.0,0.0,0.0,0.0,0.0,1.0,0.0,0.0,0.0,0.0,0.0,0.0,0.0,0.0,0.0,0.0,1.0,-89.36,-15.05,51.2,1.25,0.158,2733.0,1.0,0.0029271862422246,0.004756677643615,0.0080497621661178
0.0,0.0,0.0,0.0,1.0,0.0,0.0,0.0,0.0,0.0,0.0,0.0,0.0,0.0,0.0,0.0,0.0,0.0,0.0,0.0,0.0,0.0,0.0,0.0,0.0,0.0,1.0,-78.16,144.68,13.2,1.25,0.158,2733.0,1.0,0.0029271862422246,0.0073179656055616,0.0106110501280643
0.0,0.0,0.0,0.0,0.0,0.0,0.0,0.0,0.0,0.0,0.0,0.0,0.0,0.0,0.0,0.0,0.0,1.0,0.0,0.0,0.0,0.0,0.0,0.0,0.0,1.0,0.0,-107.93,173.44,62.0,1.25,0.158,2733.0,1.0,0.0032930845225027,0.0043907793633369,0.0080497621661178
0.0,0.0,0.0,0.0,0.0,0.0,0.0,0.0,0.0,0.0,0.0,1.0,0.0,0.0,0.0,0.0,0.0,0.0,0.0,0.0,0.0,1.0,0.0,0.0,0.0,0.0,0.0,-83.53,114.86,51.8,1.25,0.158,2733.0,1.0,0.0032930845225027,0.0073179656055616,0.0109769484083424
0.0,0.0,0.0,0.0,0.0,0.0,0.0,0.0,0.0,0.0,0.0,0.0,0.0,0.0,0.0,0.0,0.0,1.0,0.0,0.0,0.0,0.0,0.0,0.0,0.0,0.0,1.0,-76.63,-8.69,7.6,1.25,0.158,2733.0,1.0,0.0032930845225027,0.0054884742041712,0.009147457006952
0.0,0.0,1.0,0.0,0.0,0.0,0.0,0.0,0.0,0.0,0.0,0.0,0.0,0.0,0.0,0.0,0.0,0.0,0.0,0.0,0.0,0.0,0.0,0.0,0.0,0.0,1.0,-155.97,75.07,5.9,1.25,0.158,2733.0,1.0,0.0036589828027808,0.0062202707647274,0.0102451518477863
0.0,0.0,0.0,0.0,0.0,0.0,0.0,0.0,0.0,0.0,0.0,0.0,1.0,0.0,0.0,0.0,0.0,0.0,0.0,0.0,0.0,0.0,0.0,0.0,0.0,0.0,1.0,-59.07,-33.99,88.8,1.25,0.158,2733.0,1.0,0.0032930845225027,0.0054884742041712,0.009147457006952
0.0,0.0,0.0,1.0,0.0,0.0,0.0,0.0,0.0,0.0,0.0,0.0,0.0,0.0,0.0,0.0,0.0,0.0,0.0,0.0,0.0,0.0,0.0,0.0,0.0,0.0,1.0,-75.4,-17.92,138.4,1.25,0.158,2733.0,1.0,0.0029271862422246,0.004756677643615,0.0080497621661178
0.0,0.0,0.0,0.0,0.0,1.0,0.0,0.0,0.0,0.0,0.0,0.0,0.0,0.0,0.0,0.0,0.0,0.0,0.0,0.0,0.0,0.0,0.0,0.0,0.0,0.0,1.0,69.93,33.55,45.0,1.25,0.158,2733.0,1.0,0.0021953896816684,0.0058543724844493,0.0084156604463959
0.0,0.0,0.0,0.0,0.0,0.0,0.0,0.0,1.0,0.0,0.0,0.0,0.0,0.0,0.0,0.0,0.0,0.0,0.0,0.0,0.0,0.0,0.0,0.0,0.0,0.0,1.0,-81.25,-23.83,135.7,1.25,0.158,2733.0,1.0,0.0029271862422246,0.0058543724844493,0.009147457006952
0.0,0.0,0.0,0.0,1.0,0.0,0.0,0.0,0.0,0.0,0.0,0.0,0.0,0.0,0.0,0.0,0.0,0.0,0.0,0.0,0.0,0.0,0.0,0.0,0.0,0.0,1.0,-127.7,-45.65,26.7,1.25,0.158,2733.0,1.0,0.0029271862422246,0.0076838638858397,0.0109769484083424
0.0,0.0,0.0,0.0,0.0,0.0,0.0,0.0,0.0,0.0,0.0,0.0,0.0,0.0,0.0,0.0,0.0,1.0,0.0,0.0,0.0,0.0,0.0,0.0,1.0,0.0,0.0,-87.5,118.57,4.9,1.25,0.158,2733.0,1.0,0.0032930845225027,0.0058543724844493,0.0095133552872301
0.0,0.0,0.0,0.0,0.0,0.0,0.0,1.0,0.0,0.0,0.0,0.0,0.0,0.0,0.0,0.0,0.0,0.0,0.0,0.0,0.0,0.0,0.0,0.0,1.0,0.0,0.0,-76.15,-47.42,59.7,1.25,0.158,2733.0,1.0,0.0032930845225027,0.0051225759238931,0.0087815587266739
0.0,0.0,0.0,0.0,0.0,0.0,0.0,0.0,0.0,0.0,0.0,0.0,0.0,0.0,0.0,1.0,0.0,0.0,0.0,0.0,0.0,0.0,0.0,0.0,1.0,0.0,0.0,-155.51,160.26,20.0,1.25,0.158,2733.0,1.0,0.0029271862422246,0.009147457006952,0.0124405415294548
0.0,0.0,0.0,0.0,0.0,0.0,0.0,0.0,0.0,0.0,0.0,0.0,0.0,0.0,0.0,0.0,1.0,0.0,0.0,0.0,0.0,0.0,0.0,0.0,1.0,0.0,0.0,-128.09,139.44,0.2,1.25,0.158,2733.0,1.0,0.0032930845225027,0.0069520673252835,0.0106110501280643
0.0,0.0,0.0,0.0,0.0,0.0,0.0,0.0,0.0,0.0,0.0,0.0,0.0,0.0,1.0,0.0,0.0,0.0,0.0,0.0,0.0,0.0,0.0,0.0,1.0,0.0,0.0,-141.79,142.03,47.1,1.25,0.158,2733.0,0.5,0.0029271862422246,0.0073179656055616,0.0106110501280643
0.0,0.0,0.0,0.0,0.0,0.0,0.0,0.0,0.0,0.0,0.0,0.0,0.0,0.0,0.0,0.0,0.0,1.0,0.0,0.0,0.0,0.0,0.0,0.0,1.0,0.0,0.0,-128.43,124.55,0.0,1.25,0.158,2733.0,1.0,0.0032930845225027,0.0065861690450054,0.0102451518477863
0.0,0.0,0.0,0.0,0.0,0.0,0.0,0.0,0.0,0.0,0.0,0.0,0.0,0.0,1.0,0.0,0.0,0.0,0.0,0.0,0.0,0.0,0.0,0.0,1.0,0.0,0.0,-113.49,143.18,30.5,1.25,0.158,2733.0,1.0,0.0029271862422246,0.0080497621661178,0.0113428466886205
0.0,1.0,0.0,0.0,0.0,0.0,0.0,0.0,0.0,0.0,0.0,0.0,0.0,0.0,0.0,0.0,0.0,0.0,0.0,0.0,0.0,0.0,0.0,0.0,1.0,0.0,0.0,-136.18,170.57,3.2,1.25,0.158,2733.0,1.0,0.0029271862422246,0.0054884742041712,0.0087815587266739
0.0,0.0,0.0,0.0,0.0,1.0,0.0,0.0,0.0,0.0,0.0,0.0,0.0,0.0,0.0,0.0,0.0,0.0,0.0,0.0,0.0,0.0,0.0,0.0,1.0,0.0,0.0,-129.21,151.28,5.4,1.25,0.158,2733.0,1.0,0.0021953896816684,0.0065861690450054,0.009147457006952
0.0,0.0,0.0,0.0,0.0,0.0,0.0,0.0,0.0,0.0,0.0,0.0,0.0,0.0,1.0,0.0,0.0,0.0,0.0,0.0,0.0,0.0,0.0,0.0,1.0,0.0,0.0,-144.91,148.46,2.8,1.25,0.158,2733.0,1.0,0.0029271862422246,0.0051225759238931,0.0084156604463959
0.0,0.0,0.0,0.0,0.0,0.0,0.0,0.0,0.0,0.0,0.0,0.0,0.0,0.0,0.0,1.0,0.0,0.0,0.0,0.0,0.0,0.0,0.0,0.0,0.0,1.0,0.0,-102.16,144.48,0.4,1.25,0.158,2733.0,1.0,0.0029271862422246,0.0062202707647274,0.0095133552872301
0.0,0.0,0.0,0.0,0.0,0.0,0.0,0.0,0.0,0.0,1.0,0.0,0.0,0.0,0.0,0.0,0.0,0.0,0.0,0.0,0.0,1.0,0.0,0.0,0.0,0.0,0.0,-84.46,125.71,3.2,1.25,0.158,2733.0,1.0,0.0029271862422246,0.0065861690450054,0.0098792535675082
0.0,0.0,0.0,0.0,0.0,0.0,0.0,0.0,0.0,0.0,0.0,0.0,0.0,1.0,0.0,0.0,0.0,0.0,0.0,0.0,0.0,0.0,0.0,0.0,0.0,0.0,1.0,-48.89,129.55,117.4,1.25,0.158,2733.0,1.0,0.0029271862422246,0.0069520673252835,0.0102451518477863
0.0,0.0,0.0,0.0,0.0,1.0,0.0,0.0,0.0,0.0,0.0,0.0,0.0,0.0,0.0,0.0,0.0,0.0,0.0,0.0,0.0,0.0,0.0,0.0,0.0,0.0,1.0,99.42,-11.38,65.0,1.25,0.158,2733.0,1.0,0.0021953896816684,0.0051225759238931,0.0076838638858397
0.0,0.0,0.0,0.0,0.0,0.0,0.0,0.0,0.0,0.0,0.0,0.0,0.0,0.0,0.0,0.0,0.0,0.0,0.0,1.0,0.0,0.0,0.0,0.0,0.0,0.0,1.0,-115.42,138.11,19.1,1.25,0.158,2733.0,1.0,0.0032930845225027,0.0062202707647274,0.0098792535675082
0.0,0.0,0.0,0.0,0.0,0.0,0.0,0.0,0.0,0.0,0.0,0.0,1.0,0.0,0.0,0.0,0.0,0.0,0.0,0.0,0.0,0.0,0.0,0.0,0.0,1.0,0.0,-74.07,-178.07,12.3,1.25,0.158,2733.0,1.0,0.0032930845225027,0.0065861690450054,0.0102451518477863
0.0,0.0,0.0,0.0,1.0,0.0,0.0,0.0,0.0,0.0,0.0,0.0,0.0,0.0,0.0,0.0,0.0,0.0,0.0,0.0,0.0,0.0,0.0,0.0,0.0,1.0,0.0,-96.06,171.91,2.0,1.25,0.158,2733.0,0.59,0.0032930845225027,0.0073179656055616,0.0109769484083424
0.0,0.0,0.0,0.0,0.0,0.0,0.0,0.0,0.0,0.0,0.0,1.0,0.0,0.0,0.0,0.0,0.0,0.0,0.0,0.0,0.0,0.0,1.0,0.0,0.0,0.0,0.0,-33.44,-56.69,1.0,1.25,0.158,2733.0,1.0,0.0036589828027808,0.0069520673252835,0.0109769484083424
0.0,0.0,0.0,0.0,0.0,0.0,0.0,0.0,0.0,0.0,0.0,0.0,1.0,0.0,0.0,0.0,0.0,0.0,0.0,0.0,0.0,0.0,1.0,0.0,0.0,0.0,0.0,-56.46,-25.53,2.3,1.25,0.158,2733.0,1.0,0.0032930845225027,0.0062202707647274,0.0098792535675082
0.0,0.0,0.0,0.0,0.0,0.0,0.0,0.0,0.0,0.0,1.0,0.0,0.0,0.0,0.0,0.0,0.0,0.0,0.0,0.0,0.0,0.0,1.0,0.0,0.0,0.0,0.0,-110.17,2.21,39.0,1.25,0.158,2733.0,1.0,0.0029271862422246,0.0058543724844493,0.009147457006952
0.0,0.0,0.0,0.0,0.0,0.0,0.0,0.0,0.0,1.0,0.0,0.0,0.0,0.0,0.0,0.0,0.0,0.0,0.0,0.0,0.0,0.0,0.0,0.0,0.0,1.0,0.0,-79.35,134.56,4.5,1.25,0.158,2733.0,1.0,0.0029271862422246,0.0073179656055616,0.0106110501280643
0.0,0.0,0.0,0.0,0.0,0.0,0.0,0.0,0.0,0.0,0.0,0.0,0.0,0.0,0.0,0.0,1.0,0.0,0.0,0.0,0.0,0.0,0.0,0.0,0.0,1.0,0.0,-81.25,159.19,64.8,1.25,0.158,2733.0,1.0,0.0032930845225027,0.0058543724844493,0.0095133552872301
0.0,0.0,0.0,1.0,0.0,0.0,0.0,0.0,0.0,0.0,0.0,0.0,0.0,0.0,0.0,0.0,0.0,0.0,0.0,0.0,0.0,0.0,0.0,1.0,0.0,0.0,0.0,-55.19,-43.26,87.2,1.25,0.158,2733.0,1.0,0.0029271862422246,0.0084156604463959,0.0117087449688986
0.0,0.0,0.0,0.0,0.0,0.0,0.0,0.0,0.0,0.0,0.0,0.0,0.0,0.0,0.0,1.0,0.0,0.0,0.0,0.0,0.0,0.0,0.0,1.0,0.0,0.0,0.0,-60.27,-39.78,78.6,1.25,0.158,2733.0,1.0,0.0029271862422246,0.0051225759238931,0.0084156604463959
0.0,0.0,0.0,0.0,0.0,0.0,0.0,0.0,0.0,0.0,0.0,0.0,0.0,1.0,0.0,0.0,0.0,0.0,0.0,0.0,0.0,0.0,0.0,1.0,0.0,0.0,0.0,-66.98,-43.92,48.3,1.25,0.158,2733.0,1.0,0.0029271862422246,0.009147457006952,0.0124405415294548
0.0,0.0,0.0,0.0,0.0,0.0,0.0,0.0,0.0,0.0,0.0,0.0,0.0,0.0,0.0,0.0,0.0,0.0,0.0,1.0,0.0,0.0,0.0,1.0,0.0,0.0,0.0,-52.96,-45.61,0.0,1.25,0.158,2733.0,1.0,0.0029271862422246,0.0073179656055616,0.0106110501280643
0.0,0.0,0.0,0.0,0.0,0.0,0.0,0.0,1.0,0.0,0.0,0.0,0.0,0.0,0.0,0.0,0.0,0.0,0.0,0.0,0.0,0.0,0.0,1.0,0.0,0.0,0.0,-70.14,-38.03,100.3,1.25,0.158,2733.0,1.0,0.0029271862422246,0.0069520673252835,0.0102451518477863
0.0,0.0,0.0,1.0,0.0,0.0,0.0,0.0,0.0,0.0,0.0,0.0,0.0,0.0,0.0,0.0,0.0,0.0,0.0,0.0,0.0,0.0,0.0,1.0,0.0,0.0,0.0,-68.05,-40.98,98.9,1.25,0.158,2733.0,1.0,0.0029271862422246,0.0069520673252835,0.0102451518477863
0.0,0.0,0.0,0.0,0.0,0.0,0.0,0.0,0.0,0.0,1.0,0.0,0.0,0.0,0.0,0.0,0.0,0.0,0.0,0.0,0.0,0.0,0.0,1.0,0.0,0.0,0.0,-63.16,-43.11,0.0,1.25,0.158,2733.0,0.5,0.0029271862422246,0.009147457006952,0.0124405415294548
0.0,0.0,0.0,1.0,0.0,0.0,0.0,0.0,0.0,0.0,0.0,0.0,0.0,0.0,0.0,0.0,0.0,0.0,0.0,0.0,0.0,0.0,0.0,1.0,0.0,0.0,0.0,-64.83,-42.16,30.5,1.25,0.158,2733.0,1.0,0.0029271862422246,0.0084156604463959,0.0117087449688986
1.0,0.0,0.0,0.0,0.0,0.0,0.0,0.0,0.0,0.0,0.0,0.0,0.0,0.0,0.0,0.0,0.0,0.0,0.0,0.0,0.0,0.0,0.0,1.0,0.0,0.0,0.0,-62.85,-39.51,62.3,1.25,0.158,2733.0,1.0,0.0025612879619465,0.0054884742041712,0.0084156604463959
0.0,0.0,0.0,0.0,0.0,0.0,0.0,0.0,1.0,0.0,0.0,0.0,0.0,0.0,0.0,0.0,0.0,0.0,0.0,0.0,0.0,0.0,0.0,1.0,0.0,0.0,0.0,-62.75,-47.65,101.6,1.25,0.158,2733.0,0.56,0.0029271862422246,0.0054884742041712,0.0087815587266739
0.0,0.0,0.0,0.0,0.0,0.0,0.0,0.0,0.0,0.0,0.0,0.0,0.0,0.0,0.0,0.0,0.0,1.0,0.0,0.0,0.0,0.0,0.0,1.0,0.0,0.0,0.0,-65.88,-46.97,0.4,1.25,0.158,2733.0,1.0,0.0032930845225027,0.0062202707647274,0.0098792535675082
0.0,0.0,0.0,0.0,0.0,0.0,0.0,0.0,0.0,0.0,0.0,0.0,0.0,0.0,0.0,1.0,0.0,0.0,0.0,0.0,0.0,0.0,0.0,1.0,0.0,0.0,0.0,-56.05,-46.5,31.5,1.25,0.158,2733.0,0.65,0.0029271862422246,0.009147457006952,0.0124405415294548
0.0,0.0,0.0,0.0,0.0,0.0,0.0,0.0,0.0,0.0,0.0,0.0,0.0,0.0,0.0,1.0,0.0,0.0,0.0,0.0,0.0,0.0,0.0,1.0,0.0,0.0,0.0,-58.66,-44.44,58.4,1.25,0.158,2733.0,1.0,0.0029271862422246,0.0069520673252835,0.0102451518477863
0.0,0.0,0.0,0.0,0.0,0.0,0.0,0.0,0.0,0.0,0.0,0.0,0.0,0.0,0.0,0.0,1.0,0.0,0.0,0.0,0.0,0.0,0.0,1.0,0.0,0.0,0.0,-67.51,-46.14,9.5,1.25,0.158,2733.0,1.0,0.0032930845225027,0.0076838638858397,0.0113428466886205
0.0,0.0,0.0,0.0,0.0,0.0,0.0,0.0,0.0,1.0,0.0,0.0,0.0,0.0,0.0,0.0,0.0,0.0,0.0,0.0,0.0,0.0,0.0,1.0,0.0,0.0,0.0,-69.62,-35.5,1.4,1.25,0.158,2733.0,1.0,0.0029271862422246,0.0087815587266739,0.0120746432491767
0.0,0.0,0.0,0.0,0.0,0.0,0.0,0.0,0.0,0.0,0.0,0.0,0.0,0.0,0.0,1.0,0.0,0.0,0.0,0.0,0.0,0.0,0.0,1.0,0.0,0.0,0.0,-69.68,-14.39,69.7,1.25,0.158,2733.0,1.0,0.0029271862422246,0.0051225759238931,0.0084156604463959
0.0,0.0,0.0,0.0,0.0,0.0,0.0,0.0,0.0,0.0,0.0,0.0,0.0,0.0,0.0,1.0,0.0,0.0,0.0,0.0,0.0,0.0,0.0,1.0,0.0,0.0,0.0,-84.81,-11.06,64.0,1.25,0.158,2733.0,1.0,0.0029271862422246,0.0043907793633369,0.0076838638858397
0.0,0.0,0.0,0.0,0.0,0.0,0.0,0.0,0.0,1.0,0.0,0.0,0.0,0.0,0.0,0.0,0.0,0.0,0.0,0.0,0.0,0.0,0.0,0.0,0.0,1.0,0.0,-66.63,138.32,11.9,1.25,0.158,2733.0,1.0,0.0029271862422246,0.0062202707647274,0.0095133552872301
0.0,0.0,0.0,1.0,0.0,0.0,0.0,0.0,0.0,0.0,0.0,0.0,0.0,0.0,0.0,0.0,0.0,0.0,0.0,0.0,0.0,0.0,0.0,0.0,0.0,1.0,0.0,-116.63,177.15,167.2,1.25,0.158,2733.0,1.0,0.0029271862422246,0.0054884742041712,0.0087815587266739
0.0,0.0,0.0,0.0,0.0,1.0,0.0,0.0,0.0,0.0,0.0,0.0,0.0,0.0,0.0,0.0,0.0,0.0,0.0,0.0,0.0,0.0,1.0,0.0,0.0,0.0,0.0,60.28,-136.77,63.6,1.25,0.158,2733.0,1.0,0.0021953896816684,0.0032930845225027,0.0058543724844493
0.0,0.0,0.0,1.0,0.0,0.0,0.0,0.0,0.0,0.0,0.0,0.0,0.0,0.0,0.0,0.0,0.0,0.0,0.0,0.0,0.0,0.0,1.0,0.0,0.0,0.0,0.0,-58.14,-25.37,94.9,1.25,0.158,2733.0,1.0,0.0029271862422246,0.0043907793633369,0.0076838638858397
0.0,0.0,0.0,0.0,0.0,0.0,0.0,0.0,0.0,1.0,0.0,0.0,0.0,0.0,0.0,0.0,0.0,0.0,0.0,0.0,0.0,0.0,1.0,0.0,0.0,0.0,0.0,-92.48,-4.94,18.4,1.25,0.158,2733.0,1.0,0.0029271862422246,0.0069520673252835,0.0102451518477863
0.0,0.0,0.0,0.0,0.0,0.0,0.0,0.0,1.0,0.0,0.0,0.0,0.0,0.0,0.0,0.0,0.0,0.0,0.0,0.0,0.0,0.0,0.0,0.0,0.0,1.0,0.0,-57.37,137.02,97.4,1.25,0.158,2733.0,1.0,0.0029271862422246,0.0080497621661178,0.0113428466886205
0.0,0.0,0.0,0.0,0.0,1.0,0.0,0.0,0.0,0.0,0.0,0.0,0.0,0.0,0.0,0.0,0.0,0.0,0.0,0.0,0.0,0.0,0.0,0.0,1.0,0.0,0.0,-171.74,-153.56,16.7,1.25,0.158,2733.0,1.0,0.0021953896816684,0.0098792535675082,0.0124405415294548
0.0,0.0,0.0,0.0,0.0,0.0,0.0,0.0,0.0,0.0,0.0,0.0,0.0,0.0,0.0,0.0,1.0,0.0,0.0,0.0,0.0,0.0,0.0,0.0,1.0,0.0,0.0,-127.44,133.83,54.3,1.25,0.158,2733.0,1.0,0.0032930845225027,0.0036589828027808,0.0073179656055616
0.0,0.0,0.0,0.0,0.0,0.0,0.0,0.0,0.0,0.0,0.0,0.0,0.0,0.0,0.0,0.0,0.0,0.0,0.0,1.0,0.0,0.0,0.0,0.0,1.0,0.0,0.0,-97.4,135.61,29.5,1.25,0.158,2733.0,1.0,0.0029271862422246,0.0080497621661178,0.0113428466886205
0.0,0.0,0.0,0.0,0.0,0.0,0.0,0.0,0.0,0.0,0.0,0.0,0.0,0.0,0.0,0.0,0.0,0.0,0.0,1.0,0.0,0.0,0.0,0.0,1.0,0.0,0.0,-126.69,110.63,47.0,1.25,0.158,2733.0,1.0,0.0032930845225027,0.0073179656055616,0.0109769484083424
0.0,0.0,0.0,0.0,0.0,0.0,0.0,0.0,0.0,0.0,0.0,0.0,1.0,0.0,0.0,0.0,0.0,0.0,0.0,0.0,0.0,0.0,0.0,0.0,1.0,0.0,0.0,-69.66,145.62,57.1,1.25,0.158,2733.0,1.0,0.0032930845225027,0.0065861690450054,0.0102451518477863
0.0,0.0,0.0,0.0,0.0,0.0,0.0,0.0,0.0,1.0,0.0,0.0,0.0,0.0,0.0,0.0,0.0,0.0,0.0,0.0,0.0,0.0,0.0,0.0,0.0,0.0,1.0,-71.37,-33.61,17.7,1.25,0.158,2733.0,1.0,0.0032930845225027,0.0062202707647274,0.0098792535675082
0.0,0.0,0.0,0.0,0.0,0.0,0.0,0.0,0.0,0.0,0.0,0.0,0.0,0.0,0.0,0.0,1.0,0.0,0.0,0.0,0.0,0.0,0.0,0.0,0.0,0.0,1.0,-62.51,125.44,77.5,1.25,0.158,2733.0,1.0,0.0032930845225027,0.0043907793633369,0.0080497621661178
0.0,0.0,0.0,0.0,0.0,1.0,0.0,0.0,0.0,0.0,0.0,0.0,0.0,0.0,0.0,0.0,0.0,0.0,0.0,0.0,0.0,0.0,0.0,0.0,0.0,0.0,1.0,77.0,7.18,77.8,1.25,0.158,2733.0,1.0,0.0021953896816684,0.0036589828027808,0.0062202707647274
0.0,0.0,0.0,0.0,0.0,0.0,0.0,0.0,0.0,0.0,1.0,0.0,0.0,0.0,0.0,0.0,0.0,0.0,0.0,0.0,0.0,0.0,0.0,0.0,0.0,0.0,1.0,-64.17,131.6,31.0,1.25,0.158,2733.0,1.0,0.0029271862422246,0.004756677643615,0.0080497621661178
0.0,0.0,0.0,0.0,0.0,0.0,0.0,0.0,0.0,0.0,0.0,0.0,0.0,0.0,0.0,1.0,0.0,0.0,0.0,0.0,0.0,0.0,0.0,0.0,0.0,1.0,0.0,-70.62,157.61,48.5,1.25,0.158,2733.0,1.0,0.0029271862422246,0.004756677643615,0.0080497621661178
0.0,0.0,0.0,0.0,0.0,0.0,0.0,0.0,1.0,0.0,0.0,0.0,0.0,0.0,0.0,0.0,0.0,0.0,0.0,0.0,0.0,0.0,0.0,1.0,0.0,0.0,0.0,-59.99,-34.55,146.5,1.25,0.158,2733.0,1.0,0.0029271862422246,0.0073179656055616,0.0106110501280643
0.0,0.0,0.0,1.0,0.0,0.0,0.0,0.0,0.0,0.0,0.0,0.0,0.0,0.0,0.0,0.0,0.0,0.0,0.0,0.0,0.0,0.0,0.0,1.0,0.0,0.0,0.0,-69.27,-40.16,148.3,1.25,0.158,2733.0,1.0,0.0029271862422246,0.0058543724844493,0.009147457006952
0.0,0.0,0.0,0.0,0.0,0.0,0.0,0.0,0.0,0.0,0.0,0.0,0.0,0.0,0.0,0.0,0.0,1.0,0.0,0.0,0.0,0.0,0.0,1.0,0.0,0.0,0.0,-70.77,-40.28,47.2,1.25,0.158,2733.0,1.0,0.0032930845225027,0.0054884742041712,0.009147457006952
0.0,0.0,0.0,0.0,0.0,0.0,0.0,0.0,0.0,0.0,0.0,0.0,0.0,1.0,0.0,0.0,0.0,0.0,0.0,0.0,0.0,0.0,0.0,1.0,0.0,0.0,0.0,-54.67,-47.53,57.7,1.25,0.158,2733.0,1.0,0.0029271862422246,0.009147457006952,0.0124405415294548
0.0,0.0,0.0,0.0,0.0,0.0,0.0,0.0,0.0,0.0,0.0,0.0,0.0,1.0,0.0,0.0,0.0,0.0,0.0,0.0,0.0,0.0,0.0,1.0,0.0,0.0,0.0,-63.97,-40.05,99.3,1.25,0.158,2733.0,1.0,0.0029271862422246,0.0073179656055616,0.0106110501280643
0.0,0.0,0.0,0.0,0.0,0.0,0.0,0.0,1.0,0.0,0.0,0.0,0.0,0.0,0.0,0.0,0.0,0.0,0.0,0.0,0.0,0.0,0.0,1.0,0.0,0.0,0.0,-60.89,-42.11,69.2,1.25,0.158,2733.0,0.57,0.0029271862422246,0.0065861690450054,0.0098792535675082
0.0,0.0,0.0,0.0,0.0,0.0,0.0,0.0,0.0,1.0,0.0,0.0,0.0,0.0,0.0,0.0,0.0,0.0,0.0,0.0,0.0,0.0,0.0,1.0,0.0,0.0,0.0,-72.38,-36.62,0.6,1.25,0.158,2733.0,1.0,0.0029271862422246,0.0080497621661178,0.0113428466886205
0.0,0.0,0.0,0.0,0.0,0.0,0.0,1.0,0.0,0.0,0.0,0.0,0.0,0.0,0.0,0.0,0.0,0.0,0.0,0.0,0.0,0.0,0.0,1.0,0.0,0.0,0.0,-62.1,-41.45,74.5,1.25,0.158,2733.0,1.0,0.0032930845225027,0.0073179656055616,0.0109769484083424
0.0,0.0,1.0,0.0,0.0,0.0,0.0,0.0,0.0,0.0,0.0,0.0,0.0,0.0,0.0,0.0,0.0,0.0,0.0,0.0,0.0,0.0,0.0,1.0,0.0,0.0,0.0,-60.61,-28.3,103.3,1.25,0.158,2733.0,1.0,0.0032930845225027,0.0058543724844493,0.0095133552872301
0.0,0.0,1.0,0.0,0.0,0.0,0.0,0.0,0.0,0.0,0.0,0.0,0.0,0.0,0.0,0.0,0.0,0.0,0.0,0.0,0.0,0.0,0.0,1.0,0.0,0.0,0.0,-96.92,4.03,50.1,1.25,0.158,2733.0,1.0,0.0032930845225027,0.0073179656055616,0.0109769484083424
0.0,0.0,0.0,0.0,0.0,0.0,1.0,0.0,0.0,0.0,0.0,0.0,0.0,0.0,0.0,0.0,0.0,0.0,0.0,0.0,0.0,0.0,0.0,0.0,0.0,1.0,0.0,61.5,34.59,163.2,1.25,0.158,2733.0,1.0,0.0029271862422246,0.0073179656055616,0.0106110501280643
0.0,0.0,0.0,0.0,1.0,0.0,0.0,0.0,0.0,0.0,0.0,0.0,0.0,0.0,0.0,0.0,0.0,0.0,0.0,0.0,0.0,0.0,0.0,0.0,0.0,1.0,0.0,-100.75,-13.69,10.2,1.25,0.158,2733.0,1.0,0.0032930845225027,0.0073179656055616,0.0109769484083424
0.0,0.0,0.0,0.0,0.0,0.0,0.0,0.0,0.0,1.0,0.0,0.0,0.0,0.0,0.0,0.0,0.0,0.0,0.0,0.0,0.0,0.0,0.0,0.0,0.0,1.0,0.0,-87.04,140.45,32.9,1.25,0.158,2733.0,1.0,0.0029271862422246,0.0062202707647274,0.0095133552872301
0.0,0.0,0.0,0.0,1.0,0.0,0.0,0.0,0.0,0.0,0.0,0.0,0.0,0.0,0.0,0.0,0.0,0.0,0.0,0.0,0.0,0.0,0.0,0.0,0.0,1.0,0.0,-112.37,154.36,9.9,1.25,0.158,2733.0,1.0,0.0029271862422246,0.0062202707647274,0.0095133552872301
0.0,0.0,0.0,0.0,0.0,0.0,0.0,0.0,1.0,0.0,0.0,0.0,0.0,0.0,0.0,0.0,0.0,0.0,0.0,0.0,0.0,0.0,0.0,0.0,0.0,1.0,0.0,-109.77,177.39,167.1,1.25,0.158,2733.0,1.0,0.0029271862422246,0.004756677643615,0.0080497621661178
0.0,0.0,0.0,1.0,0.0,0.0,0.0,0.0,0.0,0.0,0.0,0.0,0.0,0.0,0.0,0.0,0.0,0.0,0.0,0.0,0.0,0.0,0.0,0.0,0.0,1.0,0.0,-59.97,143.0,101.1,1.25,0.158,2733.0,1.0,0.0029271862422246,0.0065861690450054,0.0098792535675082
0.0,0.0,0.0,0.0,0.0,1.0,0.0,0.0,0.0,0.0,0.0,0.0,0.0,0.0,0.0,0.0,0.0,0.0,0.0,0.0,0.0,0.0,0.0,0.0,0.0,1.0,0.0,-61.63,157.35,13.8,1.25,0.158,2733.0,1.0,0.0021953896816684,0.0062202707647274,0.0087815587266739
0.0,0.0,1.0,0.0,0.0,0.0,0.0,0.0,0.0,0.0,0.0,0.0,0.0,0.0,0.0,0.0,0.0,0.0,0.0,0.0,0.0,0.0,0.0,0.0,0.0,1.0,0.0,-79.01,-178.03,89.7,1.25,0.158,2733.0,1.0,0.0032930845225027,0.0040248810830589,0.0076838638858397
0.0,0.0,0.0,0.0,0.0,0.0,0.0,0.0,0.0,0.0,0.0,0.0,0.0,0.0,1.0,0.0,0.0,0.0,0.0,0.0,0.0,0.0,0.0,1.0,0.0,0.0,0.0,-57.67,-28.71,122.2,1.25,0.158,2733.0,1.0,0.0029271862422246,0.0062202707647274,0.0095133552872301
0.0,0.0,0.0,0.0,1.0,0.0,0.0,0.0,0.0,0.0,0.0,0.0,0.0,0.0,0.0,0.0,0.0,0.0,0.0,0.0,0.0,0.0,0.0,1.0,0.0,0.0,0.0,-68.16,-44.01,44.7,1.25,0.158,2733.0,1.0,0.0029271862422246,0.0087815587266739,0.0120746432491767
0.0,0.0,0.0,0.0,0.0,0.0,0.0,0.0,0.0,1.0,0.0,0.0,0.0,0.0,0.0,0.0,0.0,0.0,0.0,0.0,0.0,0.0,0.0,1.0,0.0,0.0,0.0,-73.51,-40.86,13.8,1.25,0.158,2733.0,1.0,0.0029271862422246,0.0073179656055616,0.0106110501280643
0.0,0.0,0.0,0.0,0.0,0.0,0.0,0.0,0.0,0.0,0.0,0.0,0.0,1.0,0.0,0.0,0.0,0.0,0.0,0.0,0.0,0.0,0.0,1.0,0.0,0.0,0.0,-57.83,-47.18,73.5,1.25,0.158,2733.0,1.0,0.0029271862422246,0.0073179656055616,0.0106110501280643
1.0,0.0,0.0,0.0,0.0,0.0,0.0,0.0,0.0,0.0,0.0,0.0,0.0,0.0,0.0,0.0,0.0,0.0,0.0,0.0,0.0,0.0,0.0,1.0,0.0,0.0,0.0,-68.7,-18.89,22.1,1.25,0.158,2733.0,1.0,0.0025612879619465,0.0062202707647274,0.009147457006952
1.0,0.0,0.0,0.0,0.0,0.0,0.0,0.0,0.0,0.0,0.0,0.0,0.0,0.0,0.0,0.0,0.0,0.0,0.0,0.0,0.0,0.0,0.0,1.0,0.0,0.0,0.0,-84.99,1.89,2.0,1.25,0.158,2733.0,1.0,0.0025612879619465,0.0076838638858397,0.0106110501280643
0.0,0.0,0.0,0.0,0.0,0.0,0.0,0.0,0.0,0.0,0.0,1.0,0.0,0.0,0.0,0.0,0.0,0.0,0.0,0.0,0.0,0.0,0.0,0.0,0.0,0.0,1.0,58.12,39.68,46.6,1.25,0.158,2733.0,1.0,0.0032930845225027,0.0065861690450054,0.0102451518477863
1.0,0.0,0.0,0.0,0.0,0.0,0.0,0.0,0.0,0.0,0.0,0.0,0.0,0.0,0.0,0.0,0.0,0.0,0.0,0.0,0.0,0.0,0.0,0.0,0.0,0.0,1.0,-91.15,-13.5,0.2,1.25,0.158,2733.0,1.0,0.0025612879619465,0.0087815587266739,0.0117087449688986
0.0,0.0,0.0,0.0,0.0,0.0,0.0,0.0,0.0,0.0,1.0,0.0,0.0,0.0,0.0,0.0,0.0,0.0,0.0,0.0,0.0,0.0,0.0,0.0,0.0,0.0,1.0,-116.79,23.98,7.3,1.25,0.158,2733.0,1.0,0.0032930845225027,0.004756677643615,0.0084156604463959
0.0,0.0,0.0,0.0,0.0,0.0,0.0,0.0,0.0,0.0,0.0,0.0,0.0,0.0,1.0,0.0,0.0,0.0,0.0,0.0,0.0,0.0,0.0,0.0,0.0,0.0,1.0,-62.6,142.15,89.9,1.25,0.158,2733.0,0.51,0.0029271862422246,0.004756677643615,0.0080497621661178
0.0,0.0,0.0,0.0,0.0,0.0,0.0,0.0,0.0,0.0,0.0,0.0,0.0,0.0,0.0,0.0,0.0,0.0,0.0,1.0,0.0,0.0,0.0,0.0,0.0,0.0,1.0,70.07,7.6,110.5,1.25,0.158,2733.0,1.0,0.0029271862422246,0.0051225759238931,0.0084156604463959
0.0,0.0,0.0,0.0,0.0,0.0,0.0,0.0,0.0,0.0,0.0,0.0,0.0,0.0,0.0,0.0,0.0,0.0,1.0,0.0,0.0,0.0,0.0,0.0,0.0,0.0,1.0,-49.04,131.9,63.2,1.25,0.158,2733.0,1.0,0.0032930845225027,0.0084156604463959,0.0120746432491767
0.0,0.0,0.0,0.0,0.0,0.0,0.0,0.0,0.0,0.0,0.0,0.0,1.0,0.0,0.0,0.0,0.0,0.0,0.0,0.0,0.0,0.0,0.0,0.0,0.0,0.0,1.0,-103.45,25.06,35.1,1.25,0.158,2733.0,1.0,0.0032930845225027,0.0084156604463959,0.0120746432491767
1.0,0.0,0.0,0.0,0.0,0.0,0.0,0.0,0.0,0.0,0.0,0.0,0.0,0.0,0.0,0.0,0.0,0.0,0.0,0.0,0.0,0.0,0.0,0.0,0.0,0.0,1.0,-57.78,130.94,11.6,1.25,0.158,2733.0,1.0,0.0025612879619465,0.0054884742041712,0.0084156604463959
0.0,0.0,0.0,0.0,0.0,1.0,0.0,0.0,0.0,0.0,0.0,0.0,0.0,0.0,0.0,0.0,0.0,0.0,0.0,0.0,0.0,0.0,0.0,0.0,0.0,0.0,1.0,76.26,7.82,0.9,1.25,0.158,2733.0,1.0,0.0021953896816684,0.009147457006952,0.0117087449688986
0.0,0.0,0.0,0.0,0.0,0.0,0.0,0.0,0.0,0.0,0.0,0.0,0.0,0.0,1.0,0.0,0.0,0.0,0.0,0.0,0.0,0.0,0.0,0.0,0.0,0.0,1.0,-104.3,143.55,0.0,1.25,0.158,2733.0,1.0,0.0029271862422246,0.0073179656055616,0.0106110501280643
0.0,0.0,0.0,0.0,0.0,1.0,0.0,0.0,0.0,0.0,0.0,0.0,0.0,0.0,0.0,0.0,0.0,0.0,0.0,0.0,0.0,0.0,0.0,0.0,1.0,0.0,0.0,-166.28,171.97,0.0,1.25,0.158,2733.0,1.0,0.0021953896816684,0.0102451518477863,0.0128064398097328
0.0,0.0,0.0,0.0,0.0,0.0,0.0,1.0,0.0,0.0,0.0,0.0,0.0,0.0,0.0,0.0,0.0,0.0,0.0,0.0,0.0,0.0,0.0,0.0,1.0,0.0,0.0,-134.47,138.54,0.0,1.25,0.158,2733.0,1.0,0.0032930845225027,0.0062202707647274,0.0098792535675082
0.0,0.0,0.0,0.0,0.0,0.0,0.0,0.0,0.0,0.0,0.0,0.0,0.0,0.0,0.0,0.0,0.0,0.0,0.0,1.0,0.0,0.0,0.0,0.0,1.0,0.0,0.0,-125.67,140.7,0.8,1.25,0.158,2733.0,1.0,0.0029271862422246,0.0084156604463959,0.0117087449688986
0.0,0.0,0.0,0.0,0.0,0.0,1.0,0.0,0.0,0.0,0.0,0.0,0.0,0.0,0.0,0.0,0.0,0.0,0.0,0.0,0.0,0.0,0.0,0.0,1.0,0.0,0.0,-141.43,154.69,7.0,1.25,0.158,2733.0,1.0,0.0029271862422246,0.0076838638858397,0.0109769484083424
0.0,0.0,0.0,0.0,0.0,0.0,0.0,0.0,0.0,0.0,0.0,1.0,0.0,0.0,0.0,0.0,0.0,0.0,0.0,0.0,0.0,0.0,0.0,0.0,1.0,0.0,0.0,-80.49,163.7,0.0,1.25,0.158,2733.0,1.0,0.0032930845225027,0.0084156604463959,0.0120746432491767
0.0,0.0,1.0,0.0,0.0,0.0,0.0,0.0,0.0,0.0,0.0,0.0,0.0,0.0,0.0,0.0,0.0,0.0,0.0,0.0,0.0,0.0,0.0,0.0,0.0,0.0,1.0,-54.77,-38.37,85.7,1.25,0.158,2733.0,1.0,0.0032930845225027,0.004756677643615,0.0084156604463959
0.0,0.0,0.0,0.0,0.0,0.0,0.0,0.0,0.0,0.0,0.0,1.0,0.0,0.0,0.0,0.0,0.0,0.0,0.0,0.0,0.0,0.0,0.0,0.0,0.0,0.0,1.0,-74.13,-8.69,106.5,1.25,0.158,2733.0,1.0,0.0032930845225027,0.0058543724844493,0.0095133552872301
0.0,0.0,0.0,0.0,0.0,0.0,0.0,0.0,1.0,0.0,0.0,0.0,0.0,0.0,0.0,0.0,0.0,0.0,0.0,0.0,0.0,0.0,0.0,0.0,0.0,0.0,1.0,57.8,39.84,80.1,1.25,0.158,2733.0,1.0,0.0029271862422246,0.0073179656055616,0.0106110501280643
0.0,0.0,0.0,0.0,0.0,0.0,0.0,0.0,0.0,0.0,0.0,0.0,0.0,0.0,0.0,0.0,1.0,0.0,0.0,0.0,0.0,0.0,0.0,0.0,0.0,1.0,0.0,-120.89,5.74,19.6,1.25,0.158,2733.0,1.0,0.0032930845225027,0.0076838638858397,0.0113428466886205
0.0,0.0,0.0,0.0,1.0,0.0,0.0,0.0,0.0,0.0,0.0,0.0,0.0,0.0,0.0,0.0,0.0,0.0,0.0,0.0,0.0,0.0,0.0,0.0,1.0,0.0,0.0,-145.6,131.57,0.0,1.25,0.158,2733.0,1.0,0.0029271862422246,0.0080497621661178,0.0113428466886205
0.0,0.0,0.0,0.0,0.0,0.0,0.0,0.0,0.0,1.0,0.0,0.0,0.0,0.0,0.0,0.0,0.0,0.0,0.0,0.0,0.0,0.0,0.0,0.0,1.0,0.0,0.0,-142.97,134.63,8.8,1.25,0.158,2733.0,1.0,0.0029271862422246,0.0084156604463959,0.0117087449688986
0.0,0.0,0.0,0.0,0.0,0.0,0.0,0.0,0.0,0.0,0.0,0.0,0.0,0.0,0.0,0.0,0.0,1.0,0.0,0.0,0.0,0.0,0.0,0.0,1.0,0.0,0.0,-127.24,130.79,0.2,1.25,0.158,2733.0,1.0,0.0032930845225027,0.0065861690450054,0.0102451518477863
0.0,0.0,0.0,0.0,0.0,0.0,0.0,0.0,0.0,0.0,0.0,0.0,0.0,0.0,0.0,0.0,0.0,0.0,1.0,0.0,0.0,0.0,0.0,0.0,1.0,0.0,0.0,-106.64,131.51,32.6,1.25,0.158,2733.0,1.0,0.0032930845225027,0.0084156604463959,0.0120746432491767
0.0,0.0,0.0,0.0,0.0,0.0,0.0,0.0,0.0,0.0,0.0,0.0,0.0,0.0,0.0,0.0,0.0,1.0,0.0,0.0,0.0,0.0,0.0,0.0,1.0,0.0,0.0,-109.52,116.6,0.0,1.25,0.158,2733.0,1.0,0.0032930845225027,0.0054884742041712,0.009147457006952
0.0,0.0,0.0,0.0,0.0,0.0,0.0,0.0,0.0,0.0,0.0,1.0,0.0,0.0,0.0,0.0,0.0,0.0,0.0,0.0,0.0,0.0,0.0,0.0,0.0,0.0,1.0,63.23,37.13,0.0,1.25,0.158,2733.0,1.0,0.0032930845225027,0.0069520673252835,0.0106110501280643
0.0,0.0,0.0,1.0,0.0,0.0,0.0,0.0,0.0,0.0,0.0,0.0,0.0,0.0,0.0,0.0,0.0,0.0,0.0,0.0,0.0,0.0,0.0,0.0,0.0,0.0,1.0,-81.62,-48.69,27.4,1.25,0.158,2733.0,1.0,0.0029271862422246,0.0069520673252835,0.0102451518477863
0.0,0.0,0.0,1.0,0.0,0.0,0.0,0.0,0.0,0.0,0.0,0.0,0.0,0.0,0.0,0.0,0.0,0.0,0.0,0.0,0.0,0.0,0.0,0.0,0.0,0.0,1.0,-137.21,-48.85,27.6,1.25,0.158,2733.0,0.53,0.0029271862422246,0.0062202707647274,0.0095133552872301
0.0,0.0,1.0,0.0,0.0,0.0,0.0,0.0,0.0,0.0,0.0,0.0,0.0,0.0,0.0,0.0,0.0,0.0,0.0,0.0,0.0,0.0,0.0,0.0,0.0,0.0,1.0,-104.65,168.36,6.5,1.25,0.158,2733.0,1.0,0.0032930845225027,0.0043907793633369,0.0080497621661178
0.0,0.0,0.0,0.0,0.0,0.0,1.0,0.0,0.0,0.0,0.0,0.0,0.0,0.0,0.0,0.0,0.0,0.0,0.0,0.0,0.0,0.0,0.0,0.0,0.0,0.0,1.0,-55.23,-44.93,2.2,1.25,0.158,2733.0,1.0,0.0029271862422246,0.0065861690450054,0.0098792535675082
0.0,0.0,0.0,0.0,0.0,0.0,0.0,0.0,0.0,1.0,0.0,0.0,0.0,0.0,0.0,0.0,0.0,0.0,0.0,0.0,0.0,0.0,0.0,0.0,1.0,0.0,0.0,-132.44,134.45,1.6,1.25,0.158,2733.0,1.0,0.0029271862422246,0.0065861690450054,0.0098792535675082
0.0,0.0,0.0,0.0,0.0,0.0,0.0,0.0,0.0,0.0,0.0,0.0,0.0,0.0,1.0,0.0,0.0,0.0,0.0,0.0,0.0,0.0,0.0,0.0,1.0,0.0,0.0,-124.39,119.42,19.0,1.25,0.158,2733.0,1.0,0.0029271862422246,0.0062202707647274,0.0095133552872301
0.0,0.0,0.0,0.0,0.0,0.0,0.0,1.0,0.0,0.0,0.0,0.0,0.0,0.0,0.0,0.0,0.0,0.0,0.0,0.0,0.0,0.0,0.0,0.0,1.0,0.0,0.0,-118.6,123.74,0.2,1.25,0.158,2733.0,1.0,0.0032930845225027,0.0073179656055616,0.0109769484083424
0.0,0.0,0.0,0.0,0.0,0.0,0.0,1.0,0.0,0.0,0.0,0.0,0.0,0.0,0.0,0.0,0.0,0.0,0.0,0.0,0.0,0.0,0.0,0.0,1.0,0.0,0.0,-132.74,135.19,1.0,1.25,0.158,2733.0,1.0,0.0032930845225027,0.0065861690450054,0.0102451518477863
0.0,0.0,0.0,0.0,0.0,0.0,0.0,0.0,0.0,0.0,0.0,0.0,0.0,0.0,0.0,1.0,0.0,0.0,0.0,0.0,0.0,0.0,0.0,0.0,1.0,0.0,0.0,-115.55,138.63,0.0,1.25,0.158,2733.0,1.0,0.0029271862422246,0.0080497621661178,0.0113428466886205
0.0,0.0,0.0,0.0,0.0,0.0,0.0,0.0,0.0,0.0,1.0,0.0,0.0,0.0,0.0,0.0,0.0,0.0,0.0,0.0,0.0,0.0,0.0,0.0,1.0,0.0,0.0,-154.55,155.11,30.1,1.25,0.158,2733.0,1.0,0.0029271862422246,0.0080497621661178,0.0113428466886205
0.0,0.0,0.0,0.0,0.0,0.0,0.0,0.0,0.0,0.0,0.0,0.0,0.0,1.0,0.0,0.0,0.0,0.0,0.0,0.0,0.0,0.0,0.0,0.0,1.0,0.0,0.0,-161.83,164.39,30.2,1.25,0.158,2733.0,1.0,0.0029271862422246,0.0054884742041712,0.0087815587266739
0.0,0.0,0.0,0.0,0.0,0.0,0.0,0.0,0.0,0.0,1.0,0.0,0.0,0.0,0.0,0.0,0.0,0.0,0.0,0.0,0.0,0.0,0.0,0.0,1.0,0.0,0.0,-69.75,151.59,142.7,1.25,0.158,2733.0,1.0,0.0029271862422246,0.0051225759238931,0.0084156604463959
0.0,0.0,0.0,0.0,0.0,1.0,0.0,0.0,0.0,0.0,0.0,0.0,0.0,0.0,0.0,0.0,0.0,0.0,0.0,0.0,0.0,0.0,0.0,0.0,0.0,1.0,0.0,85.76,-167.14,23.6,1.25,0.158,2733.0,1.0,0.0021953896816684,0.0051225759238931,0.0076838638858397
0.0,0.0,0.0,0.0,0.0,1.0,0.0,0.0,0.0,0.0,0.0,0.0,0.0,0.0,0.0,0.0,0.0,0.0,0.0,0.0,0.0,0.0,0.0,0.0,0.0,0.0,1.0,-111.78,16.25,0.9,1.25,0.158,2733.0,1.0,0.0021953896816684,0.0073179656055616,0.0098792535675082
0.0,0.0,1.0,0.0,0.0,0.0,0.0,0.0,0.0,0.0,0.0,0.0,0.0,0.0,0.0,0.0,0.0,0.0,0.0,0.0,0.0,1.0,0.0,0.0,0.0,0.0,0.0,-82.16,81.98,37.2,1.25,0.158,2733.0,1.0,0.0032930845225027,0.0062202707647274,0.0098792535675082
0.0,0.0,0.0,0.0,0.0,0.0,0.0,0.0,0.0,1.0,0.0,0.0,0.0,0.0,0.0,0.0,0.0,0.0,0.0,0.0,0.0,0.0,0.0,1.0,0.0,0.0,0.0,-61.69,-33.08,0.8,1.25,0.158,2733.0,1.0,0.0029271862422246,0.0065861690450054,0.0098792535675082
0.0,0.0,0.0,0.0,0.0,1.0,0.0,0.0,0.0,0.0,0.0,0.0,0.0,0.0,0.0,0.0,0.0,0.0,0.0,0.0,0.0,0.0,0.0,1.0,0.0,0.0,0.0,-59.94,-49.63,4.9,1.25,0.158,2733.0,1.0,0.0021953896816684,0.0095133552872301,0.0120746432491767
0.0,0.0,0.0,0.0,0.0,0.0,0.0,0.0,0.0,0.0,0.0,0.0,0.0,1.0,0.0,0.0,0.0,0.0,0.0,0.0,0.0,0.0,0.0,1.0,0.0,0.0,0.0,-60.55,-43.61,101.6,1.25,0.158,2733.0,1.0,0.0029271862422246,0.0084156604463959,0.0117087449688986
0.0,0.0,0.0,0.0,0.0,0.0,0.0,0.0,0.0,0.0,0.0,0.0,0.0,0.0,0.0,0.0,0.0,1.0,0.0,0.0,0.0,0.0,0.0,1.0,0.0,0.0,0.0,-63.15,-48.32,0.0,1.25,0.158,2733.0,1.0,0.0032930845225027,0.0080497621661178,0.0117087449688986
0.0,0.0,0.0,0.0,1.0,0.0,0.0,0.0,0.0,0.0,0.0,0.0,0.0,0.0,0.0,0.0,0.0,0.0,0.0,0.0,0.0,0.0,0.0,1.0,0.0,0.0,0.0,-68.86,-34.77,0.4,1.25,0.158,2733.0,1.0,0.0029271862422246,0.0076838638858397,0.0109769484083424
0.0,0.0,0.0,0.0,0.0,0.0,0.0,0.0,0.0,0.0,0.0,0.0,0.0,0.0,1.0,0.0,0.0,0.0,0.0,0.0,0.0,0.0,0.0,1.0,0.0,0.0,0.0,-61.58,-44.08,96.6,1.25,0.158,2733.0,0.58,0.0029271862422246,0.0080497621661178,0.0113428466886205
0.0,0.0,0.0,0.0,0.0,0.0,0.0,0.0,0.0,0.0,0.0,0.0,0.0,0.0,1.0,0.0,0.0,0.0,0.0,0.0,0.0,0.0,0.0,1.0,0.0,0.0,0.0,-63.9,-38.09,17.5,1.25,0.158,2733.0,0.58,0.0029271862422246,0.0076838638858397,0.0109769484083424
0.0,0.0,0.0,0.0,0.0,0.0,0.0,0.0,0.0,1.0,0.0,0.0,0.0,0.0,0.0,0.0,0.0,0.0,0.0,0.0,0.0,0.0,0.0,1.0,0.0,0.0,0.0,-65.59,-49.31,3.4,1.25,0.158,2733.0,1.0,0.0029271862422246,0.0069520673252835,0.0102451518477863
0.0,0.0,0.0,0.0,0.0,0.0,0.0,0.0,0.0,0.0,0.0,0.0,0.0,0.0,0.0,0.0,1.0,0.0,0.0,0.0,0.0,0.0,0.0,1.0,0.0,0.0,0.0,-66.5,-39.56,7.0,1.25,0.158,2733.0,1.0,0.0032930845225027,0.0073179656055616,0.0109769484083424
0.0,0.0,0.0,0.0,0.0,0.0,0.0,0.0,0.0,0.0,0.0,0.0,0.0,0.0,0.0,1.0,0.0,0.0,0.0,0.0,0.0,0.0,0.0,1.0,0.0,0.0,0.0,-61.15,-41.2,68.0,1.25,0.158,2733.0,1.0,0.0029271862422246,0.0054884742041712,0.0087815587266739
1.0,0.0,0.0,0.0,0.0,0.0,0.0,0.0,0.0,0.0,0.0,0.0,0.0,0.0,0.0,0.0,0.0,0.0,0.0,0.0,0.0,0.0,0.0,1.0,0.0,0.0,0.0,-67.2,-45.0,0.0,1.25,0.158,2733.0,1.0,0.0025612879619465,0.0073179656055616,0.0102451518477863
0.0,0.0,0.0,0.0,0.0,0.0,0.0,0.0,0.0,0.0,0.0,0.0,0.0,0.0,0.0,0.0,0.0,1.0,0.0,0.0,0.0,0.0,0.0,1.0,0.0,0.0,0.0,-64.45,-43.95,1.4,1.25,0.158,2733.0,1.0,0.0032930845225027,0.0058543724844493,0.0095133552872301
0.0,0.0,0.0,0.0,0.0,0.0,0.0,0.0,0.0,0.0,0.0,1.0,0.0,0.0,0.0,0.0,0.0,0.0,0.0,0.0,0.0,0.0,0.0,1.0,0.0,0.0,0.0,-63.49,-36.46,58.3,1.25,0.158,2733.0,1.0,0.0032930845225027,0.0062202707647274,0.0098792535675082
0.0,0.0,0.0,1.0,0.0,0.0,0.0,0.0,0.0,0.0,0.0,0.0,0.0,0.0,0.0,0.0,0.0,0.0,0.0,0.0,0.0,0.0,0.0,1.0,0.0,0.0,0.0,-70.12,-45.74,87.3,1.25,0.158,2733.0,1.0,0.0029271862422246,0.0076838638858397,0.0109769484083424
0.0,0.0,0.0,0.0,0.0,0.0,0.0,1.0,0.0,0.0,0.0,0.0,0.0,0.0,0.0,0.0,0.0,0.0,0.0,0.0,0.0,0.0,0.0,1.0,0.0,0.0,0.0,-58.28,-42.17,2.4,1.25,0.158,2733.0,1.0,0.0032930845225027,0.0058543724844493,0.0095133552872301
0.0,0.0,0.0,1.0,0.0,0.0,0.0,0.0,0.0,0.0,0.0,0.0,0.0,0.0,0.0,0.0,0.0,0.0,0.0,0.0,0.0,0.0,0.0,1.0,0.0,0.0,0.0,-56.62,-28.86,75.4,1.25,0.158,2733.0,1.0,0.0029271862422246,0.0095133552872301,0.0128064398097328
0.0,0.0,0.0,0.0,0.0,0.0,0.0,0.0,1.0,0.0,0.0,0.0,0.0,0.0,0.0,0.0,0.0,0.0,0.0,0.0,0.0,0.0,0.0,1.0,0.0,0.0,0.0,-59.16,-34.99,150.7,1.25,0.158,2733.0,1.0,0.0029271862422246,0.0051225759238931,0.0084156604463959
0.0,0.0,0.0,0.0,0.0,0.0,0.0,0.0,0.0,0.0,0.0,0.0,0.0,0.0,1.0,0.0,0.0,0.0,0.0,0.0,0.0,0.0,0.0,1.0,0.0,0.0,0.0,-103.71,-21.51,128.6,1.25,0.158,2733.0,1.0,0.0029271862422246,0.0054884742041712,0.0087815587266739
0.0,0.0,0.0,0.0,0.0,0.0,0.0,1.0,0.0,0.0,0.0,0.0,0.0,0.0,0.0,0.0,0.0,0.0,0.0,0.0,0.0,0.0,0.0,0.0,0.0,1.0,0.0,-130.79,90.93,7.5,1.25,0.158,2733.0,1.0,0.0036589828027808,0.0051225759238931,0.009147457006952
0.0,0.0,0.0,0.0,0.0,0.0,0.0,0.0,0.0,0.0,0.0,0.0,1.0,0.0,0.0,0.0,0.0,0.0,0.0,0.0,0.0,0.0,0.0,0.0,0.0,1.0,0.0,-65.94,152.67,74.9,1.25,0.158,2733.0,1.0,0.0032930845225027,0.0051225759238931,0.0087815587266739
0.0,0.0,0.0,0.0,1.0,0.0,0.0,0.0,0.0,0.0,0.0,0.0,0.0,0.0,0.0,0.0,0.0,0.0,0.0,0.0,0.0,1.0,0.0,0.0,0.0,0.0,0.0,-108.82,149.94,13.8,1.25,0.158,2733.0,1.0,0.0029271862422246,0.0069520673252835,0.0102451518477863
0.0,0.0,0.0,0.0,0.0,0.0,0.0,0.0,0.0,0.0,0.0,0.0,0.0,0.0,0.0,1.0,0.0,0.0,0.0,0.0,0.0,0.0,0.0,0.0,0.0,1.0,0.0,-73.58,127.62,13.2,1.25,0.158,2733.0,1.0,0.0029271862422246,0.0058543724844493,0.009147457006952
0.0,0.0,0.0,0.0,0.0,0.0,1.0,0.0,0.0,0.0,0.0,0.0,0.0,0.0,0.0,0.0,0.0,0.0,0.0,0.0,0.0,0.0,0.0,0.0,1.0,0.0,0.0,-147.6,145.93,70.4,1.25,0.158,2733.0,1.0,0.0029271862422246,0.0080497621661178,0.0113428466886205
0.0,0.0,0.0,0.0,0.0,0.0,1.0,0.0,0.0,0.0,0.0,0.0,0.0,0.0,0.0,0.0,0.0,0.0,0.0,0.0,0.0,0.0,0.0,0.0,1.0,0.0,0.0,-127.3,139.97,44.6,1.25,0.158,2733.0,1.0,0.0029271862422246,0.0076838638858397,0.0109769484083424
0.0,0.0,1.0,0.0,0.0,0.0,0.0,0.0,0.0,0.0,0.0,0.0,0.0,0.0,0.0,0.0,0.0,0.0,0.0,0.0,0.0,0.0,0.0,0.0,0.0,0.0,1.0,-60.44,-34.81,113.2,1.25,0.158,2733.0,1.0,0.0029271862422246,0.004756677643615,0.0080497621661178
0.0,0.0,0.0,0.0,0.0,0.0,0.0,0.0,0.0,0.0,0.0,0.0,0.0,0.0,1.0,0.0,0.0,0.0,0.0,0.0,0.0,0.0,0.0,0.0,0.0,0.0,1.0,-98.79,-39.36,33.5,1.25,0.158,2733.0,0.59,0.0029271862422246,0.009147457006952,0.0124405415294548
0.0,0.0,0.0,0.0,0.0,0.0,0.0,0.0,0.0,1.0,0.0,0.0,0.0,0.0,0.0,0.0,0.0,0.0,0.0,0.0,0.0,0.0,0.0,0.0,0.0,0.0,1.0,-95.86,-7.11,4.8,1.25,0.158,2733.0,1.0,0.0029271862422246,0.0065861690450054,0.0098792535675082
0.0,0.0,0.0,0.0,0.0,1.0,0.0,0.0,0.0,0.0,0.0,0.0,0.0,0.0,0.0,0.0,0.0,0.0,0.0,0.0,0.0,0.0,0.0,0.0,1.0,0.0,0.0,77.29,-143.68,0.0,1.25,0.158,2733.0,1.0,0.0021953896816684,0.0098792535675082,0.0124405415294548
0.0,0.0,0.0,0.0,1.0,0.0,0.0,0.0,0.0,0.0,0.0,0.0,0.0,0.0,0.0,0.0,0.0,0.0,0.0,0.0,0.0,0.0,0.0,0.0,1.0,0.0,0.0,-72.95,124.03,8.0,1.25,0.158,2733.0,1.0,0.0029271862422246,0.0080497621661178,0.0113428466886205
0.0,0.0,0.0,0.0,0.0,0.0,0.0,0.0,0.0,1.0,0.0,0.0,0.0,0.0,0.0,0.0,0.0,0.0,0.0,0.0,0.0,0.0,0.0,0.0,0.0,0.0,1.0,-78.93,137.16,5.0,1.25,0.158,2733.0,1.0,0.0029271862422246,0.0069520673252835,0.0102451518477863
0.0,0.0,0.0,0.0,0.0,0.0,0.0,0.0,0.0,0.0,0.0,0.0,0.0,0.0,0.0,0.0,1.0,0.0,0.0,0.0,0.0,0.0,0.0,0.0,0.0,0.0,1.0,-134.97,160.46,0.0,1.25,0.158,2733.0,1.0,0.0032930845225027,0.0058543724844493,0.0095133552872301
0.0,0.0,0.0,0.0,1.0,0.0,0.0,0.0,0.0,0.0,0.0,0.0,0.0,0.0,0.0,0.0,0.0,0.0,0.0,0.0,0.0,0.0,0.0,0.0,0.0,0.0,1.0,-62.02,-46.07,1.0,1.25,0.158,2733.0,1.0,0.0032930845225027,0.0076838638858397,0.0113428466886205
0.0,1.0,0.0,0.0,0.0,0.0,0.0,0.0,0.0,0.0,0.0,0.0,0.0,0.0,0.0,0.0,0.0,0.0,0.0,0.0,0.0,0.0,0.0,0.0,0.0,0.0,1.0,-95.85,131.11,10.8,1.25,0.158,2733.0,1.0,0.0032930845225027,0.0076838638858397,0.0113428466886205
0.0,0.0,0.0,0.0,0.0,0.0,0.0,0.0,0.0,0.0,0.0,0.0,1.0,0.0,0.0,0.0,0.0,0.0,0.0,0.0,0.0,0.0,0.0,0.0,0.0,0.0,1.0,-66.42,-13.95,3.4,1.25,0.158,2733.0,1.0,0.0032930845225027,0.0062202707647274,0.0098792535675082
0.0,0.0,0.0,0.0,0.0,0.0,0.0,0.0,0.0,0.0,0.0,0.0,0.0,0.0,0.0,0.0,1.0,0.0,0.0,0.0,0.0,0.0,0.0,0.0,0.0,0.0,1.0,-68.1,-15.36,22.6,1.25,0.158,2733.0,1.0,0.0032930845225027,0.0076838638858397,0.0113428466886205
0.0,0.0,0.0,0.0,0.0,0.0,0.0,0.0,0.0,0.0,0.0,1.0,0.0,0.0,0.0,0.0,0.0,0.0,0.0,0.0,0.0,0.0,0.0,0.0,0.0,0.0,1.0,-105.34,14.66,11.2,1.25,0.158,2733.0,1.0,0.0032930845225027,0.0062202707647274,0.0098792535675082
0.0,0.0,0.0,0.0,0.0,0.0,0.0,0.0,0.0,1.0,0.0,0.0,0.0,0.0,0.0,0.0,0.0,0.0,0.0,0.0,0.0,0.0,0.0,0.0,0.0,0.0,1.0,-72.04,-176.21,0.0,1.25,0.158,2733.0,1.0,0.0029271862422246,0.0076838638858397,0.0109769484083424
0.0,0.0,0.0,0.0,0.0,1.0,0.0,0.0,0.0,0.0,0.0,0.0,0.0,0.0,0.0,0.0,0.0,0.0,0.0,0.0,0.0,1.0,0.0,0.0,0.0,0.0,0.0,73.9,-120.09,0.0,1.25,0.158,2733.0,1.0,0.0021953896816684,0.0102451518477863,0.0128064398097328
0.0,0.0,0.0,0.0,0.0,0.0,0.0,0.0,0.0,0.0,0.0,0.0,0.0,0.0,0.0,0.0,1.0,0.0,0.0,0.0,0.0,0.0,0.0,0.0,0.0,0.0,1.0,-73.04,-24.05,0.2,1.25,0.158,2733.0,1.0,0.0032930845225027,0.0073179656055616,0.0109769484083424
0.0,0.0,0.0,0.0,0.0,0.0,0.0,0.0,0.0,0.0,0.0,0.0,0.0,0.0,0.0,0.0,1.0,0.0,0.0,0.0,0.0,0.0,0.0,0.0,0.0,0.0,1.0,62.82,6.67,1.6,1.25,0.158,2733.0,1.0,0.0032930845225027,0.0069520673252835,0.0106110501280643
0.0,0.0,0.0,0.0,0.0,0.0,0.0,0.0,0.0,0.0,0.0,0.0,0.0,0.0,0.0,0.0,0.0,1.0,0.0,0.0,0.0,0.0,0.0,0.0,0.0,1.0,0.0,-85.58,130.39,2.8,1.25,0.158,2733.0,1.0,0.0032930845225027,0.0065861690450054,0.0102451518477863
0.0,0.0,0.0,0.0,0.0,0.0,0.0,0.0,0.0,0.0,0.0,0.0,0.0,0.0,1.0,0.0,0.0,0.0,0.0,0.0,0.0,0.0,0.0,0.0,1.0,0.0,0.0,-123.71,103.12,28.7,1.25,0.158,2733.0,1.0,0.0029271862422246,0.0080497621661178,0.0113428466886205
1.0,0.0,0.0,0.0,0.0,0.0,0.0,0.0,0.0,0.0,0.0,0.0,0.0,0.0,0.0,0.0,0.0,0.0,0.0,0.0,0.0,0.0,0.0,0.0,1.0,0.0,0.0,-99.69,129.24,0.0,1.25,0.158,2733.0,1.0,0.0025612879619465,0.0084156604463959,0.0113428466886205
0.0,0.0,0.0,0.0,0.0,0.0,0.0,0.0,0.0,0.0,0.0,0.0,0.0,0.0,0.0,1.0,0.0,0.0,0.0,0.0,0.0,0.0,0.0,0.0,1.0,0.0,0.0,-146.0,158.61,0.2,1.25,0.158,2733.0,0.71,0.0029271862422246,0.0076838638858397,0.0109769484083424
0.0,0.0,0.0,0.0,0.0,0.0,0.0,0.0,0.0,0.0,0.0,0.0,0.0,0.0,0.0,0.0,0.0,1.0,0.0,0.0,0.0,0.0,0.0,0.0,1.0,0.0,0.0,-118.7,147.31,0.6,1.25,0.158,2733.0,1.0,0.0032930845225027,0.0065861690450054,0.0102451518477863
0.0,0.0,0.0,0.0,0.0,0.0,1.0,0.0,0.0,0.0,0.0,0.0,0.0,0.0,0.0,0.0,0.0,0.0,0.0,0.0,0.0,0.0,0.0,0.0,1.0,0.0,0.0,-94.42,118.17,71.6,1.25,0.158,2733.0,1.0,0.0029271862422246,0.0087815587266739,0.0120746432491767
0.0,0.0,0.0,0.0,0.0,0.0,0.0,1.0,0.0,0.0,0.0,0.0,0.0,0.0,0.0,0.0,0.0,0.0,0.0,0.0,0.0,0.0,0.0,0.0,1.0,0.0,0.0,-143.21,144.61,0.0,1.25,0.158,2733.0,1.0,0.0032930845225027,0.0076838638858397,0.0113428466886205
0.0,0.0,0.0,0.0,0.0,0.0,0.0,1.0,0.0,0.0,0.0,0.0,0.0,0.0,0.0,0.0,0.0,0.0,0.0,0.0,0.0,0.0,0.0,0.0,1.0,0.0,0.0,-111.13,119.36,66.0,1.25,0.158,2733.0,1.0,0.0032930845225027,0.0062202707647274,0.0098792535675082
0.0,0.0,0.0,0.0,0.0,0.0,0.0,0.0,0.0,1.0,0.0,0.0,0.0,0.0,0.0,0.0,0.0,0.0,0.0,0.0,0.0,0.0,0.0,0.0,0.0,0.0,1.0,-132.78,74.15,0.0,1.25,0.158,2733.0,1.0,0.0032930845225027,0.0062202707647274,0.0098792535675082
0.0,0.0,0.0,0.0,0.0,0.0,0.0,0.0,0.0,0.0,0.0,0.0,1.0,0.0,0.0,0.0,0.0,0.0,0.0,0.0,0.0,0.0,0.0,0.0,0.0,0.0,1.0,-66.66,-32.6,83.3,1.25,0.158,2733.0,1.0,0.0032930845225027,0.0043907793633369,0.0080497621661178
0.0,0.0,0.0,0.0,0.0,0.0,0.0,0.0,1.0,0.0,0.0,0.0,0.0,0.0,0.0,0.0,0.0,0.0,0.0,0.0,0.0,0.0,0.0,0.0,0.0,0.0,1.0,-72.88,-46.4,88.8,1.25,0.158,2733.0,1.0,0.0029271862422246,0.0062202707647274,0.0095133552872301
0.0,0.0,0.0,0.0,0.0,0.0,0.0,0.0,0.0,1.0,0.0,0.0,0.0,0.0,0.0,0.0,0.0,0.0,0.0,0.0,0.0,0.0,0.0,0.0,0.0,0.0,1.0,-69.7,-34.46,1.6,1.25,0.158,2733.0,1.0,0.0032930845225027,0.0058543724844493,0.0095133552872301
1.0,0.0,0.0,0.0,0.0,0.0,0.0,0.0,0.0,0.0,0.0,0.0,0.0,0.0,0.0,0.0,0.0,0.0,0.0,0.0,0.0,0.0,0.0,0.0,0.0,0.0,1.0,-66.51,-122.6,6.4,1.25,0.158,2733.0,1.0,0.0025612879619465,0.0080497621661178,0.0109769484083424
1.0,0.0,0.0,0.0,0.0,0.0,0.0,0.0,0.0,0.0,0.0,0.0,0.0,0.0,0.0,0.0,0.0,0.0,0.0,0.0,0.0,0.0,0.0,0.0,0.0,0.0,1.0,52.27,-56.37,96.7,1.25,0.158,2733.0,1.0,0.0025612879619465,0.0032930845225027,0.0062202707647274
0.0,0.0,0.0,0.0,0.0,0.0,0.0,0.0,0.0,0.0,0.0,1.0,0.0,0.0,0.0,0.0,0.0,0.0,0.0,0.0,0.0,0.0,0.0,0.0,0.0,0.0,1.0,-107.94,98.97,71.5,1.25,0.158,2733.0,1.0,0.0032930845225027,0.0054884742041712,0.009147457006952
0.0,0.0,0.0,0.0,0.0,0.0,0.0,0.0,0.0,0.0,0.0,0.0,0.0,0.0,1.0,0.0,0.0,0.0,0.0,0.0,0.0,0.0,0.0,1.0,0.0,0.0,0.0,-55.25,-43.51,116.6,1.25,0.158,2733.0,1.0,0.0029271862422246,0.004756677643615,0.0080497621661178
1.0,0.0,0.0,0.0,0.0,0.0,0.0,0.0,0.0,0.0,0.0,0.0,0.0,0.0,0.0,0.0,0.0,0.0,0.0,0.0,0.0,0.0,0.0,1.0,0.0,0.0,0.0,-52.79,-51.24,54.7,1.25,0.158,2733.0,1.0,0.0025612879619465,0.0054884742041712,0.0084156604463959
0.0,0.0,0.0,0.0,0.0,0.0,0.0,0.0,1.0,0.0,0.0,0.0,0.0,0.0,0.0,0.0,0.0,0.0,0.0,0.0,0.0,0.0,0.0,1.0,0.0,0.0,0.0,-62.24,-42.8,77.4,1.25,0.158,2733.0,1.0,0.0029271862422246,0.0080497621661178,0.0113428466886205
0.0,0.0,0.0,0.0,0.0,0.0,0.0,0.0,0.0,1.0,0.0,0.0,0.0,0.0,0.0,0.0,0.0,0.0,0.0,0.0,0.0,0.0,0.0,1.0,0.0,0.0,0.0,-55.54,-42.37,0.0,1.25,0.158,2733.0,1.0,0.0029271862422246,0.0080497621661178,0.0113428466886205
0.0,0.0,0.0,1.0,0.0,0.0,0.0,0.0,0.0,0.0,0.0,0.0,0.0,0.0,0.0,0.0,0.0,0.0,0.0,0.0,0.0,0.0,0.0,1.0,0.0,0.0,0.0,-62.9,-46.02,66.7,1.25,0.158,2733.0,1.0,0.0029271862422246,0.0073179656055616,0.0106110501280643
0.0,0.0,0.0,1.0,0.0,0.0,0.0,0.0,0.0,0.0,0.0,0.0,0.0,0.0,0.0,0.0,0.0,0.0,0.0,0.0,0.0,0.0,0.0,1.0,0.0,0.0,0.0,-59.99,-48.76,141.6,1.25,0.158,2733.0,1.0,0.0029271862422246,0.0058543724844493,0.009147457006952
0.0,0.0,0.0,0.0,0.0,0.0,0.0,0.0,0.0,0.0,0.0,0.0,0.0,0.0,0.0,0.0,0.0,1.0,0.0,0.0,0.0,0.0,0.0,1.0,0.0,0.0,0.0,-65.52,-45.47,27.7,1.25,0.158,2733.0,1.0,0.0032930845225027,0.0054884742041712,0.009147457006952
1.0,0.0,0.0,0.0,0.0,0.0,0.0,0.0,0.0,0.0,0.0,0.0,0.0,0.0,0.0,0.0,0.0,0.0,0.0,0.0,0.0,0.0,0.0,1.0,0.0,0.0,0.0,-56.51,-48.26,0.4,1.25,0.158,2733.0,1.0,0.0025612879619465,0.0084156604463959,0.0113428466886205
0.0,0.0,0.0,0.0,0.0,1.0,0.0,0.0,0.0,0.0,0.0,0.0,0.0,0.0,0.0,0.0,0.0,0.0,0.0,0.0,0.0,0.0,0.0,1.0,0.0,0.0,0.0,-56.03,-43.98,36.2,1.25,0.158,2733.0,1.0,0.0021953896816684,0.0065861690450054,0.009147457006952
0.0,0.0,0.0,0.0,0.0,0.0,0.0,0.0,1.0,0.0,0.0,0.0,0.0,0.0,0.0,0.0,0.0,0.0,0.0,0.0,0.0,0.0,0.0,1.0,0.0,0.0,0.0,-54.56,-34.07,153.4,1.25,0.158,2733.0,1.0,0.0029271862422246,0.0054884742041712,0.0087815587266739
0.0,0.0,0.0,0.0,0.0,0.0,0.0,0.0,0.0,0.0,0.0,0.0,0.0,0.0,0.0,0.0,0.0,0.0,0.0,1.0,0.0,0.0,0.0,1.0,0.0,0.0,0.0,-101.39,19.29,71.7,1.25,0.158,2733.0,1.0,0.0029271862422246,0.0073179656055616,0.0106110501280643
0.0,0.0,0.0,0.0,0.0,0.0,0.0,0.0,0.0,0.0,0.0,1.0,0.0,0.0,0.0,0.0,0.0,0.0,0.0,0.0,0.0,0.0,0.0,0.0,0.0,1.0,0.0,54.85,47.0,61.9,1.25,0.158,2733.0,1.0,0.0032930845225027,0.0065861690450054,0.0102451518477863
0.0,0.0,0.0,0.0,0.0,0.0,0.0,0.0,0.0,1.0,0.0,0.0,0.0,0.0,0.0,0.0,0.0,0.0,0.0,0.0,0.0,0.0,0.0,0.0,1.0,0.0,0.0,-115.49,153.53,4.6,1.25,0.158,2733.0,1.0,0.0029271862422246,0.0084156604463959,0.0117087449688986
0.0,0.0,0.0,0.0,0.0,0.0,0.0,0.0,0.0,0.0,0.0,0.0,0.0,1.0,0.0,0.0,0.0,0.0,0.0,0.0,0.0,0.0,0.0,0.0,1.0,0.0,0.0,-117.67,133.06,60.1,1.25,0.158,2733.0,1.0,0.0029271862422246,0.0058543724844493,0.009147457006952
0.0,0.0,0.0,0.0,0.0,0.0,0.0,0.0,0.0,0.0,0.0,0.0,0.0,0.0,0.0,0.0,0.0,1.0,0.0,0.0,0.0,0.0,0.0,0.0,1.0,0.0,0.0,-103.41,127.19,16.8,1.25,0.158,2733.0,1.0,0.0032930845225027,0.0054884742041712,0.009147457006952
1.0,0.0,0.0,0.0,0.0,0.0,0.0,0.0,0.0,0.0,0.0,0.0,0.0,0.0,0.0,0.0,0.0,0.0,0.0,0.0,0.0,0.0,0.0,0.0,1.0,0.0,0.0,-123.7,360.0,69.2,1.25,0.158,2733.0,1.0,0.0021953896816684,0.0029271862422246,0.0054884742041712
0.0,0.0,0.0,0.0,0.0,1.0,0.0,0.0,0.0,0.0,0.0,0.0,0.0,0.0,0.0,0.0,0.0,0.0,0.0,0.0,0.0,0.0,0.0,0.0,0.0,0.0,1.0,360.0,10.5,86.4,1.25,0.158,2733.0,1.0,0.0014635931211123,0.0025612879619465,0.0043907793633369
0.0,0.0,0.0,0.0,0.0,0.0,0.0,1.0,0.0,0.0,0.0,0.0,0.0,0.0,0.0,0.0,0.0,0.0,0.0,0.0,0.0,0.0,0.0,0.0,1.0,0.0,0.0,-99.11,126.0,83.2,1.25,0.158,2733.0,1.0,0.0036589828027808,0.0043907793633369,0.0084156604463959
0.0,0.0,0.0,0.0,0.0,0.0,0.0,0.0,0.0,0.0,0.0,0.0,0.0,0.0,0.0,0.0,0.0,0.0,0.0,1.0,0.0,0.0,0.0,0.0,1.0,0.0,0.0,-109.05,146.93,36.5,1.25,0.158,2733.0,1.0,0.0029271862422246,0.0069520673252835,0.0102451518477863
0.0,0.0,1.0,0.0,0.0,0.0,0.0,0.0,0.0,0.0,0.0,0.0,0.0,0.0,0.0,0.0,0.0,0.0,0.0,0.0,0.0,0.0,0.0,0.0,1.0,0.0,0.0,-97.35,118.02,18.8,1.25,0.158,2733.0,1.0,0.0029271862422246,0.0076838638858397,0.0109769484083424
0.0,0.0,0.0,0.0,0.0,0.0,0.0,1.0,0.0,0.0,0.0,0.0,0.0,0.0,0.0,0.0,0.0,0.0,0.0,0.0,0.0,0.0,0.0,0.0,1.0,0.0,0.0,-121.05,126.3,0.0,1.25,0.158,2733.0,1.0,0.0032930845225027,0.0073179656055616,0.0109769484083424
0.0,0.0,0.0,0.0,0.0,0.0,0.0,0.0,0.0,0.0,0.0,0.0,0.0,0.0,0.0,1.0,0.0,0.0,0.0,0.0,0.0,0.0,0.0,0.0,1.0,0.0,0.0,-137.07,166.74,0.0,1.25,0.158,2733.0,1.0,0.0029271862422246,0.0069520673252835,0.0102451518477863
0.0,0.0,0.0,0.0,0.0,0.0,0.0,0.0,0.0,0.0,0.0,1.0,0.0,0.0,0.0,0.0,0.0,0.0,0.0,0.0,0.0,0.0,0.0,0.0,1.0,0.0,0.0,-61.93,130.52,0.0,1.25,0.158,2733.0,1.0,0.0029271862422246,0.0076838638858397,0.0109769484083424
0.0,0.0,0.0,0.0,0.0,0.0,0.0,0.0,1.0,0.0,0.0,0.0,0.0,0.0,0.0,0.0,0.0,0.0,0.0,0.0,0.0,0.0,0.0,0.0,0.0,1.0,0.0,-75.41,-36.41,87.6,1.25,0.158,2733.0,1.0,0.0029271862422246,0.0065861690450054,0.0098792535675082
0.0,0.0,0.0,0.0,0.0,0.0,0.0,0.0,0.0,0.0,0.0,0.0,0.0,0.0,1.0,0.0,0.0,0.0,0.0,0.0,0.0,0.0,0.0,0.0,0.0,1.0,0.0,-81.66,136.04,59.7,1.25,0.158,2733.0,1.0,0.0029271862422246,0.0062202707647274,0.0095133552872301
0.0,0.0,0.0,0.0,0.0,0.0,0.0,0.0,0.0,0.0,0.0,0.0,0.0,0.0,1.0,0.0,0.0,0.0,0.0,0.0,0.0,0.0,0.0,0.0,0.0,0.0,1.0,-120.63,-36.37,12.0,1.25,0.158,2733.0,1.0,0.0029271862422246,0.0069520673252835,0.0102451518477863
0.0,0.0,0.0,0.0,0.0,0.0,0.0,0.0,0.0,0.0,1.0,0.0,0.0,0.0,0.0,0.0,0.0,0.0,0.0,0.0,0.0,0.0,0.0,0.0,0.0,0.0,1.0,-113.87,147.91,3.5,1.25,0.158,2733.0,1.0,0.0029271862422246,0.0069520673252835,0.0102451518477863
0.0,0.0,0.0,0.0,0.0,1.0,0.0,0.0,0.0,0.0,0.0,0.0,0.0,0.0,0.0,0.0,0.0,0.0,0.0,0.0,0.0,0.0,0.0,0.0,0.0,0.0,1.0,80.62,19.63,24.3,1.25,0.158,2733.0,1.0,0.0021953896816684,0.0065861690450054,0.009147457006952
0.0,0.0,0.0,0.0,0.0,0.0,0.0,0.0,0.0,1.0,0.0,0.0,0.0,0.0,0.0,0.0,0.0,0.0,0.0,0.0,0.0,0.0,0.0,0.0,0.0,0.0,1.0,-153.8,158.48,0.6,1.25,0.158,2733.0,1.0,0.0029271862422246,0.0065861690450054,0.0098792535675082
0.0,0.0,0.0,0.0,0.0,0.0,0.0,0.0,0.0,0.0,0.0,0.0,0.0,0.0,0.0,0.0,1.0,0.0,0.0,0.0,0.0,0.0,0.0,0.0,0.0,1.0,0.0,-80.43,166.81,14.2,1.25,0.158,2733.0,1.0,0.0032930845225027,0.0069520673252835,0.0106110501280643
0.0,0.0,0.0,1.0,0.0,0.0,0.0,0.0,0.0,0.0,0.0,0.0,0.0,0.0,0.0,0.0,0.0,0.0,0.0,0.0,0.0,0.0,0.0,1.0,0.0,0.0,0.0,-57.14,-46.35,1.0,1.25,0.158,2733.0,1.0,0.0029271862422246,0.0065861690450054,0.0098792535675082
0.0,0.0,0.0,0.0,1.0,0.0,0.0,0.0,0.0,0.0,0.0,0.0,0.0,0.0,0.0,0.0,0.0,0.0,0.0,0.0,0.0,0.0,0.0,1.0,0.0,0.0,0.0,-52.88,-47.49,43.7,1.25,0.158,2733.0,1.0,0.0029271862422246,0.0095133552872301,0.0128064398097328
0.0,0.0,0.0,0.0,0.0,0.0,0.0,0.0,0.0,0.0,0.0,0.0,0.0,1.0,0.0,0.0,0.0,0.0,0.0,0.0,0.0,0.0,0.0,1.0,0.0,0.0,0.0,-67.24,-37.32,94.0,1.25,0.158,2733.0,1.0,0.0029271862422246,0.0095133552872301,0.0128064398097328
1.0,0.0,0.0,0.0,0.0,0.0,0.0,0.0,0.0,0.0,0.0,0.0,0.0,0.0,0.0,0.0,0.0,0.0,0.0,0.0,0.0,0.0,0.0,1.0,0.0,0.0,0.0,-67.06,-43.56,0.0,1.25,0.158,2733.0,1.0,0.0025612879619465,0.0080497621661178,0.0109769484083424
0.0,0.0,0.0,0.0,0.0,0.0,0.0,0.0,0.0,0.0,0.0,0.0,0.0,0.0,0.0,0.0,0.0,1.0,0.0,0.0,0.0,0.0,0.0,1.0,0.0,0.0,0.0,-67.46,-36.77,0.0,1.25,0.158,2733.0,1.0,0.0032930845225027,0.0062202707647274,0.0098792535675082
0.0,0.0,0.0,0.0,0.0,0.0,0.0,0.0,1.0,0.0,0.0,0.0,0.0,0.0,0.0,0.0,0.0,0.0,0.0,0.0,0.0,0.0,0.0,1.0,0.0,0.0,0.0,-67.35,-35.91,76.6,1.25,0.158,2733.0,1.0,0.0029271862422246,0.0087815587266739,0.0120746432491767
0.0,0.0,0.0,1.0,0.0,0.0,0.0,0.0,0.0,0.0,0.0,0.0,0.0,0.0,0.0,0.0,0.0,0.0,0.0,0.0,0.0,0.0,0.0,1.0,0.0,0.0,0.0,-62.22,-42.87,45.1,1.25,0.158,2733.0,1.0,0.0029271862422246,0.0065861690450054,0.0098792535675082
0.0,0.0,0.0,0.0,0.0,0.0,0.0,0.0,0.0,0.0,1.0,0.0,0.0,0.0,0.0,0.0,0.0,0.0,0.0,0.0,0.0,0.0,0.0,1.0,0.0,0.0,0.0,-60.85,-48.29,0.8,1.25,0.158,2733.0,1.0,0.0029271862422246,0.0073179656055616,0.0106110501280643
0.0,0.0,0.0,0.0,0.0,0.0,0.0,0.0,0.0,0.0,0.0,0.0,0.0,1.0,0.0,0.0,0.0,0.0,0.0,0.0,0.0,0.0,0.0,1.0,0.0,0.0,0.0,-58.75,-51.91,11.8,1.25,0.158,2733.0,1.0,0.0029271862422246,0.0087815587266739,0.0120746432491767
0.0,0.0,1.0,0.0,0.0,0.0,0.0,0.0,0.0,0.0,0.0,0.0,0.0,0.0,0.0,0.0,0.0,0.0,0.0,0.0,0.0,0.0,0.0,1.0,0.0,0.0,0.0,-66.16,-37.84,67.2,1.25,0.158,2733.0,1.0,0.0032930845225027,0.0065861690450054,0.0102451518477863
0.0,0.0,0.0,0.0,0.0,1.0,0.0,0.0,0.0,0.0,0.0,0.0,0.0,0.0,0.0,0.0,0.0,0.0,0.0,0.0,0.0,0.0,0.0,1.0,0.0,0.0,0.0,-66.27,-41.98,1.5,1.25,0.158,2733.0,1.0,0.0021953896816684,0.0080497621661178,0.0106110501280643
0.0,0.0,0.0,0.0,0.0,0.0,0.0,1.0,0.0,0.0,0.0,0.0,0.0,0.0,0.0,0.0,0.0,0.0,0.0,0.0,0.0,0.0,0.0,1.0,0.0,0.0,0.0,-67.46,-39.14,0.0,1.25,0.158,2733.0,1.0,0.0032930845225027,0.0062202707647274,0.0098792535675082
0.0,0.0,0.0,0.0,0.0,0.0,0.0,0.0,0.0,1.0,0.0,0.0,0.0,0.0,0.0,0.0,0.0,0.0,0.0,0.0,0.0,0.0,0.0,1.0,0.0,0.0,0.0,-57.27,-40.85,56.7,1.25,0.158,2733.0,1.0,0.0029271862422246,0.0062202707647274,0.0095133552872301
0.0,0.0,0.0,1.0,0.0,0.0,0.0,0.0,0.0,0.0,0.0,0.0,0.0,0.0,0.0,0.0,0.0,0.0,0.0,0.0,0.0,0.0,0.0,1.0,0.0,0.0,0.0,-72.47,-39.73,54.9,1.25,0.158,2733.0,1.0,0.0032930845225027,0.0065861690450054,0.0102451518477863
0.0,0.0,0.0,0.0,0.0,0.0,0.0,0.0,0.0,1.0,0.0,0.0,0.0,0.0,0.0,0.0,0.0,0.0,0.0,0.0,0.0,0.0,0.0,1.0,0.0,0.0,0.0,-62.15,-39.0,0.0,1.25,0.158,2733.0,1.0,0.0032930845225027,0.0080497621661178,0.0117087449688986
0.0,0.0,0.0,0.0,0.0,0.0,0.0,1.0,0.0,0.0,0.0,0.0,0.0,0.0,0.0,0.0,0.0,0.0,0.0,0.0,0.0,0.0,0.0,1.0,0.0,0.0,0.0,-63.97,-42.07,9.6,1.25,0.158,2733.0,1.0,0.0032930845225027,0.0058543724844493,0.0095133552872301
0.0,0.0,0.0,0.0,0.0,0.0,0.0,0.0,1.0,0.0,0.0,0.0,0.0,0.0,0.0,0.0,0.0,0.0,0.0,0.0,0.0,0.0,0.0,1.0,0.0,0.0,0.0,-61.08,-45.47,88.6,1.25,0.158,2733.0,1.0,0.0029271862422246,0.0080497621661178,0.0113428466886205
0.0,0.0,0.0,0.0,0.0,0.0,0.0,1.0,0.0,0.0,0.0,0.0,0.0,0.0,0.0,0.0,0.0,0.0,0.0,0.0,0.0,0.0,0.0,1.0,0.0,0.0,0.0,-61.04,-44.04,37.5,1.25,0.158,2733.0,1.0,0.0032930845225027,0.0058543724844493,0.0095133552872301
0.0,0.0,0.0,1.0,0.0,0.0,0.0,0.0,0.0,0.0,0.0,0.0,0.0,0.0,0.0,0.0,0.0,0.0,0.0,0.0,0.0,0.0,0.0,1.0,0.0,0.0,0.0,-60.12,-45.32,5.9,1.25,0.158,2733.0,1.0,0.0029271862422246,0.0080497621661178,0.0113428466886205
0.0,0.0,0.0,0.0,0.0,0.0,0.0,0.0,1.0,0.0,0.0,0.0,0.0,0.0,0.0,0.0,0.0,0.0,0.0,0.0,0.0,0.0,0.0,1.0,0.0,0.0,0.0,-62.19,-37.49,116.3,1.25,0.158,2733.0,1.0,0.0029271862422246,0.0062202707647274,0.0095133552872301
0.0,0.0,0.0,1.0,0.0,0.0,0.0,0.0,0.0,0.0,0.0,0.0,0.0,0.0,0.0,0.0,0.0,0.0,0.0,0.0,0.0,0.0,0.0,0.0,0.0,1.0,0.0,-88.8,170.33,120.2,1.25,0.158,2733.0,1.0,0.0029271862422246,0.0062202707647274,0.0095133552872301
0.0,0.0,0.0,0.0,0.0,0.0,0.0,0.0,0.0,0.0,1.0,0.0,0.0,0.0,0.0,0.0,0.0,0.0,0.0,0.0,0.0,0.0,0.0,0.0,0.0,1.0,0.0,64.73,360.0,118.8,1.25,0.158,2733.0,1.0,0.0025612879619465,0.0025612879619465,0.0054884742041712
