0.0,0.0,0.0,0.0,0.0,0.0,1.0,0.0,0.0,0.0,0.0,0.0,0.0,0.0,0.0,0.0,0.0,0.0,0.0,0.0,0.0,0.0,0.0,0.0,0.0,1.0,0.0,360.0,127.51,185.8,1.35,0.16,1209.0,1.0,0.0049627791563275,0.0074441687344913,0.0132340777502067
0.0,0.0,0.0,0.0,0.0,0.0,0.0,0.0,0.0,0.0,0.0,0.0,0.0,0.0,0.0,1.0,0.0,0.0,0.0,0.0,0.0,0.0,0.0,0.0,0.0,1.0,0.0,-116.46,19.6,130.8,1.35,0.16,1209.0,1.0,0.0066170388751033,0.0082712985938792,0.0157154673283705
0.0,0.0,0.0,0.0,0.0,0.0,0.0,0.0,0.0,0.0,0.0,0.0,0.0,0.0,0.0,1.0,0.0,0.0,0.0,0.0,0.0,0.0,0.0,0.0,0.0,1.0,0.0,-92.49,-19.86,91.5,1.35,0.16,1209.0,1.0,0.0066170388751033,0.0090984284532671,0.0165425971877584
0.0,0.0,0.0,0.0,0.0,1.0,0.0,0.0,0.0,0.0,0.0,0.0,0.0,0.0,0.0,0.0,0.0,0.0,0.0,0.0,0.0,0.0,0.0,0.0,0.0,1.0,0.0,80.23,10.05,66.2,1.35,0.16,1209.0,1.0,0.0049627791563275,0.0074441687344913,0.0132340777502067
0.0,0.0,0.0,0.0,0.0,0.0,0.0,0.0,0.0,1.0,0.0,0.0,0.0,0.0,0.0,0.0,0.0,0.0,0.0,0.0,0.0,0.0,0.0,0.0,0.0,1.0,0.0,-69.56,134.94,123.7,1.35,0.16,1209.0,1.0,0.0066170388751033,0.0115798180314309,0.0190239867659222
0.0,0.0,0.0,0.0,0.0,0.0,0.0,0.0,0.0,0.0,0.0,0.0,0.0,0.0,0.0,0.0,0.0,1.0,0.0,0.0,0.0,0.0,0.0,0.0,0.0,1.0,0.0,-132.11,131.46,118.0,1.35,0.16,1209.0,1.0,0.0074441687344913,0.0090984284532671,0.0173697270471464
0.0,0.0,0.0,0.0,0.0,0.0,0.0,0.0,0.0,0.0,0.0,0.0,1.0,0.0,0.0,0.0,0.0,0.0,0.0,0.0,0.0,0.0,0.0,0.0,0.0,1.0,0.0,-54.38,136.38,121.7,1.35,0.16,1209.0,1.0,0.0074441687344913,0.0066170388751033,0.0148883374689826
0.0,0.0,0.0,0.0,0.0,0.0,0.0,0.0,0.0,0.0,0.0,0.0,0.0,0.0,1.0,0.0,0.0,0.0,0.0,0.0,0.0,0.0,0.0,0.0,0.0,1.0,0.0,-75.19,130.87,135.1,1.35,0.16,1209.0,1.0,0.0066170388751033,0.009925558312655,0.0173697270471464
0.0,0.0,0.0,0.0,0.0,1.0,0.0,0.0,0.0,0.0,0.0,0.0,0.0,0.0,0.0,0.0,0.0,0.0,0.0,0.0,0.0,0.0,0.0,0.0,0.0,1.0,0.0,-74.03,-44.5,73.3,1.35,0.16,1209.0,1.0,0.0049627791563275,0.010752688172043,0.0165425971877584
0.0,0.0,0.0,0.0,0.0,0.0,0.0,0.0,0.0,0.0,0.0,0.0,0.0,0.0,0.0,1.0,0.0,0.0,0.0,0.0,0.0,0.0,0.0,0.0,0.0,0.0,1.0,-77.19,163.02,32.0,1.35,0.16,1209.0,1.0,0.0066170388751033,0.0124069478908188,0.0198511166253101
0.0,0.0,0.0,0.0,0.0,0.0,1.0,0.0,0.0,0.0,0.0,0.0,0.0,0.0,0.0,0.0,0.0,0.0,0.0,0.0,0.0,0.0,0.0,0.0,0.0,0.0,1.0,-75.47,-22.31,165.4,1.35,0.16,1209.0,1.0,0.0066170388751033,0.0132340777502067,0.0206782464846981
0.0,0.0,0.0,0.0,0.0,0.0,0.0,0.0,0.0,0.0,1.0,0.0,0.0,0.0,0.0,0.0,0.0,0.0,0.0,0.0,0.0,0.0,0.0,0.0,0.0,0.0,1.0,-122.53,167.64,83.2,1.35,0.16,1209.0,0.5,0.0066170388751033,0.0157154673283705,0.0231596360628618
0.0,0.0,0.0,0.0,0.0,0.0,0.0,0.0,0.0,0.0,0.0,0.0,0.0,0.0,0.0,1.0,0.0,0.0,0.0,0.0,0.0,0.0,0.0,0.0,0.0,0.0,1.0,-60.05,142.07,19.4,1.35,0.16,1209.0,1.0,0.0066170388751033,0.0132340777502067,0.0206782464846981
0.0,0.0,0.0,1.0,0.0,0.0,0.0,0.0,0.0,0.0,0.0,0.0,0.0,0.0,0.0,0.0,0.0,0.0,0.0,0.0,0.0,0.0,0.0,0.0,0.0,0.0,1.0,-92.33,-18.9,85.2,1.35,0.16,1209.0,1.0,0.0066170388751033,0.0124069478908188,0.0198511166253101
0.0,0.0,0.0,0.0,0.0,0.0,0.0,0.0,0.0,0.0,0.0,0.0,0.0,0.0,0.0,1.0,0.0,0.0,0.0,0.0,0.0,0.0,0.0,0.0,1.0,0.0,0.0,-139.45,159.16,27.2,1.35,0.16,1209.0,1.0,0.0066170388751033,0.0181968569065343,0.0256410256410256
0.0,0.0,0.0,0.0,0.0,0.0,0.0,0.0,0.0,0.0,0.0,0.0,0.0,0.0,0.0,0.0,0.0,1.0,0.0,0.0,0.0,0.0,0.0,0.0,1.0,0.0,0.0,-66.34,130.21,2.9,1.35,0.16,1209.0,1.0,0.0074441687344913,0.0173697270471464,0.0256410256410256
0.0,0.0,0.0,0.0,0.0,0.0,0.0,0.0,0.0,0.0,0.0,0.0,0.0,1.0,0.0,0.0,0.0,0.0,0.0,0.0,0.0,0.0,0.0,0.0,0.0,0.0,1.0,-109.49,173.28,90.2,1.35,0.16,1209.0,1.0,0.0066170388751033,0.0148883374689826,0.0223325062034739
0.0,0.0,0.0,0.0,0.0,0.0,0.0,0.0,0.0,0.0,0.0,0.0,0.0,0.0,0.0,1.0,0.0,0.0,0.0,0.0,0.0,0.0,0.0,0.0,0.0,0.0,1.0,-60.59,-22.27,72.2,1.35,0.16,1209.0,1.0,0.0066170388751033,0.009925558312655,0.0173697270471464
0.0,0.0,0.0,0.0,0.0,0.0,0.0,0.0,0.0,0.0,0.0,1.0,0.0,0.0,0.0,0.0,0.0,0.0,0.0,0.0,0.0,0.0,0.0,0.0,0.0,0.0,1.0,-123.94,21.06,111.2,1.35,0.16,1209.0,1.0,0.0066170388751033,0.0148883374689826,0.0223325062034739
0.0,0.0,0.0,0.0,0.0,0.0,0.0,0.0,0.0,0.0,0.0,0.0,0.0,0.0,0.0,1.0,0.0,0.0,0.0,0.0,0.0,0.0,0.0,0.0,0.0,0.0,1.0,-69.49,149.3,1.4,1.35,0.16,1209.0,1.0,0.0066170388751033,0.0132340777502067,0.0206782464846981
1.0,0.0,0.0,0.0,0.0,0.0,0.0,0.0,0.0,0.0,0.0,0.0,0.0,0.0,0.0,0.0,0.0,0.0,0.0,0.0,0.0,0.0,0.0,0.0,1.0,0.0,0.0,-95.2,126.13,6.6,1.35,0.16,1209.0,1.0,0.0057899090157154,0.0173697270471464,0.0239867659222497
0.0,0.0,0.0,0.0,0.0,0.0,0.0,0.0,0.0,0.0,0.0,0.0,0.0,0.0,0.0,0.0,0.0,1.0,0.0,0.0,0.0,0.0,0.0,0.0,1.0,0.0,0.0,-126.64,120.51,0.0,1.35,0.16,1209.0,1.0,0.0074441687344913,0.0132340777502067,0.021505376344086
0.0,0.0,0.0,0.0,0.0,0.0,0.0,0.0,0.0,1.0,0.0,0.0,0.0,0.0,0.0,0.0,0.0,0.0,0.0,0.0,0.0,0.0,0.0,0.0,1.0,0.0,0.0,-81.45,127.11,45.1,1.35,0.16,1209.0,0.5,0.0066170388751033,0.0173697270471464,0.0248138957816377
0.0,0.0,0.0,0.0,0.0,0.0,0.0,0.0,0.0,0.0,0.0,0.0,0.0,0.0,0.0,0.0,0.0,1.0,0.0,0.0,0.0,0.0,0.0,0.0,1.0,0.0,0.0,-135.04,156.91,0.0,1.35,0.16,1209.0,1.0,0.0074441687344913,0.0165425971877584,0.0248138957816377
0.0,0.0,0.0,0.0,0.0,0.0,1.0,0.0,0.0,0.0,0.0,0.0,0.0,0.0,0.0,0.0,0.0,0.0,0.0,0.0,0.0,0.0,0.0,0.0,1.0,0.0,0.0,-97.66,143.22,72.0,1.35,0.16,1209.0,1.0,0.0074441687344913,0.0148883374689826,0.0231596360628618
0.0,0.0,0.0,0.0,1.0,0.0,0.0,0.0,0.0,0.0,0.0,0.0,0.0,0.0,0.0,0.0,0.0,0.0,0.0,0.0,0.0,0.0,0.0,0.0,1.0,0.0,0.0,-151.96,156.99,21.1,1.35,0.16,1209.0,1.0,0.0066170388751033,0.0173697270471464,0.0248138957816377
0.0,0.0,0.0,0.0,0.0,0.0,0.0,0.0,0.0,0.0,0.0,0.0,0.0,0.0,0.0,0.0,1.0,0.0,0.0,0.0,0.0,0.0,0.0,0.0,1.0,0.0,0.0,-128.96,138.55,19.8,1.35,0.16,1209.0,1.0,0.0074441687344913,0.0165425971877584,0.0248138957816377
0.0,0.0,0.0,0.0,0.0,0.0,0.0,0.0,0.0,1.0,0.0,0.0,0.0,0.0,0.0,0.0,0.0,0.0,0.0,0.0,0.0,0.0,0.0,0.0,1.0,0.0,0.0,-125.18,115.94,5.6,1.35,0.16,1209.0,0.5,0.0074441687344913,0.0157154673283705,0.0239867659222497
0.0,0.0,0.0,0.0,0.0,0.0,0.0,0.0,1.0,0.0,0.0,0.0,0.0,0.0,0.0,0.0,0.0,0.0,0.0,0.0,0.0,0.0,0.0,0.0,1.0,0.0,0.0,-112.17,154.48,80.7,1.35,0.16,1209.0,1.0,0.0066170388751033,0.0173697270471464,0.0248138957816377
0.0,0.0,0.0,0.0,0.0,0.0,0.0,0.0,0.0,1.0,0.0,0.0,0.0,0.0,0.0,0.0,0.0,0.0,0.0,0.0,0.0,0.0,0.0,0.0,1.0,0.0,0.0,-96.62,169.16,28.9,1.35,0.16,1209.0,1.0,0.0074441687344913,0.010752688172043,0.0190239867659222
0.0,0.0,1.0,0.0,0.0,0.0,0.0,0.0,0.0,0.0,0.0,0.0,0.0,0.0,0.0,0.0,0.0,0.0,0.0,0.0,0.0,0.0,0.0,0.0,0.0,0.0,1.0,-54.25,-28.72,126.7,1.35,0.16,1209.0,1.0,0.0074441687344913,0.0074441687344913,0.0157154673283705
0.0,0.0,1.0,0.0,0.0,0.0,0.0,0.0,0.0,0.0,0.0,0.0,0.0,0.0,0.0,0.0,0.0,0.0,0.0,0.0,0.0,0.0,0.0,0.0,0.0,0.0,1.0,-81.28,-0.39,118.2,1.35,0.16,1209.0,1.0,0.0074441687344913,0.0074441687344913,0.0157154673283705
0.0,0.0,0.0,0.0,0.0,1.0,0.0,0.0,0.0,0.0,0.0,0.0,0.0,0.0,0.0,0.0,0.0,0.0,0.0,0.0,0.0,0.0,0.0,0.0,0.0,0.0,1.0,90.14,0.22,44.0,1.35,0.16,1209.0,1.0,0.0049627791563275,0.0115798180314309,0.0173697270471464
0.0,0.0,0.0,0.0,0.0,0.0,0.0,0.0,0.0,0.0,0.0,0.0,0.0,0.0,0.0,0.0,1.0,0.0,0.0,0.0,0.0,0.0,0.0,0.0,0.0,1.0,0.0,-80.06,149.79,71.8,1.35,0.16,1209.0,1.0,0.0074441687344913,0.009925558312655,0.0181968569065343
0.0,0.0,0.0,0.0,0.0,0.0,0.0,0.0,0.0,0.0,0.0,0.0,0.0,0.0,0.0,0.0,1.0,0.0,0.0,0.0,0.0,0.0,0.0,0.0,1.0,0.0,0.0,-85.58,112.39,73.2,1.35,0.16,1209.0,1.0,0.0074441687344913,0.0124069478908188,0.0206782464846981
1.0,0.0,0.0,0.0,0.0,0.0,0.0,0.0,0.0,0.0,0.0,0.0,0.0,0.0,0.0,0.0,0.0,0.0,0.0,0.0,0.0,0.0,0.0,0.0,1.0,0.0,0.0,-78.62,-38.99,30.1,1.35,0.16,1209.0,1.0,0.0057899090157154,0.009925558312655,0.0165425971877584
0.0,0.0,0.0,1.0,0.0,0.0,0.0,0.0,0.0,0.0,0.0,0.0,0.0,0.0,0.0,0.0,0.0,0.0,0.0,0.0,0.0,0.0,0.0,0.0,1.0,0.0,0.0,-154.89,142.34,92.2,1.35,0.16,1209.0,1.0,0.0066170388751033,0.0140612076095947,0.021505376344086
0.0,0.0,0.0,0.0,0.0,0.0,0.0,0.0,0.0,0.0,0.0,0.0,0.0,0.0,0.0,1.0,0.0,0.0,0.0,0.0,0.0,0.0,0.0,0.0,1.0,0.0,0.0,-150.52,142.57,5.4,1.35,0.16,1209.0,0.5,0.0066170388751033,0.0173697270471464,0.0248138957816377
0.0,0.0,0.0,0.0,0.0,0.0,0.0,0.0,0.0,0.0,0.0,0.0,0.0,0.0,0.0,0.0,1.0,0.0,0.0,0.0,0.0,0.0,0.0,1.0,0.0,0.0,0.0,-65.67,-31.67,4.4,1.35,0.16,1209.0,1.0,0.0074441687344913,0.0148883374689826,0.0231596360628618
0.0,0.0,0.0,0.0,0.0,0.0,0.0,0.0,0.0,0.0,0.0,0.0,0.0,0.0,1.0,0.0,0.0,0.0,0.0,0.0,0.0,0.0,0.0,1.0,0.0,0.0,0.0,-53.86,-44.86,199.5,1.35,0.16,1209.0,1.0,0.0066170388751033,0.0124069478908188,0.0198511166253101
0.0,0.0,0.0,0.0,0.0,0.0,0.0,0.0,0.0,0.0,0.0,1.0,0.0,0.0,0.0,0.0,0.0,0.0,0.0,0.0,0.0,0.0,0.0,1.0,0.0,0.0,0.0,-70.89,-39.08,131.0,1.35,0.16,1209.0,1.0,0.0066170388751033,0.0140612076095947,0.021505376344086
0.0,0.0,0.0,0.0,0.0,0.0,0.0,0.0,0.0,0.0,0.0,1.0,0.0,0.0,0.0,0.0,0.0,0.0,0.0,0.0,0.0,0.0,0.0,1.0,0.0,0.0,0.0,-70.99,-22.17,69.9,1.35,0.16,1209.0,1.0,0.0074441687344913,0.0132340777502067,0.021505376344086
0.0,0.0,0.0,0.0,0.0,1.0,0.0,0.0,0.0,0.0,0.0,0.0,0.0,0.0,0.0,0.0,0.0,0.0,0.0,0.0,0.0,0.0,0.0,0.0,0.0,1.0,0.0,94.13,-5.66,65.1,1.35,0.16,1209.0,1.0,0.0049627791563275,0.010752688172043,0.0165425971877584
0.0,0.0,0.0,0.0,0.0,0.0,0.0,0.0,1.0,0.0,0.0,0.0,0.0,0.0,0.0,0.0,0.0,0.0,0.0,0.0,0.0,0.0,0.0,0.0,0.0,1.0,0.0,-163.18,158.84,137.4,1.35,0.16,1209.0,1.0,0.0074441687344913,0.009925558312655,0.0181968569065343
0.0,0.0,0.0,0.0,0.0,0.0,0.0,0.0,0.0,0.0,0.0,0.0,1.0,0.0,0.0,0.0,0.0,0.0,0.0,0.0,0.0,0.0,0.0,0.0,0.0,1.0,0.0,-63.12,160.88,50.1,1.35,0.16,1209.0,1.0,0.0074441687344913,0.0148883374689826,0.0231596360628618
1.0,0.0,0.0,0.0,0.0,0.0,0.0,0.0,0.0,0.0,0.0,0.0,0.0,0.0,0.0,0.0,0.0,0.0,0.0,0.0,0.0,0.0,0.0,0.0,1.0,0.0,0.0,-108.55,148.65,20.1,1.35,0.16,1209.0,1.0,0.0057899090157154,0.0115798180314309,0.0181968569065343
0.0,0.0,0.0,0.0,0.0,0.0,0.0,0.0,0.0,1.0,0.0,0.0,0.0,0.0,0.0,0.0,0.0,0.0,0.0,0.0,0.0,0.0,0.0,0.0,1.0,0.0,0.0,-99.15,115.46,92.3,1.35,0.16,1209.0,1.0,0.0066170388751033,0.0124069478908188,0.0198511166253101
0.0,0.0,0.0,0.0,1.0,0.0,0.0,0.0,0.0,0.0,0.0,0.0,0.0,0.0,0.0,0.0,0.0,0.0,0.0,0.0,0.0,0.0,0.0,0.0,1.0,0.0,0.0,-104.42,111.67,19.3,1.35,0.16,1209.0,1.0,0.0074441687344913,0.0132340777502067,0.021505376344086
0.0,0.0,0.0,0.0,0.0,0.0,0.0,0.0,0.0,0.0,0.0,0.0,0.0,0.0,1.0,0.0,0.0,0.0,0.0,0.0,0.0,0.0,0.0,0.0,1.0,0.0,0.0,-102.01,118.16,107.7,1.35,0.16,1209.0,1.0,0.0066170388751033,0.0148883374689826,0.0223325062034739
0.0,0.0,0.0,0.0,0.0,0.0,0.0,0.0,0.0,1.0,0.0,0.0,0.0,0.0,0.0,0.0,0.0,0.0,0.0,0.0,0.0,0.0,0.0,0.0,0.0,1.0,0.0,-83.0,152.57,1.5,1.35,0.16,1209.0,1.0,0.0066170388751033,0.0173697270471464,0.0248138957816377
0.0,0.0,0.0,0.0,0.0,1.0,0.0,0.0,0.0,0.0,0.0,0.0,0.0,0.0,0.0,0.0,0.0,0.0,0.0,0.0,0.0,0.0,0.0,0.0,0.0,1.0,0.0,84.88,12.63,40.8,1.35,0.16,1209.0,1.0,0.0049627791563275,0.0132340777502067,0.0190239867659222
0.0,0.0,1.0,0.0,0.0,0.0,0.0,0.0,0.0,0.0,0.0,0.0,0.0,0.0,0.0,0.0,0.0,0.0,0.0,0.0,0.0,0.0,0.0,0.0,0.0,1.0,0.0,-130.04,21.0,85.9,1.35,0.16,1209.0,1.0,0.0074441687344913,0.0074441687344913,0.0157154673283705
1.0,0.0,0.0,0.0,0.0,0.0,0.0,0.0,0.0,0.0,0.0,0.0,0.0,0.0,0.0,0.0,0.0,0.0,0.0,0.0,0.0,0.0,0.0,0.0,0.0,0.0,1.0,61.79,20.56,96.9,1.35,0.16,1209.0,1.0,0.0057899090157154,0.0082712985938792,0.0148883374689826
0.0,0.0,0.0,0.0,0.0,0.0,0.0,0.0,0.0,0.0,0.0,0.0,0.0,0.0,0.0,1.0,0.0,0.0,0.0,0.0,0.0,0.0,0.0,0.0,0.0,0.0,1.0,-83.95,-20.3,74.0,1.35,0.16,1209.0,1.0,0.0066170388751033,0.009925558312655,0.0173697270471464
0.0,0.0,0.0,0.0,0.0,0.0,0.0,0.0,0.0,1.0,0.0,0.0,0.0,0.0,0.0,0.0,0.0,0.0,0.0,0.0,0.0,0.0,0.0,0.0,0.0,0.0,1.0,-115.55,151.42,25.5,1.35,0.16,1209.0,1.0,0.0066170388751033,0.0115798180314309,0.0190239867659222
0.0,0.0,0.0,0.0,0.0,0.0,0.0,0.0,0.0,0.0,0.0,0.0,0.0,0.0,0.0,1.0,0.0,0.0,0.0,0.0,0.0,0.0,0.0,0.0,0.0,0.0,1.0,-69.98,154.31,28.9,1.35,0.16,1209.0,1.0,0.0066170388751033,0.0090984284532671,0.0165425971877584
0.0,0.0,0.0,1.0,0.0,0.0,0.0,0.0,0.0,0.0,0.0,0.0,0.0,0.0,0.0,0.0,0.0,0.0,0.0,0.0,0.0,0.0,0.0,1.0,0.0,0.0,0.0,-59.57,-34.7,154.4,1.35,0.16,1209.0,1.0,0.0066170388751033,0.0140612076095947,0.021505376344086
0.0,0.0,0.0,0.0,0.0,1.0,0.0,0.0,0.0,0.0,0.0,0.0,0.0,0.0,0.0,0.0,0.0,0.0,0.0,0.0,0.0,0.0,0.0,1.0,0.0,0.0,0.0,-63.01,-39.54,14.7,1.35,0.16,1209.0,1.0,0.0049627791563275,0.0165425971877584,0.0223325062034739
0.0,0.0,0.0,0.0,0.0,0.0,0.0,0.0,0.0,1.0,0.0,0.0,0.0,0.0,0.0,0.0,0.0,0.0,0.0,0.0,0.0,0.0,0.0,1.0,0.0,0.0,0.0,-67.31,-47.29,7.2,1.35,0.16,1209.0,1.0,0.0066170388751033,0.0148883374689826,0.0223325062034739
0.0,0.0,0.0,1.0,0.0,0.0,0.0,0.0,0.0,0.0,0.0,0.0,0.0,0.0,0.0,0.0,0.0,0.0,0.0,0.0,0.0,0.0,0.0,1.0,0.0,0.0,0.0,-55.67,-40.35,22.4,1.35,0.16,1209.0,1.0,0.0066170388751033,0.0190239867659222,0.0264681555004135
0.0,0.0,0.0,0.0,0.0,0.0,0.0,0.0,0.0,0.0,0.0,0.0,0.0,1.0,0.0,0.0,0.0,0.0,0.0,0.0,0.0,0.0,0.0,1.0,0.0,0.0,0.0,-63.49,-29.2,126.5,1.35,0.16,1209.0,1.0,0.0066170388751033,0.0165425971877584,0.0239867659222497
0.0,0.0,0.0,0.0,0.0,0.0,1.0,0.0,0.0,0.0,0.0,0.0,0.0,0.0,0.0,0.0,0.0,0.0,0.0,0.0,0.0,0.0,0.0,1.0,0.0,0.0,0.0,-83.81,-15.04,76.6,1.35,0.16,1209.0,1.0,0.0066170388751033,0.0140612076095947,0.021505376344086
0.0,0.0,0.0,0.0,0.0,0.0,0.0,0.0,0.0,1.0,0.0,0.0,0.0,0.0,0.0,0.0,0.0,0.0,0.0,0.0,0.0,0.0,0.0,1.0,0.0,0.0,0.0,-91.18,-30.48,0.0,1.35,0.16,1209.0,1.0,0.0066170388751033,0.0148883374689826,0.0223325062034739
0.0,0.0,0.0,0.0,0.0,0.0,0.0,0.0,0.0,1.0,0.0,0.0,0.0,0.0,0.0,0.0,0.0,0.0,0.0,0.0,0.0,0.0,0.0,0.0,0.0,0.0,1.0,-58.2,132.42,60.5,1.35,0.16,1209.0,1.0,0.0066170388751033,0.0140612076095947,0.021505376344086
0.0,0.0,0.0,0.0,0.0,1.0,0.0,0.0,0.0,0.0,0.0,0.0,0.0,0.0,0.0,0.0,0.0,0.0,0.0,0.0,0.0,0.0,0.0,0.0,0.0,0.0,1.0,90.65,-16.99,45.3,1.35,0.16,1209.0,1.0,0.0049627791563275,0.0148883374689826,0.0206782464846981
0.0,0.0,0.0,0.0,0.0,0.0,0.0,0.0,0.0,1.0,0.0,0.0,0.0,0.0,0.0,0.0,0.0,0.0,0.0,0.0,0.0,0.0,0.0,0.0,1.0,0.0,0.0,-64.38,143.62,25.1,1.35,0.16,1209.0,1.0,0.0066170388751033,0.0173697270471464,0.0248138957816377
0.0,0.0,0.0,0.0,0.0,0.0,0.0,0.0,1.0,0.0,0.0,0.0,0.0,0.0,0.0,0.0,0.0,0.0,0.0,0.0,0.0,0.0,0.0,0.0,1.0,0.0,0.0,-104.87,164.06,99.6,1.35,0.16,1209.0,1.0,0.0066170388751033,0.0157154673283705,0.0231596360628618
0.0,0.0,0.0,0.0,0.0,0.0,0.0,0.0,0.0,0.0,0.0,0.0,0.0,0.0,0.0,0.0,0.0,1.0,0.0,0.0,0.0,0.0,0.0,0.0,0.0,0.0,1.0,-54.1,131.65,85.5,1.35,0.16,1209.0,1.0,0.0074441687344913,0.0090984284532671,0.0173697270471464
0.0,0.0,0.0,0.0,0.0,1.0,0.0,0.0,0.0,0.0,0.0,0.0,0.0,0.0,0.0,0.0,0.0,0.0,0.0,0.0,0.0,0.0,0.0,0.0,0.0,0.0,1.0,93.91,-11.1,46.4,1.35,0.16,1209.0,1.0,0.0049627791563275,0.010752688172043,0.0165425971877584
0.0,0.0,1.0,0.0,0.0,0.0,0.0,0.0,0.0,0.0,0.0,0.0,0.0,0.0,0.0,0.0,0.0,0.0,0.0,0.0,0.0,0.0,0.0,0.0,1.0,0.0,0.0,-74.4,142.16,64.3,1.35,0.16,1209.0,1.0,0.0074441687344913,0.009925558312655,0.0181968569065343
0.0,0.0,0.0,0.0,0.0,0.0,0.0,0.0,1.0,0.0,0.0,0.0,0.0,0.0,0.0,0.0,0.0,0.0,0.0,0.0,0.0,0.0,0.0,0.0,1.0,0.0,0.0,-119.94,139.2,157.9,1.35,0.16,1209.0,1.0,0.0066170388751033,0.0132340777502067,0.0206782464846981
0.0,0.0,0.0,0.0,0.0,0.0,0.0,0.0,0.0,0.0,0.0,0.0,0.0,0.0,0.0,0.0,1.0,0.0,0.0,0.0,0.0,0.0,0.0,0.0,1.0,0.0,0.0,-135.5,144.26,31.5,1.35,0.16,1209.0,1.0,0.0074441687344913,0.0082712985938792,0.0165425971877584
0.0,0.0,0.0,0.0,0.0,0.0,0.0,0.0,0.0,0.0,0.0,0.0,0.0,0.0,0.0,0.0,1.0,0.0,0.0,0.0,0.0,0.0,0.0,0.0,1.0,0.0,0.0,-125.44,131.24,84.0,1.35,0.16,1209.0,0.5,0.0074441687344913,0.0132340777502067,0.021505376344086
0.0,0.0,0.0,0.0,1.0,0.0,0.0,0.0,0.0,0.0,0.0,0.0,0.0,0.0,0.0,0.0,0.0,0.0,0.0,0.0,0.0,0.0,0.0,0.0,1.0,0.0,0.0,-163.81,161.17,18.8,1.35,0.16,1209.0,1.0,0.0066170388751033,0.0124069478908188,0.0198511166253101
0.0,0.0,0.0,0.0,0.0,0.0,0.0,0.0,0.0,0.0,0.0,0.0,0.0,0.0,0.0,1.0,0.0,0.0,0.0,0.0,0.0,0.0,0.0,0.0,1.0,0.0,0.0,-115.22,147.64,69.2,1.35,0.16,1209.0,0.5,0.0066170388751033,0.0124069478908188,0.0198511166253101
0.0,0.0,0.0,0.0,0.0,0.0,0.0,0.0,0.0,1.0,0.0,0.0,0.0,0.0,0.0,0.0,0.0,0.0,0.0,0.0,0.0,0.0,0.0,0.0,1.0,0.0,0.0,-127.68,135.27,10.9,1.35,0.16,1209.0,1.0,0.0066170388751033,0.0115798180314309,0.0190239867659222
0.0,0.0,0.0,1.0,0.0,0.0,0.0,0.0,0.0,0.0,0.0,0.0,0.0,0.0,0.0,0.0,0.0,0.0,0.0,0.0,0.0,0.0,0.0,0.0,0.0,1.0,0.0,-81.43,163.82,114.8,1.35,0.16,1209.0,1.0,0.0082712985938792,0.0124069478908188,0.021505376344086
0.0,0.0,0.0,0.0,0.0,0.0,0.0,0.0,0.0,0.0,0.0,0.0,1.0,0.0,0.0,0.0,0.0,0.0,0.0,0.0,0.0,0.0,1.0,0.0,0.0,0.0,0.0,-50.53,-40.71,17.3,1.35,0.16,1209.0,1.0,0.0074441687344913,0.0148883374689826,0.0231596360628618
0.0,0.0,1.0,0.0,0.0,0.0,0.0,0.0,0.0,0.0,0.0,0.0,0.0,0.0,0.0,0.0,0.0,0.0,0.0,0.0,0.0,0.0,1.0,0.0,0.0,0.0,0.0,-61.41,-27.35,150.5,1.35,0.16,1209.0,1.0,0.0074441687344913,0.009925558312655,0.0181968569065343
1.0,0.0,0.0,0.0,0.0,0.0,0.0,0.0,0.0,0.0,0.0,0.0,0.0,0.0,0.0,0.0,0.0,0.0,0.0,0.0,0.0,0.0,1.0,0.0,0.0,0.0,0.0,-97.49,-10.47,36.1,1.35,0.16,1209.0,1.0,0.0057899090157154,0.0115798180314309,0.0181968569065343
1.0,0.0,0.0,0.0,0.0,0.0,0.0,0.0,0.0,0.0,0.0,0.0,0.0,0.0,0.0,0.0,0.0,0.0,0.0,0.0,0.0,0.0,0.0,0.0,0.0,0.0,1.0,-107.0,-114.58,9.3,1.35,0.16,1209.0,1.0,0.0057899090157154,0.0173697270471464,0.0239867659222497
0.0,0.0,0.0,0.0,1.0,0.0,0.0,0.0,0.0,0.0,0.0,0.0,0.0,0.0,0.0,0.0,0.0,0.0,0.0,0.0,0.0,0.0,0.0,0.0,0.0,0.0,1.0,-103.79,17.88,63.8,1.35,0.16,1209.0,1.0,0.0066170388751033,0.009925558312655,0.0173697270471464
0.0,0.0,0.0,0.0,0.0,1.0,0.0,0.0,0.0,0.0,0.0,0.0,0.0,0.0,0.0,0.0,0.0,0.0,0.0,0.0,0.0,0.0,0.0,0.0,0.0,0.0,1.0,69.99,171.93,23.0,1.35,0.16,1209.0,1.0,0.0049627791563275,0.0132340777502067,0.0190239867659222
0.0,0.0,0.0,0.0,0.0,0.0,0.0,0.0,0.0,0.0,0.0,0.0,0.0,0.0,0.0,0.0,0.0,1.0,0.0,0.0,0.0,0.0,0.0,0.0,0.0,1.0,0.0,-83.95,156.77,92.0,1.35,0.16,1209.0,1.0,0.0082712985938792,0.010752688172043,0.0198511166253101
0.0,0.0,0.0,0.0,0.0,0.0,0.0,0.0,0.0,0.0,0.0,0.0,1.0,0.0,0.0,0.0,0.0,0.0,0.0,0.0,0.0,0.0,0.0,0.0,0.0,1.0,0.0,-75.6,148.05,70.5,1.35,0.16,1209.0,1.0,0.0074441687344913,0.010752688172043,0.0190239867659222
0.0,0.0,0.0,0.0,0.0,0.0,0.0,0.0,0.0,0.0,0.0,0.0,0.0,0.0,0.0,1.0,0.0,0.0,0.0,0.0,0.0,0.0,0.0,0.0,0.0,1.0,0.0,-116.26,136.35,35.3,1.35,0.16,1209.0,1.0,0.0074441687344913,0.010752688172043,0.0190239867659222
0.0,0.0,0.0,0.0,0.0,0.0,0.0,0.0,0.0,0.0,0.0,0.0,1.0,0.0,0.0,0.0,0.0,0.0,0.0,0.0,0.0,0.0,1.0,0.0,0.0,0.0,0.0,-63.47,-18.03,106.4,1.35,0.16,1209.0,1.0,0.0074441687344913,0.009925558312655,0.0181968569065343
0.0,0.0,1.0,0.0,0.0,0.0,0.0,0.0,0.0,0.0,0.0,0.0,0.0,0.0,0.0,0.0,0.0,0.0,0.0,0.0,0.0,0.0,1.0,0.0,0.0,0.0,0.0,-71.41,-20.43,127.1,1.35,0.16,1209.0,1.0,0.0074441687344913,0.0115798180314309,0.0198511166253101
0.0,0.0,0.0,0.0,0.0,0.0,0.0,0.0,0.0,1.0,0.0,0.0,0.0,0.0,0.0,0.0,0.0,0.0,0.0,0.0,0.0,0.0,1.0,0.0,0.0,0.0,0.0,-94.51,9.94,64.9,1.35,0.16,1209.0,0.5,0.0074441687344913,0.0165425971877584,0.0248138957816377
0.0,0.0,0.0,0.0,0.0,0.0,0.0,1.0,0.0,0.0,0.0,0.0,0.0,0.0,0.0,0.0,0.0,0.0,0.0,0.0,0.0,0.0,0.0,0.0,1.0,0.0,0.0,-93.96,125.2,32.5,1.35,0.16,1209.0,1.0,0.0074441687344913,0.0140612076095947,0.0223325062034739
0.0,0.0,0.0,0.0,0.0,0.0,0.0,0.0,0.0,0.0,0.0,0.0,0.0,1.0,0.0,0.0,0.0,0.0,0.0,0.0,0.0,0.0,0.0,0.0,1.0,0.0,0.0,-137.77,158.35,86.3,1.35,0.16,1209.0,1.0,0.0066170388751033,0.0173697270471464,0.0248138957816377
0.0,0.0,0.0,0.0,0.0,0.0,0.0,0.0,0.0,0.0,0.0,0.0,0.0,0.0,0.0,0.0,0.0,0.0,0.0,1.0,0.0,0.0,0.0,0.0,1.0,0.0,0.0,-112.91,130.8,160.3,1.35,0.16,1209.0,1.0,0.0066170388751033,0.0148883374689826,0.0223325062034739
0.0,0.0,0.0,0.0,1.0,0.0,0.0,0.0,0.0,0.0,0.0,0.0,0.0,0.0,0.0,0.0,0.0,0.0,0.0,0.0,0.0,0.0,0.0,0.0,1.0,0.0,0.0,-124.33,151.84,40.7,1.35,0.16,1209.0,1.0,0.0066170388751033,0.0157154673283705,0.0231596360628618
0.0,0.0,0.0,0.0,0.0,0.0,0.0,0.0,0.0,0.0,0.0,0.0,0.0,0.0,0.0,1.0,0.0,0.0,0.0,0.0,0.0,0.0,0.0,0.0,1.0,0.0,0.0,-82.31,143.19,16.0,1.35,0.16,1209.0,1.0,0.0066170388751033,0.0140612076095947,0.021505376344086
0.0,0.0,0.0,0.0,0.0,0.0,0.0,0.0,0.0,0.0,0.0,0.0,0.0,0.0,1.0,0.0,0.0,0.0,0.0,0.0,0.0,0.0,1.0,0.0,0.0,0.0,0.0,-51.29,-35.92,94.9,1.35,0.16,1209.0,1.0,0.0066170388751033,0.0173697270471464,0.0248138957816377
0.0,0.0,0.0,0.0,0.0,0.0,0.0,0.0,0.0,0.0,0.0,0.0,0.0,0.0,1.0,0.0,0.0,0.0,0.0,0.0,0.0,0.0,1.0,0.0,0.0,0.0,0.0,-65.85,-20.48,168.0,1.35,0.16,1209.0,1.0,0.0066170388751033,0.0148883374689826,0.0223325062034739
0.0,0.0,0.0,1.0,0.0,0.0,0.0,0.0,0.0,0.0,0.0,0.0,0.0,0.0,0.0,0.0,0.0,0.0,0.0,0.0,0.0,0.0,1.0,0.0,0.0,0.0,0.0,-69.22,-15.56,121.2,1.35,0.16,1209.0,1.0,0.0066170388751033,0.0132340777502067,0.0206782464846981
0.0,0.0,0.0,0.0,1.0,0.0,0.0,0.0,0.0,0.0,0.0,0.0,0.0,0.0,0.0,0.0,0.0,0.0,0.0,0.0,0.0,0.0,1.0,0.0,0.0,0.0,0.0,-96.18,7.98,13.2,1.35,0.16,1209.0,1.0,0.0066170388751033,0.0157154673283705,0.0231596360628618
0.0,0.0,0.0,0.0,0.0,0.0,0.0,0.0,0.0,0.0,1.0,0.0,0.0,0.0,0.0,0.0,0.0,0.0,0.0,0.0,0.0,0.0,0.0,0.0,0.0,0.0,1.0,-39.23,-43.07,153.7,1.35,0.16,1209.0,1.0,0.0066170388751033,0.0124069478908188,0.0198511166253101
0.0,0.0,1.0,0.0,0.0,0.0,0.0,0.0,0.0,0.0,0.0,0.0,0.0,0.0,0.0,0.0,0.0,0.0,0.0,0.0,0.0,0.0,0.0,0.0,0.0,0.0,1.0,-108.47,2.92,164.3,1.35,0.16,1209.0,1.0,0.0066170388751033,0.0090984284532671,0.0165425971877584
1.0,0.0,0.0,0.0,0.0,0.0,0.0,0.0,0.0,0.0,0.0,0.0,0.0,0.0,0.0,0.0,0.0,0.0,0.0,0.0,0.0,0.0,0.0,0.0,0.0,0.0,1.0,-99.53,-13.73,64.1,1.35,0.16,1209.0,1.0,0.0057899090157154,0.0082712985938792,0.0148883374689826
0.0,0.0,0.0,0.0,0.0,1.0,0.0,0.0,0.0,0.0,0.0,0.0,0.0,0.0,0.0,0.0,0.0,0.0,0.0,0.0,0.0,0.0,0.0,0.0,0.0,1.0,0.0,113.49,143.13,39.7,1.35,0.16,1209.0,1.0,0.0049627791563275,0.0082712985938792,0.0140612076095947
0.0,0.0,0.0,1.0,0.0,0.0,0.0,0.0,0.0,0.0,0.0,0.0,0.0,0.0,0.0,0.0,0.0,0.0,0.0,0.0,0.0,0.0,0.0,0.0,0.0,1.0,0.0,-64.49,128.35,151.3,1.35,0.16,1209.0,1.0,0.0074441687344913,0.0082712985938792,0.0165425971877584
0.0,0.0,0.0,0.0,0.0,0.0,0.0,0.0,0.0,0.0,0.0,0.0,1.0,0.0,0.0,0.0,0.0,0.0,0.0,0.0,0.0,0.0,0.0,0.0,0.0,1.0,0.0,-63.06,133.32,4.9,1.35,0.16,1209.0,1.0,0.0074441687344913,0.0115798180314309,0.0198511166253101
0.0,0.0,0.0,1.0,0.0,0.0,0.0,0.0,0.0,0.0,0.0,0.0,0.0,0.0,0.0,0.0,0.0,0.0,0.0,0.0,0.0,0.0,0.0,0.0,0.0,0.0,1.0,-131.55,143.96,109.2,1.35,0.16,1209.0,1.0,0.0066170388751033,0.0124069478908188,0.0198511166253101
0.0,0.0,0.0,0.0,0.0,0.0,0.0,1.0,0.0,0.0,0.0,0.0,0.0,0.0,0.0,0.0,0.0,0.0,0.0,0.0,0.0,0.0,0.0,0.0,0.0,0.0,1.0,-58.26,129.95,111.1,1.35,0.16,1209.0,1.0,0.0074441687344913,0.010752688172043,0.0190239867659222
0.0,0.0,0.0,0.0,0.0,1.0,0.0,0.0,0.0,0.0,0.0,0.0,0.0,0.0,0.0,0.0,0.0,0.0,0.0,0.0,0.0,0.0,0.0,0.0,0.0,0.0,1.0,86.92,-9.41,50.3,1.35,0.16,1209.0,1.0,0.0049627791563275,0.0115798180314309,0.0173697270471464
1.0,0.0,0.0,0.0,0.0,0.0,0.0,0.0,0.0,0.0,0.0,0.0,0.0,0.0,0.0,0.0,0.0,0.0,0.0,0.0,0.0,0.0,0.0,0.0,1.0,0.0,0.0,-68.9,149.01,34.0,1.35,0.16,1209.0,1.0,0.0057899090157154,0.0115798180314309,0.0181968569065343
0.0,0.0,0.0,0.0,0.0,0.0,0.0,1.0,0.0,0.0,0.0,0.0,0.0,0.0,0.0,0.0,0.0,0.0,0.0,0.0,0.0,0.0,0.0,0.0,1.0,0.0,0.0,-95.38,123.69,119.5,1.35,0.16,1209.0,1.0,0.0074441687344913,0.0124069478908188,0.0206782464846981
0.0,0.0,0.0,0.0,0.0,0.0,0.0,0.0,0.0,0.0,1.0,0.0,0.0,0.0,0.0,0.0,0.0,0.0,0.0,0.0,0.0,0.0,0.0,0.0,1.0,0.0,0.0,-119.59,151.74,24.8,1.35,0.16,1209.0,1.0,0.0066170388751033,0.0124069478908188,0.0198511166253101
0.0,0.0,0.0,0.0,0.0,0.0,0.0,0.0,0.0,1.0,0.0,0.0,0.0,0.0,0.0,0.0,0.0,0.0,0.0,0.0,0.0,0.0,0.0,0.0,1.0,0.0,0.0,-94.1,137.15,108.6,1.35,0.16,1209.0,0.5,0.0066170388751033,0.0132340777502067,0.0206782464846981
0.0,0.0,0.0,0.0,1.0,0.0,0.0,0.0,0.0,0.0,0.0,0.0,0.0,0.0,0.0,0.0,0.0,0.0,0.0,0.0,0.0,0.0,0.0,0.0,1.0,0.0,0.0,-124.02,147.82,33.1,1.35,0.16,1209.0,1.0,0.0066170388751033,0.0124069478908188,0.0198511166253101
0.0,0.0,0.0,0.0,0.0,0.0,0.0,0.0,0.0,0.0,0.0,0.0,0.0,0.0,0.0,0.0,1.0,0.0,0.0,0.0,0.0,0.0,0.0,0.0,1.0,0.0,0.0,-95.17,126.59,110.2,1.35,0.16,1209.0,1.0,0.0074441687344913,0.0082712985938792,0.0165425971877584
1.0,0.0,0.0,0.0,0.0,0.0,0.0,0.0,0.0,0.0,0.0,0.0,0.0,0.0,0.0,0.0,0.0,0.0,0.0,0.0,0.0,0.0,0.0,0.0,0.0,0.0,1.0,-85.85,172.49,40.1,1.35,0.16,1209.0,1.0,0.0057899090157154,0.010752688172043,0.0173697270471464
0.0,0.0,0.0,0.0,0.0,0.0,0.0,0.0,0.0,0.0,1.0,0.0,0.0,0.0,0.0,0.0,0.0,0.0,0.0,0.0,0.0,0.0,0.0,0.0,0.0,0.0,1.0,-59.31,-38.11,197.3,1.35,0.16,1209.0,1.0,0.0066170388751033,0.0074441687344913,0.0148883374689826
0.0,0.0,1.0,0.0,0.0,0.0,0.0,0.0,0.0,0.0,0.0,0.0,0.0,0.0,0.0,0.0,0.0,0.0,0.0,0.0,0.0,0.0,0.0,0.0,0.0,0.0,1.0,-82.42,6.82,130.5,1.35,0.16,1209.0,1.0,0.0074441687344913,0.0074441687344913,0.0157154673283705
0.0,0.0,0.0,0.0,0.0,1.0,0.0,0.0,0.0,0.0,0.0,0.0,0.0,0.0,0.0,0.0,0.0,0.0,0.0,0.0,0.0,0.0,0.0,0.0,0.0,0.0,1.0,87.26,-5.43,48.2,1.35,0.16,1209.0,1.0,0.0049627791563275,0.0124069478908188,0.0181968569065343
0.0,0.0,0.0,0.0,0.0,0.0,0.0,0.0,0.0,0.0,0.0,0.0,0.0,0.0,0.0,1.0,0.0,0.0,0.0,0.0,0.0,0.0,0.0,0.0,0.0,1.0,0.0,-70.32,156.01,62.5,1.35,0.16,1209.0,1.0,0.0066170388751033,0.010752688172043,0.0181968569065343
0.0,0.0,0.0,1.0,0.0,0.0,0.0,0.0,0.0,0.0,0.0,0.0,0.0,0.0,0.0,0.0,0.0,0.0,0.0,0.0,0.0,0.0,0.0,0.0,1.0,0.0,0.0,-106.19,143.62,133.3,1.35,0.16,1209.0,1.0,0.0066170388751033,0.0140612076095947,0.021505376344086
0.0,0.0,0.0,0.0,0.0,0.0,0.0,0.0,0.0,0.0,1.0,0.0,0.0,0.0,0.0,0.0,0.0,0.0,0.0,0.0,0.0,0.0,0.0,0.0,1.0,0.0,0.0,-133.79,130.78,94.6,1.35,0.16,1209.0,1.0,0.0066170388751033,0.0115798180314309,0.0190239867659222
0.0,0.0,0.0,0.0,0.0,0.0,0.0,0.0,0.0,0.0,0.0,0.0,1.0,0.0,0.0,0.0,0.0,0.0,0.0,0.0,0.0,0.0,0.0,0.0,1.0,0.0,0.0,-76.55,150.5,68.6,1.35,0.16,1209.0,1.0,0.0074441687344913,0.0124069478908188,0.0206782464846981
0.0,0.0,0.0,0.0,0.0,1.0,0.0,0.0,0.0,0.0,0.0,0.0,0.0,0.0,0.0,0.0,0.0,0.0,0.0,0.0,0.0,0.0,0.0,0.0,1.0,0.0,0.0,-138.3,145.22,0.6,1.35,0.16,1209.0,1.0,0.0049627791563275,0.0190239867659222,0.0248138957816377
0.0,0.0,0.0,0.0,0.0,0.0,0.0,0.0,0.0,0.0,0.0,0.0,0.0,0.0,0.0,0.0,0.0,1.0,0.0,0.0,0.0,0.0,0.0,0.0,1.0,0.0,0.0,-102.01,133.2,52.9,1.35,0.16,1209.0,1.0,0.0074441687344913,0.0132340777502067,0.021505376344086
0.0,0.0,0.0,0.0,0.0,0.0,0.0,1.0,0.0,0.0,0.0,0.0,0.0,0.0,0.0,0.0,0.0,0.0,0.0,0.0,0.0,0.0,0.0,0.0,1.0,0.0,0.0,-69.8,113.7,1.5,1.35,0.16,1209.0,1.0,0.0082712985938792,0.0132340777502067,0.0223325062034739
0.0,0.0,0.0,0.0,0.0,0.0,0.0,0.0,0.0,0.0,0.0,0.0,0.0,0.0,1.0,0.0,0.0,0.0,0.0,0.0,0.0,0.0,0.0,0.0,1.0,0.0,0.0,-97.15,-35.45,111.8,1.35,0.16,1209.0,1.0,0.0066170388751033,0.0165425971877584,0.0239867659222497
0.0,0.0,0.0,1.0,0.0,0.0,0.0,0.0,0.0,0.0,0.0,0.0,0.0,0.0,0.0,0.0,0.0,0.0,0.0,0.0,0.0,0.0,0.0,0.0,1.0,0.0,0.0,-148.87,146.15,109.0,1.35,0.16,1209.0,1.0,0.0066170388751033,0.0140612076095947,0.021505376344086
0.0,0.0,0.0,0.0,0.0,0.0,0.0,1.0,0.0,0.0,0.0,0.0,0.0,0.0,0.0,0.0,0.0,0.0,0.0,0.0,0.0,0.0,0.0,0.0,1.0,0.0,0.0,-134.22,119.46,53.0,1.35,0.16,1209.0,1.0,0.0074441687344913,0.0090984284532671,0.0173697270471464
0.0,0.0,0.0,0.0,0.0,0.0,0.0,0.0,0.0,0.0,0.0,1.0,0.0,0.0,0.0,0.0,0.0,0.0,0.0,0.0,0.0,0.0,0.0,0.0,1.0,0.0,0.0,-142.59,82.75,127.1,1.35,0.16,1209.0,1.0,0.0074441687344913,0.009925558312655,0.0181968569065343
0.0,0.0,0.0,0.0,0.0,1.0,0.0,0.0,0.0,0.0,0.0,0.0,0.0,0.0,0.0,0.0,0.0,0.0,0.0,0.0,0.0,0.0,0.0,0.0,0.0,0.0,1.0,75.63,-127.6,44.7,1.35,0.16,1209.0,1.0,0.0049627791563275,0.0082712985938792,0.0140612076095947
0.0,0.0,1.0,0.0,0.0,0.0,0.0,0.0,0.0,0.0,0.0,0.0,0.0,0.0,0.0,0.0,0.0,0.0,0.0,0.0,0.0,0.0,0.0,0.0,0.0,0.0,1.0,-73.21,-18.72,77.8,1.35,0.16,1209.0,1.0,0.0074441687344913,0.010752688172043,0.0190239867659222
0.0,0.0,0.0,0.0,0.0,0.0,0.0,0.0,0.0,0.0,0.0,0.0,0.0,0.0,0.0,1.0,0.0,0.0,0.0,0.0,0.0,0.0,0.0,0.0,1.0,0.0,0.0,-91.62,120.76,52.2,1.35,0.16,1209.0,1.0,0.0066170388751033,0.0132340777502067,0.0206782464846981
0.0,0.0,0.0,0.0,0.0,0.0,0.0,1.0,0.0,0.0,0.0,0.0,0.0,0.0,0.0,0.0,0.0,0.0,0.0,0.0,0.0,0.0,0.0,0.0,1.0,0.0,0.0,-112.68,125.12,0.0,1.35,0.16,1209.0,1.0,0.0074441687344913,0.0140612076095947,0.0223325062034739
0.0,0.0,0.0,0.0,0.0,0.0,0.0,0.0,0.0,0.0,0.0,0.0,0.0,0.0,0.0,0.0,1.0,0.0,0.0,0.0,0.0,0.0,0.0,0.0,1.0,0.0,0.0,-101.4,129.62,17.8,1.35,0.16,1209.0,1.0,0.0074441687344913,0.0173697270471464,0.0256410256410256
0.0,0.0,0.0,0.0,0.0,0.0,0.0,0.0,0.0,0.0,0.0,0.0,0.0,0.0,0.0,0.0,0.0,1.0,0.0,0.0,0.0,0.0,0.0,0.0,1.0,0.0,0.0,-125.86,134.02,0.0,1.35,0.16,1209.0,1.0,0.0074441687344913,0.0148883374689826,0.0231596360628618
0.0,0.0,1.0,0.0,0.0,0.0,0.0,0.0,0.0,0.0,0.0,0.0,0.0,0.0,0.0,0.0,0.0,0.0,0.0,0.0,0.0,0.0,0.0,0.0,1.0,0.0,0.0,-104.74,116.33,29.0,1.35,0.16,1209.0,1.0,0.0074441687344913,0.0181968569065343,0.0264681555004135
0.0,0.0,0.0,0.0,1.0,0.0,0.0,0.0,0.0,0.0,0.0,0.0,0.0,0.0,0.0,0.0,0.0,0.0,0.0,0.0,0.0,0.0,0.0,0.0,0.0,1.0,0.0,-97.05,5.9,27.8,1.35,0.16,1209.0,1.0,0.0066170388751033,0.0148883374689826,0.0223325062034739
0.0,0.0,0.0,0.0,0.0,0.0,0.0,0.0,0.0,0.0,0.0,1.0,0.0,0.0,0.0,0.0,0.0,0.0,0.0,0.0,0.0,0.0,0.0,0.0,0.0,1.0,0.0,-58.24,150.73,22.5,1.35,0.16,1209.0,1.0,0.0066170388751033,0.0124069478908188,0.0198511166253101
0.0,0.0,0.0,0.0,0.0,0.0,1.0,0.0,0.0,0.0,0.0,0.0,0.0,0.0,0.0,0.0,0.0,0.0,0.0,0.0,0.0,0.0,0.0,0.0,0.0,0.0,1.0,-51.86,137.6,87.4,1.35,0.16,1209.0,1.0,0.0074441687344913,0.0124069478908188,0.0206782464846981
0.0,0.0,0.0,0.0,0.0,0.0,0.0,0.0,0.0,0.0,0.0,0.0,1.0,0.0,0.0,0.0,0.0,0.0,0.0,0.0,0.0,0.0,0.0,0.0,0.0,0.0,1.0,-55.68,-23.22,104.9,1.35,0.16,1209.0,1.0,0.0074441687344913,0.010752688172043,0.0190239867659222
0.0,0.0,0.0,0.0,0.0,0.0,0.0,0.0,0.0,1.0,0.0,0.0,0.0,0.0,0.0,0.0,0.0,0.0,0.0,0.0,0.0,0.0,0.0,0.0,0.0,0.0,1.0,-107.02,12.02,16.3,1.35,0.16,1209.0,1.0,0.0074441687344913,0.0148883374689826,0.0231596360628618
1.0,0.0,0.0,0.0,0.0,0.0,0.0,0.0,0.0,0.0,0.0,0.0,0.0,0.0,0.0,0.0,0.0,0.0,0.0,0.0,0.0,0.0,0.0,0.0,0.0,0.0,1.0,-57.56,138.49,15.7,1.35,0.16,1209.0,1.0,0.0057899090157154,0.0157154673283705,0.0223325062034739
0.0,0.0,0.0,0.0,0.0,1.0,0.0,0.0,0.0,0.0,0.0,0.0,0.0,0.0,0.0,0.0,0.0,0.0,0.0,0.0,0.0,0.0,0.0,0.0,0.0,0.0,1.0,82.2,-6.66,39.7,1.35,0.16,1209.0,1.0,0.0049627791563275,0.0165425971877584,0.0223325062034739
0.0,0.0,0.0,0.0,0.0,0.0,0.0,0.0,0.0,0.0,0.0,0.0,0.0,1.0,0.0,0.0,0.0,0.0,0.0,0.0,0.0,0.0,0.0,0.0,0.0,0.0,1.0,-95.37,141.43,72.0,1.35,0.16,1209.0,1.0,0.0066170388751033,0.0132340777502067,0.0206782464846981
0.0,0.0,0.0,0.0,0.0,0.0,0.0,0.0,0.0,0.0,0.0,0.0,0.0,0.0,0.0,0.0,1.0,0.0,0.0,0.0,0.0,0.0,0.0,0.0,0.0,1.0,0.0,-73.04,135.11,22.0,1.35,0.16,1209.0,1.0,0.0074441687344913,0.0157154673283705,0.0239867659222497
0.0,0.0,0.0,0.0,0.0,0.0,0.0,0.0,0.0,0.0,0.0,0.0,0.0,0.0,0.0,0.0,0.0,1.0,0.0,0.0,0.0,0.0,0.0,0.0,1.0,0.0,0.0,-122.16,144.36,1.0,1.35,0.16,1209.0,0.5,0.0074441687344913,0.0124069478908188,0.0206782464846981
0.0,0.0,0.0,0.0,0.0,0.0,1.0,0.0,0.0,0.0,0.0,0.0,0.0,0.0,0.0,0.0,0.0,0.0,0.0,0.0,0.0,0.0,0.0,0.0,1.0,0.0,0.0,-117.75,117.09,59.5,1.35,0.16,1209.0,0.5,0.0066170388751033,0.0173697270471464,0.0248138957816377
0.0,0.0,0.0,0.0,1.0,0.0,0.0,0.0,0.0,0.0,0.0,0.0,0.0,0.0,0.0,0.0,0.0,0.0,0.0,0.0,0.0,0.0,0.0,0.0,1.0,0.0,0.0,-106.78,140.33,4.4,1.35,0.16,1209.0,1.0,0.0066170388751033,0.0190239867659222,0.0264681555004135
0.0,0.0,1.0,0.0,0.0,0.0,0.0,0.0,0.0,0.0,0.0,0.0,0.0,0.0,0.0,0.0,0.0,0.0,0.0,0.0,0.0,0.0,0.0,0.0,1.0,0.0,0.0,-125.79,119.85,46.7,1.35,0.16,1209.0,1.0,0.0074441687344913,0.0140612076095947,0.0223325062034739
0.0,0.0,0.0,0.0,0.0,0.0,0.0,1.0,0.0,0.0,0.0,0.0,0.0,0.0,0.0,0.0,0.0,0.0,0.0,0.0,0.0,0.0,0.0,0.0,1.0,0.0,0.0,-132.13,134.16,4.0,1.35,0.16,1209.0,1.0,0.0074441687344913,0.0140612076095947,0.0223325062034739
0.0,0.0,0.0,1.0,0.0,0.0,0.0,0.0,0.0,0.0,0.0,0.0,0.0,0.0,0.0,0.0,0.0,0.0,0.0,0.0,0.0,0.0,0.0,0.0,1.0,0.0,0.0,-123.21,129.45,54.7,1.35,0.16,1209.0,1.0,0.0066170388751033,0.0173697270471464,0.0248138957816377
0.0,0.0,0.0,0.0,0.0,0.0,0.0,0.0,0.0,0.0,0.0,0.0,0.0,0.0,0.0,0.0,0.0,1.0,0.0,0.0,0.0,0.0,0.0,0.0,1.0,0.0,0.0,-82.65,121.02,0.8,1.35,0.16,1209.0,1.0,0.0074441687344913,0.0140612076095947,0.0223325062034739
0.0,0.0,0.0,0.0,0.0,0.0,0.0,0.0,0.0,1.0,0.0,0.0,0.0,0.0,0.0,0.0,0.0,0.0,0.0,0.0,0.0,0.0,0.0,0.0,1.0,0.0,0.0,-99.47,-41.27,47.9,1.35,0.16,1209.0,1.0,0.0066170388751033,0.0124069478908188,0.0198511166253101
0.0,0.0,0.0,1.0,0.0,0.0,0.0,0.0,0.0,0.0,0.0,0.0,0.0,0.0,0.0,0.0,0.0,0.0,0.0,0.0,0.0,0.0,0.0,0.0,1.0,0.0,0.0,-158.65,147.49,84.2,1.35,0.16,1209.0,1.0,0.0066170388751033,0.0132340777502067,0.0206782464846981
0.0,0.0,0.0,0.0,0.0,0.0,0.0,1.0,0.0,0.0,0.0,0.0,0.0,0.0,0.0,0.0,0.0,0.0,0.0,0.0,0.0,0.0,0.0,0.0,1.0,0.0,0.0,-117.99,129.06,2.2,1.35,0.16,1209.0,1.0,0.0074441687344913,0.0115798180314309,0.0198511166253101
0.0,0.0,1.0,0.0,0.0,0.0,0.0,0.0,0.0,0.0,0.0,0.0,0.0,0.0,0.0,0.0,0.0,0.0,0.0,0.0,0.0,0.0,0.0,0.0,0.0,0.0,1.0,51.33,62.68,65.1,1.35,0.16,1209.0,1.0,0.0082712985938792,0.0124069478908188,0.021505376344086
0.0,0.0,0.0,0.0,0.0,0.0,0.0,0.0,0.0,0.0,0.0,0.0,1.0,0.0,0.0,0.0,0.0,0.0,0.0,0.0,0.0,0.0,0.0,0.0,0.0,0.0,1.0,-60.75,140.22,52.6,1.35,0.16,1209.0,1.0,0.0074441687344913,0.010752688172043,0.0190239867659222
1.0,0.0,0.0,0.0,0.0,0.0,0.0,0.0,0.0,0.0,0.0,0.0,0.0,0.0,0.0,0.0,0.0,0.0,0.0,0.0,0.0,0.0,0.0,0.0,0.0,1.0,0.0,-84.68,155.73,80.7,1.35,0.16,1209.0,1.0,0.0057899090157154,0.0074441687344913,0.0140612076095947
0.0,0.0,0.0,0.0,0.0,0.0,0.0,0.0,0.0,1.0,0.0,0.0,0.0,0.0,0.0,0.0,0.0,0.0,0.0,0.0,0.0,0.0,0.0,0.0,0.0,1.0,0.0,-65.68,147.67,173.8,1.35,0.16,1209.0,1.0,0.0066170388751033,0.0082712985938792,0.0157154673283705
0.0,0.0,0.0,1.0,0.0,0.0,0.0,0.0,0.0,0.0,0.0,0.0,0.0,0.0,0.0,0.0,0.0,0.0,0.0,0.0,0.0,0.0,0.0,0.0,0.0,1.0,0.0,-94.71,151.11,181.6,1.35,0.16,1209.0,1.0,0.0066170388751033,0.0090984284532671,0.0165425971877584
1.0,0.0,0.0,0.0,0.0,0.0,0.0,0.0,0.0,0.0,0.0,0.0,0.0,0.0,0.0,0.0,0.0,0.0,0.0,0.0,0.0,0.0,0.0,0.0,0.0,1.0,0.0,-67.89,360.0,171.7,1.35,0.16,1209.0,1.0,0.0057899090157154,0.0024813895781637,0.0090984284532671
