0.0,0.0,0.0,0.0,0.0,0.0,0.0,0.0,0.0,0.0,1.0,0.0,0.0,0.0,0.0,0.0,0.0,0.0,0.0,0.0,0.0,0.0,0.0,0.0,0.0,0.0,1.0,360.0,-22.53,51.4,1.34,0.178,2298.0,1.0,0.0026109660574412,0.0039164490861618,0.0069625761531766
0.0,0.0,0.0,1.0,0.0,0.0,0.0,0.0,0.0,0.0,0.0,0.0,0.0,0.0,0.0,0.0,0.0,0.0,0.0,0.0,0.0,0.0,0.0,0.0,0.0,0.0,1.0,-65.12,-13.9,149.3,1.34,0.178,2298.0,1.0,0.0034812880765883,0.0047867711053089,0.0087032201914708
0.0,0.0,0.0,0.0,0.0,0.0,0.0,0.0,0.0,0.0,0.0,1.0,0.0,0.0,0.0,0.0,0.0,0.0,0.0,0.0,0.0,0.0,0.0,0.0,0.0,0.0,1.0,-83.54,-1.76,57.4,1.34,0.178,2298.0,1.0,0.0034812880765883,0.0082680591818973,0.0121845082680591
0.0,0.0,0.0,0.0,1.0,0.0,0.0,0.0,0.0,0.0,0.0,0.0,0.0,0.0,0.0,0.0,0.0,0.0,0.0,0.0,0.0,0.0,0.0,0.0,1.0,0.0,0.0,-122.02,131.05,26.6,1.34,0.178,2298.0,1.0,0.0034812880765883,0.0100087032201914,0.0139251523063533
0.0,0.0,0.0,0.0,0.0,0.0,0.0,0.0,0.0,0.0,0.0,0.0,0.0,1.0,0.0,0.0,0.0,0.0,0.0,0.0,0.0,0.0,0.0,0.0,1.0,0.0,0.0,-105.5,118.93,105.8,1.34,0.178,2298.0,1.0,0.0034812880765883,0.0065274151436031,0.010443864229765
0.0,0.0,0.0,0.0,0.0,0.0,0.0,0.0,1.0,0.0,0.0,0.0,0.0,0.0,0.0,0.0,0.0,0.0,0.0,0.0,0.0,0.0,0.0,0.0,1.0,0.0,0.0,-64.75,129.65,135.6,1.34,0.178,2298.0,0.5,0.0034812880765883,0.0060922541340295,0.0100087032201914
0.0,0.0,0.0,0.0,0.0,0.0,0.0,0.0,0.0,0.0,0.0,0.0,0.0,0.0,0.0,0.0,0.0,1.0,0.0,0.0,0.0,0.0,0.0,0.0,1.0,0.0,0.0,-95.95,-58.28,65.0,1.34,0.178,2298.0,1.0,0.0039164490861618,0.0060922541340295,0.010443864229765
0.0,0.0,0.0,1.0,0.0,0.0,0.0,0.0,0.0,0.0,0.0,0.0,0.0,0.0,0.0,0.0,0.0,0.0,0.0,0.0,0.0,0.0,0.0,0.0,1.0,0.0,0.0,-162.67,159.5,108.2,1.34,0.178,2298.0,1.0,0.0034812880765883,0.0069625761531766,0.0108790252393385
0.0,0.0,0.0,0.0,0.0,0.0,0.0,0.0,1.0,0.0,0.0,0.0,0.0,0.0,0.0,0.0,0.0,0.0,0.0,0.0,0.0,0.0,0.0,0.0,1.0,0.0,0.0,-75.65,129.55,102.7,1.34,0.178,2298.0,1.0,0.0034812880765883,0.0082680591818973,0.0121845082680591
0.0,0.0,0.0,0.0,0.0,0.0,0.0,1.0,0.0,0.0,0.0,0.0,0.0,0.0,0.0,0.0,0.0,0.0,0.0,0.0,0.0,0.0,0.0,0.0,1.0,0.0,0.0,-110.23,-13.77,59.9,1.34,0.178,2298.0,1.0,0.0039164490861618,0.0047867711053089,0.0091383812010443
0.0,0.0,0.0,0.0,0.0,1.0,0.0,0.0,0.0,0.0,0.0,0.0,0.0,0.0,0.0,0.0,0.0,0.0,0.0,0.0,0.0,0.0,0.0,0.0,1.0,0.0,0.0,172.84,178.92,24.9,1.34,0.178,2298.0,1.0,0.0026109660574412,0.0065274151436031,0.0095735422106179
0.0,0.0,0.0,1.0,0.0,0.0,0.0,0.0,0.0,0.0,0.0,0.0,0.0,0.0,0.0,0.0,0.0,0.0,0.0,0.0,0.0,0.0,0.0,0.0,1.0,0.0,0.0,-119.56,111.14,94.9,1.34,0.178,2298.0,1.0,0.0034812880765883,0.0065274151436031,0.010443864229765
0.0,0.0,0.0,0.0,0.0,1.0,0.0,0.0,0.0,0.0,0.0,0.0,0.0,0.0,0.0,0.0,0.0,0.0,0.0,0.0,0.0,0.0,0.0,0.0,0.0,0.0,1.0,-85.6,-173.23,20.2,1.34,0.178,2298.0,1.0,0.0026109660574412,0.005657093124456,0.0087032201914708
0.0,0.0,0.0,0.0,0.0,0.0,0.0,0.0,0.0,0.0,0.0,0.0,0.0,0.0,0.0,0.0,1.0,0.0,0.0,0.0,0.0,0.0,0.0,0.0,0.0,0.0,1.0,-67.12,-38.94,15.9,1.34,0.178,2298.0,1.0,0.0039164490861618,0.0052219321148825,0.0095735422106179
0.0,0.0,0.0,0.0,0.0,0.0,0.0,0.0,0.0,0.0,0.0,0.0,0.0,0.0,0.0,0.0,0.0,0.0,0.0,1.0,0.0,0.0,0.0,0.0,0.0,0.0,1.0,-104.62,-17.87,42.3,1.34,0.178,2298.0,1.0,0.0034812880765883,0.0078328981723237,0.0117493472584856
0.0,0.0,0.0,0.0,0.0,1.0,0.0,0.0,0.0,0.0,0.0,0.0,0.0,0.0,0.0,0.0,0.0,0.0,0.0,0.0,0.0,0.0,0.0,0.0,0.0,0.0,1.0,175.86,-179.91,8.4,1.34,0.178,2298.0,1.0,0.0026109660574412,0.0091383812010443,0.0121845082680591
0.0,0.0,0.0,0.0,0.0,0.0,0.0,0.0,0.0,0.0,0.0,0.0,0.0,0.0,0.0,0.0,0.0,1.0,0.0,0.0,0.0,0.0,0.0,0.0,1.0,0.0,0.0,-68.99,151.09,16.7,1.34,0.178,2298.0,1.0,0.0039164490861618,0.0069625761531766,0.011314186248912
0.0,0.0,0.0,0.0,0.0,0.0,0.0,0.0,0.0,0.0,0.0,0.0,0.0,0.0,0.0,0.0,0.0,1.0,0.0,0.0,0.0,0.0,0.0,0.0,1.0,0.0,0.0,-120.51,127.49,14.2,1.34,0.178,2298.0,1.0,0.0039164490861618,0.0091383812010443,0.0134899912967798
0.0,0.0,0.0,0.0,0.0,0.0,0.0,0.0,0.0,0.0,0.0,0.0,0.0,0.0,0.0,0.0,0.0,0.0,0.0,1.0,0.0,0.0,0.0,0.0,1.0,0.0,0.0,-120.15,151.07,45.7,1.34,0.178,2298.0,1.0,0.0034812880765883,0.0100087032201914,0.0139251523063533
0.0,0.0,0.0,0.0,0.0,0.0,0.0,0.0,1.0,0.0,0.0,0.0,0.0,0.0,0.0,0.0,0.0,0.0,0.0,0.0,0.0,0.0,0.0,0.0,1.0,0.0,0.0,-86.58,132.77,41.7,1.34,0.178,2298.0,1.0,0.0034812880765883,0.0091383812010443,0.0130548302872062
1.0,0.0,0.0,0.0,0.0,0.0,0.0,0.0,0.0,0.0,0.0,0.0,0.0,0.0,0.0,0.0,0.0,0.0,0.0,0.0,0.0,0.0,0.0,0.0,1.0,0.0,0.0,-143.0,163.71,0.2,1.34,0.178,2298.0,1.0,0.0030461270670147,0.0095735422106179,0.0130548302872062
0.0,0.0,0.0,0.0,0.0,0.0,0.0,0.0,0.0,0.0,0.0,0.0,0.0,0.0,1.0,0.0,0.0,0.0,0.0,0.0,0.0,0.0,0.0,0.0,1.0,0.0,0.0,-113.83,128.72,102.8,1.34,0.178,2298.0,0.5,0.0034812880765883,0.0087032201914708,0.0126196692776327
0.0,0.0,0.0,0.0,0.0,0.0,0.0,0.0,0.0,0.0,0.0,1.0,0.0,0.0,0.0,0.0,0.0,0.0,0.0,0.0,0.0,0.0,0.0,0.0,1.0,0.0,0.0,-80.08,112.02,18.2,1.34,0.178,2298.0,1.0,0.0039164490861618,0.0091383812010443,0.0134899912967798
0.0,0.0,0.0,0.0,0.0,0.0,0.0,0.0,1.0,0.0,0.0,0.0,0.0,0.0,0.0,0.0,0.0,0.0,0.0,0.0,0.0,0.0,0.0,0.0,0.0,0.0,1.0,-63.56,-26.22,129.4,1.34,0.178,2298.0,1.0,0.0034812880765883,0.0065274151436031,0.010443864229765
0.0,0.0,0.0,0.0,0.0,0.0,0.0,0.0,0.0,1.0,0.0,0.0,0.0,0.0,0.0,0.0,0.0,0.0,0.0,0.0,0.0,0.0,0.0,0.0,0.0,0.0,1.0,-80.43,-45.04,137.1,1.34,0.178,2298.0,1.0,0.0034812880765883,0.0060922541340295,0.0100087032201914
0.0,0.0,0.0,0.0,0.0,0.0,0.0,0.0,0.0,0.0,0.0,0.0,0.0,0.0,0.0,0.0,1.0,0.0,0.0,0.0,0.0,0.0,0.0,0.0,0.0,0.0,1.0,-97.53,-21.69,91.6,1.34,0.178,2298.0,1.0,0.0039164490861618,0.0047867711053089,0.0091383812010443
0.0,0.0,0.0,0.0,0.0,1.0,0.0,0.0,0.0,0.0,0.0,0.0,0.0,0.0,0.0,0.0,0.0,0.0,0.0,0.0,0.0,0.0,0.0,0.0,0.0,0.0,1.0,84.65,-1.62,39.0,1.34,0.178,2298.0,1.0,0.0026109660574412,0.0065274151436031,0.0095735422106179
0.0,0.0,0.0,1.0,0.0,0.0,0.0,0.0,0.0,0.0,0.0,0.0,0.0,0.0,0.0,0.0,0.0,0.0,0.0,0.0,0.0,0.0,0.0,0.0,0.0,1.0,0.0,-74.69,149.06,74.9,1.34,0.178,2298.0,0.5,0.0034812880765883,0.0065274151436031,0.010443864229765
0.0,0.0,0.0,0.0,0.0,0.0,0.0,0.0,0.0,0.0,0.0,0.0,0.0,0.0,0.0,0.0,0.0,1.0,0.0,0.0,0.0,0.0,0.0,0.0,1.0,0.0,0.0,-92.44,131.43,46.6,1.34,0.178,2298.0,0.5,0.0039164490861618,0.0060922541340295,0.010443864229765
0.0,0.0,0.0,0.0,0.0,0.0,0.0,0.0,0.0,0.0,0.0,0.0,0.0,0.0,0.0,0.0,0.0,1.0,0.0,0.0,0.0,0.0,0.0,0.0,1.0,0.0,0.0,-133.74,169.37,0.0,1.34,0.178,2298.0,1.0,0.0039164490861618,0.0078328981723237,0.0121845082680591
1.0,0.0,0.0,0.0,0.0,0.0,0.0,0.0,0.0,0.0,0.0,0.0,0.0,0.0,0.0,0.0,0.0,0.0,0.0,0.0,0.0,0.0,0.0,0.0,1.0,0.0,0.0,-102.47,122.56,9.4,1.34,0.178,2298.0,1.0,0.0030461270670147,0.0087032201914708,0.0121845082680591
0.0,0.0,0.0,0.0,0.0,0.0,0.0,0.0,0.0,1.0,0.0,0.0,0.0,0.0,0.0,0.0,0.0,0.0,0.0,0.0,0.0,0.0,0.0,0.0,1.0,0.0,0.0,-109.63,123.95,12.6,1.34,0.178,2298.0,0.5,0.0034812880765883,0.0065274151436031,0.010443864229765
0.0,0.0,0.0,0.0,0.0,0.0,0.0,0.0,1.0,0.0,0.0,0.0,0.0,0.0,0.0,0.0,0.0,0.0,0.0,0.0,0.0,0.0,0.0,0.0,1.0,0.0,0.0,-113.09,121.64,33.7,1.34,0.178,2298.0,1.0,0.0034812880765883,0.0078328981723237,0.0117493472584856
0.0,0.0,0.0,0.0,0.0,0.0,0.0,0.0,1.0,0.0,0.0,0.0,0.0,0.0,0.0,0.0,0.0,0.0,0.0,0.0,0.0,0.0,0.0,0.0,1.0,0.0,0.0,-83.93,135.06,83.2,1.34,0.178,2298.0,1.0,0.0034812880765883,0.0069625761531766,0.0108790252393385
0.0,0.0,0.0,0.0,0.0,0.0,0.0,1.0,0.0,0.0,0.0,0.0,0.0,0.0,0.0,0.0,0.0,0.0,0.0,0.0,0.0,0.0,0.0,0.0,1.0,0.0,0.0,-108.64,360.0,59.1,1.34,0.178,2298.0,1.0,0.0039164490861618,0.0047867711053089,0.0091383812010443
0.0,0.0,0.0,0.0,0.0,0.0,0.0,0.0,0.0,0.0,0.0,0.0,1.0,0.0,0.0,0.0,0.0,0.0,0.0,0.0,0.0,0.0,0.0,0.0,0.0,1.0,0.0,360.0,135.46,128.9,1.34,0.178,2298.0,1.0,0.0030461270670147,0.0026109660574412,0.0060922541340295
0.0,0.0,0.0,0.0,0.0,0.0,0.0,0.0,0.0,0.0,0.0,0.0,0.0,0.0,0.0,1.0,0.0,0.0,0.0,0.0,0.0,0.0,0.0,1.0,0.0,0.0,0.0,-60.67,-36.76,76.3,1.34,0.178,2298.0,1.0,0.0034812880765883,0.005657093124456,0.0095735422106179
0.0,0.0,0.0,0.0,0.0,0.0,0.0,0.0,0.0,0.0,0.0,0.0,0.0,0.0,0.0,0.0,1.0,0.0,0.0,0.0,0.0,0.0,0.0,1.0,0.0,0.0,0.0,-62.02,-40.1,100.4,1.34,0.178,2298.0,1.0,0.0039164490861618,0.005657093124456,0.0100087032201914
1.0,0.0,0.0,0.0,0.0,0.0,0.0,0.0,0.0,0.0,0.0,0.0,0.0,0.0,0.0,0.0,0.0,0.0,0.0,0.0,0.0,0.0,0.0,1.0,0.0,0.0,0.0,-66.36,-41.79,4.8,1.34,0.178,2298.0,1.0,0.0030461270670147,0.0095735422106179,0.0130548302872062
0.0,0.0,0.0,0.0,0.0,0.0,0.0,1.0,0.0,0.0,0.0,0.0,0.0,0.0,0.0,0.0,0.0,0.0,0.0,0.0,0.0,0.0,0.0,1.0,0.0,0.0,0.0,-57.91,-46.27,44.9,1.34,0.178,2298.0,1.0,0.0039164490861618,0.0069625761531766,0.011314186248912
0.0,0.0,0.0,0.0,0.0,0.0,0.0,0.0,0.0,0.0,0.0,0.0,0.0,0.0,1.0,0.0,0.0,0.0,0.0,0.0,0.0,0.0,0.0,1.0,0.0,0.0,0.0,-63.23,-47.22,162.5,1.34,0.178,2298.0,0.5,0.0034812880765883,0.0073977371627502,0.011314186248912
0.0,0.0,0.0,1.0,0.0,0.0,0.0,0.0,0.0,0.0,0.0,0.0,0.0,0.0,0.0,0.0,0.0,0.0,0.0,0.0,0.0,0.0,0.0,1.0,0.0,0.0,0.0,-61.89,-44.83,68.2,1.34,0.178,2298.0,0.5,0.0034812880765883,0.0082680591818973,0.0121845082680591
0.0,0.0,0.0,0.0,0.0,0.0,0.0,1.0,0.0,0.0,0.0,0.0,0.0,0.0,0.0,0.0,0.0,0.0,0.0,0.0,0.0,0.0,0.0,1.0,0.0,0.0,0.0,-66.51,-39.78,0.0,1.34,0.178,2298.0,1.0,0.0039164490861618,0.0078328981723237,0.0121845082680591
0.0,0.0,0.0,0.0,0.0,0.0,0.0,0.0,0.0,0.0,0.0,0.0,0.0,0.0,0.0,1.0,0.0,0.0,0.0,0.0,0.0,0.0,0.0,1.0,0.0,0.0,0.0,-58.94,-39.2,57.8,1.34,0.178,2298.0,1.0,0.0034812880765883,0.0069625761531766,0.0108790252393385
0.0,0.0,0.0,0.0,0.0,0.0,0.0,0.0,0.0,1.0,0.0,0.0,0.0,0.0,0.0,0.0,0.0,0.0,0.0,0.0,0.0,0.0,0.0,1.0,0.0,0.0,0.0,-61.21,-30.96,118.4,1.34,0.178,2298.0,1.0,0.0034812880765883,0.0060922541340295,0.0100087032201914
0.0,0.0,0.0,0.0,0.0,0.0,0.0,0.0,0.0,1.0,0.0,0.0,0.0,0.0,0.0,0.0,0.0,0.0,0.0,0.0,0.0,0.0,0.0,1.0,0.0,0.0,0.0,-68.4,-22.21,19.7,1.34,0.178,2298.0,1.0,0.0034812880765883,0.0078328981723237,0.0117493472584856
0.0,0.0,0.0,0.0,0.0,0.0,0.0,0.0,1.0,0.0,0.0,0.0,0.0,0.0,0.0,0.0,0.0,0.0,0.0,0.0,0.0,0.0,0.0,1.0,0.0,0.0,0.0,-64.5,-21.05,61.6,1.34,0.178,2298.0,0.5,0.0034812880765883,0.0087032201914708,0.0126196692776327
0.0,0.0,0.0,1.0,0.0,0.0,0.0,0.0,0.0,0.0,0.0,0.0,0.0,0.0,0.0,0.0,0.0,0.0,0.0,0.0,0.0,0.0,0.0,0.0,0.0,1.0,0.0,-98.89,-6.9,151.2,1.34,0.178,2298.0,0.7,0.0034812880765883,0.0073977371627502,0.011314186248912
0.0,0.0,0.0,0.0,0.0,0.0,0.0,0.0,0.0,1.0,0.0,0.0,0.0,0.0,0.0,0.0,0.0,0.0,0.0,0.0,0.0,0.0,0.0,0.0,0.0,1.0,0.0,-85.66,70.68,17.3,1.34,0.178,2298.0,1.0,0.0034812880765883,0.0078328981723237,0.0117493472584856
0.0,0.0,0.0,0.0,0.0,0.0,0.0,0.0,0.0,0.0,0.0,1.0,0.0,0.0,0.0,0.0,0.0,0.0,0.0,0.0,0.0,0.0,0.0,0.0,0.0,1.0,0.0,-100.52,130.69,62.7,1.34,0.178,2298.0,1.0,0.0039164490861618,0.0047867711053089,0.0091383812010443
0.0,0.0,0.0,0.0,0.0,0.0,1.0,0.0,0.0,0.0,0.0,0.0,0.0,0.0,0.0,0.0,0.0,0.0,0.0,0.0,0.0,1.0,0.0,0.0,0.0,0.0,0.0,-157.72,151.65,44.7,1.34,0.178,2298.0,1.0,0.0034812880765883,0.0082680591818973,0.0121845082680591
0.0,0.0,0.0,0.0,0.0,0.0,0.0,0.0,0.0,0.0,0.0,0.0,1.0,0.0,0.0,0.0,0.0,0.0,0.0,0.0,0.0,0.0,0.0,0.0,0.0,0.0,1.0,-63.5,-18.72,92.5,1.34,0.178,2298.0,1.0,0.0039164490861618,0.005657093124456,0.0100087032201914
0.0,0.0,0.0,0.0,0.0,0.0,0.0,0.0,0.0,0.0,0.0,1.0,0.0,0.0,0.0,0.0,0.0,0.0,0.0,0.0,0.0,0.0,0.0,0.0,0.0,0.0,1.0,-104.64,16.95,9.4,1.34,0.178,2298.0,1.0,0.0034812880765883,0.0100087032201914,0.0139251523063533
0.0,0.0,0.0,0.0,0.0,0.0,0.0,1.0,0.0,0.0,0.0,0.0,0.0,0.0,0.0,0.0,0.0,0.0,0.0,0.0,0.0,1.0,0.0,0.0,0.0,0.0,0.0,-120.25,126.23,12.0,1.34,0.178,2298.0,0.7,0.0039164490861618,0.0082680591818973,0.0126196692776327
0.0,0.0,0.0,0.0,0.0,0.0,0.0,0.0,0.0,0.0,0.0,0.0,0.0,0.0,0.0,0.0,0.0,1.0,0.0,0.0,0.0,0.0,0.0,0.0,0.0,1.0,0.0,-57.62,127.61,8.0,1.34,0.178,2298.0,1.0,0.0039164490861618,0.0060922541340295,0.010443864229765
0.0,0.0,0.0,0.0,0.0,0.0,0.0,0.0,1.0,0.0,0.0,0.0,0.0,0.0,0.0,0.0,0.0,0.0,0.0,0.0,0.0,0.0,0.0,0.0,0.0,1.0,0.0,-72.31,127.72,87.5,1.34,0.178,2298.0,1.0,0.0034812880765883,0.0073977371627502,0.011314186248912
0.0,0.0,0.0,0.0,0.0,0.0,0.0,0.0,0.0,1.0,0.0,0.0,0.0,0.0,0.0,0.0,0.0,0.0,0.0,0.0,0.0,0.0,0.0,0.0,1.0,0.0,0.0,-84.89,105.79,9.4,1.34,0.178,2298.0,1.0,0.0034812880765883,0.0082680591818973,0.0121845082680591
0.0,0.0,0.0,0.0,0.0,0.0,0.0,0.0,0.0,1.0,0.0,0.0,0.0,0.0,0.0,0.0,0.0,0.0,0.0,0.0,0.0,0.0,0.0,0.0,1.0,0.0,0.0,-77.79,-41.92,31.2,1.34,0.178,2298.0,1.0,0.0034812880765883,0.0069625761531766,0.0108790252393385
0.0,0.0,1.0,0.0,0.0,0.0,0.0,0.0,0.0,0.0,0.0,0.0,0.0,0.0,0.0,0.0,0.0,0.0,0.0,0.0,0.0,0.0,0.0,0.0,1.0,0.0,0.0,-161.02,158.85,79.4,1.34,0.178,2298.0,1.0,0.0039164490861618,0.0087032201914708,0.0130548302872062
0.0,0.0,0.0,0.0,0.0,0.0,0.0,0.0,0.0,0.0,0.0,0.0,0.0,0.0,0.0,0.0,0.0,1.0,0.0,0.0,0.0,0.0,0.0,0.0,1.0,0.0,0.0,-120.32,122.14,28.6,1.34,0.178,2298.0,1.0,0.0039164490861618,0.0052219321148825,0.0095735422106179
0.0,0.0,0.0,0.0,0.0,0.0,0.0,1.0,0.0,0.0,0.0,0.0,0.0,0.0,0.0,0.0,0.0,0.0,0.0,0.0,0.0,0.0,0.0,0.0,1.0,0.0,0.0,-120.9,116.48,44.6,1.34,0.178,2298.0,1.0,0.0039164490861618,0.0052219321148825,0.0095735422106179
0.0,0.0,0.0,0.0,0.0,0.0,1.0,0.0,0.0,0.0,0.0,0.0,0.0,0.0,0.0,0.0,0.0,0.0,0.0,0.0,0.0,0.0,0.0,0.0,1.0,0.0,0.0,-110.18,111.61,115.0,1.34,0.178,2298.0,1.0,0.0034812880765883,0.0065274151436031,0.010443864229765
0.0,0.0,0.0,0.0,0.0,0.0,0.0,0.0,0.0,0.0,0.0,0.0,0.0,0.0,0.0,0.0,1.0,0.0,0.0,0.0,0.0,0.0,0.0,0.0,1.0,0.0,0.0,-147.58,132.63,70.8,1.34,0.178,2298.0,1.0,0.0039164490861618,0.0052219321148825,0.0095735422106179
0.0,0.0,0.0,1.0,0.0,0.0,0.0,0.0,0.0,0.0,0.0,0.0,0.0,0.0,0.0,0.0,0.0,0.0,0.0,0.0,0.0,0.0,0.0,0.0,0.0,0.0,1.0,44.75,43.9,104.9,1.34,0.178,2298.0,1.0,0.0030461270670147,0.0034812880765883,0.0069625761531766
0.0,0.0,0.0,0.0,0.0,0.0,0.0,0.0,0.0,0.0,0.0,1.0,0.0,0.0,0.0,0.0,0.0,0.0,0.0,0.0,0.0,0.0,0.0,0.0,0.0,0.0,1.0,80.43,4.42,102.1,1.34,0.178,2298.0,1.0,0.0030461270670147,0.0043516100957354,0.0078328981723237
0.0,0.0,0.0,0.0,0.0,0.0,0.0,0.0,1.0,0.0,0.0,0.0,0.0,0.0,0.0,0.0,0.0,0.0,0.0,0.0,0.0,0.0,0.0,0.0,1.0,0.0,0.0,-111.25,145.01,28.0,1.34,0.178,2298.0,1.0,0.0030461270670147,0.0065274151436031,0.0100087032201914
0.0,0.0,0.0,0.0,0.0,0.0,0.0,0.0,0.0,1.0,0.0,0.0,0.0,0.0,0.0,0.0,0.0,0.0,0.0,0.0,0.0,0.0,0.0,0.0,1.0,0.0,0.0,-118.51,130.76,14.5,1.34,0.178,2298.0,1.0,0.0034812880765883,0.0082680591818973,0.0121845082680591
0.0,0.0,0.0,0.0,0.0,0.0,0.0,0.0,0.0,0.0,0.0,0.0,0.0,0.0,0.0,0.0,0.0,0.0,0.0,1.0,0.0,0.0,0.0,0.0,1.0,0.0,0.0,-123.12,129.5,34.9,1.34,0.178,2298.0,1.0,0.0034812880765883,0.0087032201914708,0.0126196692776327
0.0,0.0,0.0,0.0,0.0,0.0,0.0,0.0,0.0,1.0,0.0,0.0,0.0,0.0,0.0,0.0,0.0,0.0,0.0,0.0,0.0,0.0,0.0,0.0,1.0,0.0,0.0,-109.23,129.41,0.0,1.34,0.178,2298.0,1.0,0.0034812880765883,0.0087032201914708,0.0126196692776327
0.0,0.0,0.0,0.0,0.0,0.0,0.0,0.0,0.0,0.0,0.0,0.0,0.0,0.0,0.0,0.0,0.0,1.0,0.0,0.0,0.0,0.0,0.0,0.0,1.0,0.0,0.0,-108.87,118.87,2.4,1.34,0.178,2298.0,1.0,0.0039164490861618,0.0078328981723237,0.0121845082680591
0.0,0.0,0.0,0.0,1.0,0.0,0.0,0.0,0.0,0.0,0.0,0.0,0.0,0.0,0.0,0.0,0.0,0.0,0.0,0.0,0.0,0.0,0.0,0.0,1.0,0.0,0.0,-118.12,156.22,11.8,1.34,0.178,2298.0,1.0,0.0034812880765883,0.010443864229765,0.0143603133159268
0.0,0.0,0.0,1.0,0.0,0.0,0.0,0.0,0.0,0.0,0.0,0.0,0.0,0.0,0.0,0.0,0.0,0.0,0.0,0.0,0.0,0.0,0.0,0.0,1.0,0.0,0.0,-57.07,145.36,46.8,1.34,0.178,2298.0,1.0,0.0034812880765883,0.0065274151436031,0.010443864229765
0.0,0.0,0.0,0.0,1.0,0.0,0.0,0.0,0.0,0.0,0.0,0.0,0.0,0.0,0.0,0.0,0.0,0.0,0.0,0.0,0.0,0.0,0.0,0.0,0.0,1.0,0.0,-96.26,131.88,37.2,1.34,0.178,2298.0,1.0,0.0034812880765883,0.0091383812010443,0.0130548302872062
0.0,0.0,0.0,0.0,0.0,0.0,0.0,0.0,0.0,1.0,0.0,0.0,0.0,0.0,0.0,0.0,0.0,0.0,0.0,0.0,0.0,0.0,0.0,0.0,0.0,1.0,0.0,-128.18,144.26,17.1,1.34,0.178,2298.0,0.8,0.0034812880765883,0.0069625761531766,0.0108790252393385
0.0,0.0,0.0,0.0,0.0,0.0,1.0,0.0,0.0,0.0,0.0,0.0,0.0,0.0,0.0,0.0,0.0,0.0,0.0,0.0,0.0,0.0,0.0,0.0,0.0,1.0,0.0,-74.73,-18.61,147.0,1.34,0.178,2298.0,0.65,0.0034812880765883,0.0065274151436031,0.010443864229765
0.0,0.0,0.0,0.0,0.0,0.0,0.0,0.0,0.0,0.0,0.0,0.0,0.0,1.0,0.0,0.0,0.0,0.0,0.0,0.0,0.0,0.0,0.0,0.0,1.0,0.0,0.0,-153.87,164.83,61.5,1.34,0.178,2298.0,0.5,0.0034812880765883,0.0060922541340295,0.0100087032201914
0.0,0.0,1.0,0.0,0.0,0.0,0.0,0.0,0.0,0.0,0.0,0.0,0.0,0.0,0.0,0.0,0.0,0.0,0.0,0.0,0.0,0.0,0.0,0.0,1.0,0.0,0.0,-110.7,163.8,20.9,1.34,0.178,2298.0,1.0,0.0039164490861618,0.0078328981723237,0.0121845082680591
0.0,0.0,0.0,0.0,0.0,0.0,0.0,0.0,0.0,1.0,0.0,0.0,0.0,0.0,0.0,0.0,0.0,0.0,0.0,0.0,0.0,0.0,0.0,1.0,0.0,0.0,0.0,-68.29,-27.96,0.0,1.34,0.178,2298.0,1.0,0.0034812880765883,0.0091383812010443,0.0130548302872062
0.0,0.0,0.0,0.0,0.0,0.0,0.0,0.0,1.0,0.0,0.0,0.0,0.0,0.0,0.0,0.0,0.0,0.0,0.0,0.0,0.0,0.0,0.0,1.0,0.0,0.0,0.0,-64.44,-48.34,79.6,1.34,0.178,2298.0,1.0,0.0034812880765883,0.0087032201914708,0.0126196692776327
0.0,0.0,0.0,0.0,0.0,0.0,0.0,0.0,1.0,0.0,0.0,0.0,0.0,0.0,0.0,0.0,0.0,0.0,0.0,0.0,0.0,0.0,0.0,1.0,0.0,0.0,0.0,-64.37,-37.78,113.6,1.34,0.178,2298.0,1.0,0.0034812880765883,0.0091383812010443,0.0130548302872062
0.0,0.0,0.0,0.0,1.0,0.0,0.0,0.0,0.0,0.0,0.0,0.0,0.0,0.0,0.0,0.0,0.0,0.0,0.0,0.0,0.0,0.0,0.0,1.0,0.0,0.0,0.0,-65.21,-43.06,6.0,1.34,0.178,2298.0,1.0,0.0034812880765883,0.0095735422106179,0.0134899912967798
0.0,0.0,0.0,0.0,0.0,0.0,0.0,0.0,0.0,0.0,1.0,0.0,0.0,0.0,0.0,0.0,0.0,0.0,0.0,0.0,0.0,0.0,0.0,1.0,0.0,0.0,0.0,-66.49,-37.61,21.3,1.34,0.178,2298.0,0.5,0.0034812880765883,0.0091383812010443,0.0130548302872062
0.0,0.0,1.0,0.0,0.0,0.0,0.0,0.0,0.0,0.0,0.0,0.0,0.0,0.0,0.0,0.0,0.0,0.0,0.0,0.0,0.0,0.0,0.0,1.0,0.0,0.0,0.0,-63.21,-43.3,95.6,1.34,0.178,2298.0,1.0,0.0039164490861618,0.0065274151436031,0.0108790252393385
1.0,0.0,0.0,0.0,0.0,0.0,0.0,0.0,0.0,0.0,0.0,0.0,0.0,0.0,0.0,0.0,0.0,0.0,0.0,0.0,0.0,0.0,0.0,1.0,0.0,0.0,0.0,-69.01,-25.62,83.0,1.34,0.178,2298.0,1.0,0.0030461270670147,0.0060922541340295,0.0095735422106179
0.0,0.0,0.0,0.0,0.0,0.0,0.0,0.0,0.0,0.0,0.0,0.0,0.0,0.0,0.0,1.0,0.0,0.0,0.0,0.0,0.0,0.0,0.0,1.0,0.0,0.0,0.0,-96.84,10.77,17.0,1.34,0.178,2298.0,1.0,0.0034812880765883,0.0073977371627502,0.011314186248912
1.0,0.0,0.0,0.0,0.0,0.0,0.0,0.0,0.0,0.0,0.0,0.0,0.0,0.0,0.0,0.0,0.0,0.0,0.0,0.0,0.0,0.0,0.0,0.0,0.0,0.0,1.0,-57.05,-40.61,47.7,1.34,0.178,2298.0,1.0,0.0030461270670147,0.0060922541340295,0.0095735422106179
0.0,0.0,0.0,0.0,0.0,0.0,0.0,0.0,0.0,1.0,0.0,0.0,0.0,0.0,0.0,0.0,0.0,0.0,0.0,0.0,0.0,0.0,0.0,0.0,0.0,0.0,1.0,-68.12,-39.36,167.2,1.34,0.178,2298.0,1.0,0.0034812880765883,0.0060922541340295,0.0100087032201914
0.0,0.0,0.0,0.0,0.0,0.0,0.0,0.0,0.0,0.0,0.0,0.0,0.0,0.0,0.0,0.0,1.0,0.0,0.0,0.0,0.0,0.0,0.0,0.0,0.0,0.0,1.0,-105.15,-27.72,112.7,1.34,0.178,2298.0,1.0,0.0039164490861618,0.005657093124456,0.0100087032201914
0.0,0.0,0.0,0.0,0.0,1.0,0.0,0.0,0.0,0.0,0.0,0.0,0.0,0.0,0.0,0.0,0.0,0.0,0.0,0.0,0.0,0.0,0.0,0.0,0.0,0.0,1.0,86.23,152.91,10.9,1.34,0.178,2298.0,1.0,0.0026109660574412,0.0078328981723237,0.0108790252393385
0.0,0.0,0.0,0.0,0.0,0.0,0.0,1.0,0.0,0.0,0.0,0.0,0.0,0.0,0.0,0.0,0.0,0.0,0.0,0.0,0.0,0.0,0.0,0.0,0.0,1.0,0.0,-73.69,130.95,12.8,1.34,0.178,2298.0,1.0,0.0039164490861618,0.005657093124456,0.0100087032201914
0.0,0.0,0.0,0.0,0.0,0.0,0.0,0.0,0.0,0.0,0.0,0.0,1.0,0.0,0.0,0.0,0.0,0.0,0.0,0.0,0.0,0.0,0.0,0.0,0.0,1.0,0.0,-57.62,140.81,80.7,1.34,0.178,2298.0,1.0,0.0039164490861618,0.005657093124456,0.0100087032201914
0.0,0.0,0.0,0.0,0.0,0.0,0.0,0.0,0.0,1.0,0.0,0.0,0.0,0.0,0.0,0.0,0.0,0.0,0.0,0.0,0.0,0.0,0.0,1.0,0.0,0.0,0.0,-52.45,-42.88,74.4,1.34,0.178,2298.0,1.0,0.0034812880765883,0.0078328981723237,0.0117493472584856
0.0,0.0,0.0,0.0,0.0,0.0,0.0,0.0,0.0,0.0,0.0,0.0,1.0,0.0,0.0,0.0,0.0,0.0,0.0,0.0,0.0,0.0,0.0,1.0,0.0,0.0,0.0,-61.81,-29.77,67.3,1.34,0.178,2298.0,1.0,0.0039164490861618,0.0060922541340295,0.010443864229765
0.0,0.0,0.0,0.0,0.0,0.0,0.0,0.0,0.0,1.0,0.0,0.0,0.0,0.0,0.0,0.0,0.0,0.0,0.0,0.0,0.0,0.0,0.0,1.0,0.0,0.0,0.0,-76.61,-40.39,6.6,1.34,0.178,2298.0,1.0,0.0034812880765883,0.0087032201914708,0.0126196692776327
0.0,0.0,0.0,0.0,0.0,0.0,0.0,1.0,0.0,0.0,0.0,0.0,0.0,0.0,0.0,0.0,0.0,0.0,0.0,0.0,0.0,0.0,0.0,1.0,0.0,0.0,0.0,-57.9,-44.29,5.8,1.34,0.178,2298.0,1.0,0.0039164490861618,0.0082680591818973,0.0126196692776327
0.0,0.0,0.0,0.0,0.0,0.0,0.0,0.0,1.0,0.0,0.0,0.0,0.0,0.0,0.0,0.0,0.0,0.0,0.0,0.0,0.0,0.0,0.0,1.0,0.0,0.0,0.0,-65.61,-43.08,8.8,1.34,0.178,2298.0,1.0,0.0034812880765883,0.0091383812010443,0.0130548302872062
0.0,0.0,0.0,0.0,0.0,0.0,0.0,0.0,0.0,0.0,0.0,0.0,0.0,0.0,0.0,1.0,0.0,0.0,0.0,0.0,0.0,0.0,0.0,1.0,0.0,0.0,0.0,-59.6,-46.32,2.6,1.34,0.178,2298.0,1.0,0.0034812880765883,0.0087032201914708,0.0126196692776327
0.0,0.0,0.0,0.0,0.0,0.0,0.0,0.0,0.0,0.0,0.0,0.0,0.0,0.0,0.0,0.0,0.0,0.0,0.0,1.0,0.0,0.0,0.0,1.0,0.0,0.0,0.0,-62.79,-44.97,0.0,1.34,0.178,2298.0,1.0,0.0039164490861618,0.0108790252393385,0.0152306353350739
0.0,0.0,0.0,0.0,0.0,0.0,0.0,0.0,0.0,1.0,0.0,0.0,0.0,0.0,0.0,0.0,0.0,0.0,0.0,0.0,0.0,0.0,0.0,1.0,0.0,0.0,0.0,-61.75,-41.81,0.0,1.34,0.178,2298.0,1.0,0.0034812880765883,0.0087032201914708,0.0126196692776327
0.0,0.0,0.0,0.0,1.0,0.0,0.0,0.0,0.0,0.0,0.0,0.0,0.0,0.0,0.0,0.0,0.0,0.0,0.0,0.0,0.0,0.0,0.0,1.0,0.0,0.0,0.0,-59.29,-46.82,55.3,1.34,0.178,2298.0,1.0,0.0034812880765883,0.0121845082680591,0.016100957354221
0.0,0.0,0.0,0.0,0.0,0.0,0.0,0.0,0.0,0.0,0.0,0.0,0.0,1.0,0.0,0.0,0.0,0.0,0.0,0.0,0.0,0.0,0.0,1.0,0.0,0.0,0.0,-67.19,-38.97,13.2,1.34,0.178,2298.0,1.0,0.0034812880765883,0.0117493472584856,0.0156657963446475
0.0,0.0,0.0,0.0,0.0,0.0,0.0,0.0,0.0,1.0,0.0,0.0,0.0,0.0,0.0,0.0,0.0,0.0,0.0,0.0,0.0,0.0,0.0,1.0,0.0,0.0,0.0,-66.28,-39.41,0.2,1.34,0.178,2298.0,1.0,0.0034812880765883,0.0078328981723237,0.0117493472584856
0.0,0.0,0.0,0.0,0.0,0.0,0.0,0.0,0.0,1.0,0.0,0.0,0.0,0.0,0.0,0.0,0.0,0.0,0.0,0.0,0.0,0.0,0.0,1.0,0.0,0.0,0.0,-62.54,-36.18,0.0,1.34,0.178,2298.0,1.0,0.0034812880765883,0.0100087032201914,0.0139251523063533
0.0,0.0,0.0,0.0,0.0,0.0,0.0,0.0,0.0,0.0,0.0,0.0,0.0,1.0,0.0,0.0,0.0,0.0,0.0,0.0,0.0,0.0,0.0,1.0,0.0,0.0,0.0,-63.24,-42.48,62.0,1.34,0.178,2298.0,1.0,0.0034812880765883,0.0091383812010443,0.0130548302872062
0.0,0.0,0.0,0.0,0.0,1.0,0.0,0.0,0.0,0.0,0.0,0.0,0.0,0.0,0.0,0.0,0.0,0.0,0.0,0.0,0.0,0.0,0.0,1.0,0.0,0.0,0.0,-64.47,-42.69,0.0,1.34,0.178,2298.0,1.0,0.0026109660574412,0.011314186248912,0.0143603133159268
0.0,0.0,0.0,0.0,0.0,0.0,0.0,0.0,0.0,1.0,0.0,0.0,0.0,0.0,0.0,0.0,0.0,0.0,0.0,0.0,0.0,0.0,0.0,1.0,0.0,0.0,0.0,-65.15,-43.65,0.4,1.34,0.178,2298.0,1.0,0.0034812880765883,0.0108790252393385,0.0147954743255004
1.0,0.0,0.0,0.0,0.0,0.0,0.0,0.0,0.0,0.0,0.0,0.0,0.0,0.0,0.0,0.0,0.0,0.0,0.0,0.0,0.0,0.0,0.0,1.0,0.0,0.0,0.0,-59.6,-39.14,21.8,1.34,0.178,2298.0,1.0,0.0030461270670147,0.0082680591818973,0.0117493472584856
0.0,0.0,0.0,0.0,1.0,0.0,0.0,0.0,0.0,0.0,0.0,0.0,0.0,0.0,0.0,0.0,0.0,0.0,0.0,0.0,0.0,0.0,0.0,1.0,0.0,0.0,0.0,-64.77,-54.6,44.4,1.34,0.178,2298.0,1.0,0.0034812880765883,0.0082680591818973,0.0121845082680591
0.0,1.0,0.0,0.0,0.0,0.0,0.0,0.0,0.0,0.0,0.0,0.0,0.0,0.0,0.0,0.0,0.0,0.0,0.0,0.0,0.0,0.0,0.0,1.0,0.0,0.0,0.0,-60.57,-44.47,0.0,1.34,0.178,2298.0,0.6,0.0034812880765883,0.0108790252393385,0.0147954743255004
0.0,0.0,0.0,0.0,0.0,0.0,1.0,0.0,0.0,0.0,0.0,0.0,0.0,0.0,0.0,0.0,0.0,0.0,0.0,0.0,0.0,0.0,0.0,1.0,0.0,0.0,0.0,-61.42,-32.21,25.4,1.34,0.178,2298.0,1.0,0.0039164490861618,0.0095735422106179,0.0139251523063533
0.0,0.0,0.0,0.0,0.0,0.0,0.0,0.0,0.0,0.0,0.0,0.0,0.0,0.0,0.0,1.0,0.0,0.0,0.0,0.0,0.0,0.0,0.0,1.0,0.0,0.0,0.0,-65.84,-21.24,72.7,1.34,0.178,2298.0,1.0,0.0034812880765883,0.0065274151436031,0.010443864229765
0.0,0.0,0.0,0.0,0.0,0.0,1.0,0.0,0.0,0.0,0.0,0.0,0.0,0.0,0.0,0.0,0.0,0.0,0.0,0.0,0.0,0.0,0.0,1.0,0.0,0.0,0.0,-101.8,10.14,86.1,1.34,0.178,2298.0,1.0,0.0034812880765883,0.0095735422106179,0.0134899912967798
0.0,0.0,0.0,0.0,0.0,0.0,0.0,0.0,0.0,0.0,0.0,0.0,0.0,0.0,1.0,0.0,0.0,0.0,0.0,0.0,0.0,0.0,0.0,0.0,0.0,1.0,0.0,63.97,31.47,197.5,1.34,0.178,2298.0,1.0,0.0034812880765883,0.0069625761531766,0.0108790252393385
0.0,0.0,0.0,0.0,0.0,0.0,0.0,0.0,0.0,0.0,0.0,0.0,0.0,0.0,0.0,0.0,0.0,1.0,0.0,0.0,0.0,0.0,0.0,0.0,0.0,1.0,0.0,-109.41,123.96,33.6,1.34,0.178,2298.0,1.0,0.0039164490861618,0.0052219321148825,0.0095735422106179
0.0,0.0,0.0,0.0,0.0,0.0,0.0,0.0,0.0,1.0,0.0,0.0,0.0,0.0,0.0,0.0,0.0,0.0,0.0,0.0,0.0,0.0,0.0,0.0,0.0,1.0,0.0,-102.44,156.2,14.2,1.34,0.178,2298.0,1.0,0.0034812880765883,0.0087032201914708,0.0126196692776327
0.0,0.0,0.0,0.0,0.0,0.0,1.0,0.0,0.0,0.0,0.0,0.0,0.0,0.0,0.0,0.0,0.0,0.0,0.0,0.0,0.0,0.0,0.0,0.0,0.0,0.0,1.0,-88.61,-57.8,3.2,1.34,0.178,2298.0,1.0,0.0034812880765883,0.0100087032201914,0.0139251523063533
0.0,0.0,0.0,0.0,0.0,0.0,0.0,0.0,0.0,0.0,0.0,0.0,0.0,0.0,1.0,0.0,0.0,0.0,0.0,0.0,0.0,0.0,0.0,0.0,0.0,0.0,1.0,87.04,-20.99,32.6,1.34,0.178,2298.0,0.5,0.0034812880765883,0.0065274151436031,0.010443864229765
0.0,0.0,1.0,0.0,0.0,0.0,0.0,0.0,0.0,0.0,0.0,0.0,0.0,0.0,0.0,0.0,0.0,0.0,0.0,0.0,0.0,0.0,0.0,0.0,0.0,0.0,1.0,-139.96,49.45,16.5,1.34,0.178,2298.0,1.0,0.0039164490861618,0.005657093124456,0.0100087032201914
0.0,0.0,0.0,0.0,0.0,0.0,0.0,0.0,0.0,1.0,0.0,0.0,0.0,0.0,0.0,0.0,0.0,0.0,0.0,0.0,0.0,0.0,0.0,0.0,0.0,0.0,1.0,-69.86,141.28,1.1,1.34,0.178,2298.0,1.0,0.0039164490861618,0.0078328981723237,0.0121845082680591
0.0,0.0,0.0,0.0,0.0,0.0,0.0,0.0,1.0,0.0,0.0,0.0,0.0,0.0,0.0,0.0,0.0,0.0,0.0,0.0,0.0,0.0,0.0,0.0,0.0,1.0,0.0,-162.94,159.07,15.0,1.34,0.178,2298.0,0.6,0.0034812880765883,0.0095735422106179,0.0134899912967798
0.0,0.0,0.0,0.0,0.0,0.0,0.0,0.0,0.0,0.0,0.0,0.0,1.0,0.0,0.0,0.0,0.0,0.0,0.0,0.0,0.0,0.0,1.0,0.0,0.0,0.0,0.0,-55.2,-31.42,5.0,1.34,0.178,2298.0,1.0,0.0039164490861618,0.0091383812010443,0.0134899912967798
0.0,0.0,0.0,0.0,0.0,0.0,0.0,0.0,0.0,0.0,0.0,0.0,0.0,1.0,0.0,0.0,0.0,0.0,0.0,0.0,0.0,0.0,1.0,0.0,0.0,0.0,0.0,-69.29,-15.82,92.9,1.34,0.178,2298.0,0.5,0.0034812880765883,0.0082680591818973,0.0121845082680591
0.0,0.0,0.0,0.0,0.0,0.0,0.0,0.0,0.0,0.0,0.0,1.0,0.0,0.0,0.0,0.0,0.0,0.0,0.0,0.0,0.0,0.0,1.0,0.0,0.0,0.0,0.0,-99.21,11.64,12.6,1.34,0.178,2298.0,0.5,0.0039164490861618,0.0082680591818973,0.0126196692776327
0.0,0.0,0.0,0.0,0.0,0.0,0.0,0.0,0.0,1.0,0.0,0.0,0.0,0.0,0.0,0.0,0.0,0.0,0.0,0.0,0.0,0.0,0.0,0.0,1.0,0.0,0.0,-120.81,112.86,1.0,1.34,0.178,2298.0,1.0,0.0034812880765883,0.0100087032201914,0.0139251523063533
0.0,0.0,0.0,0.0,0.0,0.0,0.0,0.0,0.0,1.0,0.0,0.0,0.0,0.0,0.0,0.0,0.0,0.0,0.0,0.0,0.0,0.0,0.0,0.0,1.0,0.0,0.0,-106.41,140.28,30.7,1.34,0.178,2298.0,1.0,0.0034812880765883,0.0095735422106179,0.0134899912967798
0.0,0.0,0.0,0.0,0.0,0.0,0.0,1.0,0.0,0.0,0.0,0.0,0.0,0.0,0.0,0.0,0.0,0.0,0.0,0.0,0.0,0.0,0.0,0.0,1.0,0.0,0.0,-120.31,156.92,1.5,1.34,0.178,2298.0,1.0,0.0039164490861618,0.0073977371627502,0.0117493472584856
0.0,0.0,0.0,0.0,0.0,0.0,0.0,0.0,0.0,0.0,0.0,1.0,0.0,0.0,0.0,0.0,0.0,0.0,0.0,0.0,0.0,0.0,0.0,0.0,0.0,0.0,1.0,-121.38,172.69,34.6,1.34,0.178,2298.0,1.0,0.0039164490861618,0.0047867711053089,0.0091383812010443
0.0,0.0,0.0,0.0,0.0,0.0,0.0,0.0,0.0,0.0,0.0,0.0,0.0,0.0,0.0,0.0,1.0,0.0,0.0,0.0,0.0,0.0,0.0,0.0,0.0,0.0,1.0,-76.69,-3.85,96.5,1.34,0.178,2298.0,1.0,0.0039164490861618,0.0052219321148825,0.0095735422106179
0.0,0.0,0.0,1.0,0.0,0.0,0.0,0.0,0.0,0.0,0.0,0.0,0.0,0.0,0.0,0.0,0.0,0.0,0.0,0.0,0.0,0.0,0.0,0.0,0.0,0.0,1.0,-89.08,-9.21,143.6,1.34,0.178,2298.0,1.0,0.0034812880765883,0.0065274151436031,0.010443864229765
0.0,0.0,0.0,0.0,0.0,1.0,0.0,0.0,0.0,0.0,0.0,0.0,0.0,0.0,0.0,0.0,0.0,0.0,0.0,0.0,0.0,0.0,0.0,0.0,0.0,0.0,1.0,105.52,1.46,0.0,1.34,0.178,2298.0,1.0,0.0026109660574412,0.0087032201914708,0.0117493472584856
1.0,0.0,0.0,0.0,0.0,0.0,0.0,0.0,0.0,0.0,0.0,0.0,0.0,0.0,0.0,0.0,0.0,0.0,0.0,0.0,0.0,0.0,0.0,0.0,0.0,1.0,0.0,-86.24,154.9,10.0,1.34,0.178,2298.0,1.0,0.0030461270670147,0.0069625761531766,0.010443864229765
0.0,0.0,0.0,0.0,0.0,0.0,0.0,1.0,0.0,0.0,0.0,0.0,0.0,0.0,0.0,0.0,0.0,0.0,0.0,0.0,0.0,0.0,0.0,0.0,1.0,0.0,0.0,-134.83,142.83,0.0,1.34,0.178,2298.0,1.0,0.0039164490861618,0.0087032201914708,0.0130548302872062
0.0,0.0,0.0,0.0,0.0,0.0,0.0,0.0,1.0,0.0,0.0,0.0,0.0,0.0,0.0,0.0,0.0,0.0,0.0,0.0,0.0,0.0,0.0,0.0,1.0,0.0,0.0,-137.73,149.04,28.3,1.34,0.178,2298.0,1.0,0.0034812880765883,0.0091383812010443,0.0130548302872062
0.0,0.0,0.0,0.0,0.0,0.0,0.0,0.0,0.0,1.0,0.0,0.0,0.0,0.0,0.0,0.0,0.0,0.0,0.0,0.0,0.0,0.0,0.0,0.0,1.0,0.0,0.0,-84.6,122.09,1.2,1.34,0.178,2298.0,0.5,0.0034812880765883,0.0082680591818973,0.0121845082680591
1.0,0.0,0.0,0.0,0.0,0.0,0.0,0.0,0.0,0.0,0.0,0.0,0.0,0.0,0.0,0.0,0.0,0.0,0.0,0.0,0.0,0.0,0.0,0.0,0.0,0.0,1.0,-101.21,151.46,3.4,1.34,0.178,2298.0,1.0,0.0030461270670147,0.0078328981723237,0.011314186248912
0.0,0.0,1.0,0.0,0.0,0.0,0.0,0.0,0.0,0.0,0.0,0.0,0.0,0.0,0.0,0.0,0.0,0.0,0.0,0.0,0.0,0.0,0.0,0.0,0.0,0.0,1.0,67.49,22.05,14.2,1.34,0.178,2298.0,1.0,0.0039164490861618,0.0060922541340295,0.010443864229765
0.0,0.0,0.0,0.0,1.0,0.0,0.0,0.0,0.0,0.0,0.0,0.0,0.0,0.0,0.0,0.0,0.0,0.0,0.0,0.0,0.0,0.0,0.0,0.0,0.0,0.0,1.0,-57.81,133.78,11.9,1.34,0.178,2298.0,1.0,0.0034812880765883,0.0087032201914708,0.0126196692776327
0.0,0.0,0.0,0.0,0.0,1.0,0.0,0.0,0.0,0.0,0.0,0.0,0.0,0.0,0.0,0.0,0.0,0.0,0.0,0.0,0.0,0.0,0.0,0.0,0.0,0.0,1.0,82.48,-9.32,5.9,1.34,0.178,2298.0,1.0,0.0026109660574412,0.0069625761531766,0.0100087032201914
0.0,0.0,0.0,0.0,0.0,0.0,0.0,0.0,0.0,1.0,0.0,0.0,0.0,0.0,0.0,0.0,0.0,0.0,0.0,0.0,0.0,0.0,0.0,1.0,0.0,0.0,0.0,-72.08,-31.98,2.8,1.34,0.178,2298.0,1.0,0.0034812880765883,0.0082680591818973,0.0121845082680591
1.0,0.0,0.0,0.0,0.0,0.0,0.0,0.0,0.0,0.0,0.0,0.0,0.0,0.0,0.0,0.0,0.0,0.0,0.0,0.0,0.0,0.0,0.0,1.0,0.0,0.0,0.0,-63.11,-35.69,8.0,1.34,0.178,2298.0,1.0,0.0030461270670147,0.0087032201914708,0.0121845082680591
0.0,0.0,0.0,0.0,0.0,0.0,0.0,0.0,0.0,0.0,0.0,0.0,0.0,0.0,1.0,0.0,0.0,0.0,0.0,0.0,0.0,0.0,0.0,1.0,0.0,0.0,0.0,-74.01,-39.52,150.6,1.34,0.178,2298.0,1.0,0.0034812880765883,0.0073977371627502,0.011314186248912
1.0,0.0,0.0,0.0,0.0,0.0,0.0,0.0,0.0,0.0,0.0,0.0,0.0,0.0,0.0,0.0,0.0,0.0,0.0,0.0,0.0,0.0,0.0,1.0,0.0,0.0,0.0,-68.32,-36.03,17.8,1.34,0.178,2298.0,1.0,0.0030461270670147,0.0095735422106179,0.0130548302872062
0.0,0.0,0.0,0.0,1.0,0.0,0.0,0.0,0.0,0.0,0.0,0.0,0.0,0.0,0.0,0.0,0.0,0.0,0.0,0.0,0.0,0.0,0.0,1.0,0.0,0.0,0.0,-122.5,-6.7,58.2,1.34,0.178,2298.0,1.0,0.0034812880765883,0.0078328981723237,0.0117493472584856
0.0,0.0,0.0,0.0,0.0,1.0,0.0,0.0,0.0,0.0,0.0,0.0,0.0,0.0,0.0,0.0,0.0,0.0,0.0,0.0,0.0,0.0,0.0,0.0,0.0,1.0,0.0,83.21,162.58,33.4,1.34,0.178,2298.0,1.0,0.0030461270670147,0.0047867711053089,0.0082680591818973
0.0,0.0,0.0,0.0,0.0,0.0,0.0,0.0,0.0,0.0,0.0,0.0,0.0,0.0,0.0,0.0,0.0,1.0,0.0,0.0,0.0,0.0,0.0,0.0,0.0,1.0,0.0,-106.41,109.81,53.7,1.34,0.178,2298.0,1.0,0.0043516100957354,0.0034812880765883,0.0082680591818973
0.0,0.0,0.0,0.0,0.0,0.0,0.0,0.0,0.0,0.0,0.0,0.0,1.0,0.0,0.0,0.0,0.0,0.0,0.0,0.0,0.0,0.0,0.0,0.0,0.0,0.0,1.0,-83.14,167.11,45.8,1.34,0.178,2298.0,1.0,0.0039164490861618,0.0039164490861618,0.0082680591818973
0.0,0.0,0.0,0.0,0.0,0.0,0.0,0.0,0.0,0.0,0.0,0.0,0.0,0.0,0.0,0.0,0.0,1.0,0.0,0.0,0.0,0.0,0.0,0.0,0.0,0.0,1.0,-71.26,-41.26,113.2,1.34,0.178,2298.0,1.0,0.0039164490861618,0.0047867711053089,0.0091383812010443
0.0,0.0,0.0,0.0,0.0,0.0,0.0,0.0,0.0,0.0,0.0,0.0,0.0,0.0,1.0,0.0,0.0,0.0,0.0,0.0,0.0,1.0,0.0,0.0,0.0,0.0,0.0,-126.77,151.53,130.9,1.34,0.178,2298.0,1.0,0.0034812880765883,0.0108790252393385,0.0147954743255004
0.0,0.0,0.0,0.0,0.0,0.0,0.0,0.0,0.0,0.0,0.0,0.0,0.0,0.0,0.0,0.0,1.0,0.0,0.0,0.0,0.0,0.0,0.0,0.0,0.0,0.0,1.0,-77.89,179.85,14.1,1.34,0.178,2298.0,1.0,0.0039164490861618,0.0078328981723237,0.0121845082680591
0.0,0.0,0.0,0.0,0.0,0.0,0.0,0.0,0.0,0.0,0.0,0.0,0.0,0.0,0.0,0.0,0.0,0.0,0.0,1.0,0.0,0.0,0.0,0.0,0.0,0.0,1.0,-62.58,-19.24,93.6,1.34,0.178,2298.0,1.0,0.0034812880765883,0.005657093124456,0.0095735422106179
0.0,0.0,0.0,0.0,0.0,0.0,0.0,0.0,0.0,0.0,0.0,0.0,0.0,0.0,0.0,0.0,1.0,0.0,0.0,0.0,0.0,0.0,0.0,0.0,0.0,0.0,1.0,-99.06,6.91,50.2,1.34,0.178,2298.0,1.0,0.0039164490861618,0.0073977371627502,0.0117493472584856
0.0,0.0,0.0,0.0,0.0,0.0,1.0,0.0,0.0,0.0,0.0,0.0,0.0,0.0,0.0,0.0,0.0,0.0,0.0,0.0,0.0,0.0,0.0,0.0,0.0,0.0,1.0,77.46,3.22,142.2,1.34,0.178,2298.0,1.0,0.0034812880765883,0.0100087032201914,0.0139251523063533
0.0,0.0,0.0,1.0,0.0,0.0,0.0,0.0,0.0,0.0,0.0,0.0,0.0,0.0,0.0,0.0,0.0,0.0,0.0,0.0,0.0,0.0,0.0,0.0,0.0,1.0,0.0,-65.24,141.85,96.9,1.34,0.178,2298.0,1.0,0.0034812880765883,0.0078328981723237,0.0117493472584856
0.0,0.0,0.0,0.0,0.0,0.0,0.0,0.0,0.0,0.0,0.0,0.0,0.0,0.0,0.0,0.0,0.0,1.0,0.0,0.0,0.0,1.0,0.0,0.0,0.0,0.0,0.0,-71.09,127.28,92.5,1.34,0.178,2298.0,1.0,0.0039164490861618,0.0060922541340295,0.010443864229765
0.0,0.0,0.0,0.0,0.0,0.0,0.0,0.0,0.0,0.0,0.0,0.0,0.0,0.0,0.0,0.0,0.0,1.0,0.0,0.0,0.0,0.0,0.0,0.0,0.0,1.0,0.0,-73.13,128.44,6.5,1.34,0.178,2298.0,1.0,0.0039164490861618,0.005657093124456,0.0100087032201914
0.0,0.0,0.0,0.0,0.0,0.0,0.0,0.0,0.0,0.0,0.0,0.0,0.0,0.0,0.0,0.0,1.0,0.0,0.0,0.0,0.0,0.0,0.0,0.0,0.0,1.0,0.0,-66.08,142.79,36.2,1.34,0.178,2298.0,1.0,0.0039164490861618,0.0047867711053089,0.0091383812010443
0.0,0.0,0.0,0.0,0.0,0.0,0.0,0.0,0.0,1.0,0.0,0.0,0.0,0.0,0.0,0.0,0.0,0.0,0.0,0.0,0.0,0.0,0.0,0.0,0.0,0.0,1.0,-98.85,-4.9,22.5,1.34,0.178,2298.0,1.0,0.0034812880765883,0.0082680591818973,0.0121845082680591
0.0,0.0,0.0,0.0,0.0,0.0,0.0,0.0,0.0,0.0,0.0,0.0,0.0,0.0,0.0,0.0,0.0,0.0,1.0,0.0,0.0,0.0,0.0,0.0,0.0,0.0,1.0,-61.92,-26.37,89.6,1.34,0.178,2298.0,1.0,0.0034812880765883,0.0108790252393385,0.0147954743255004
0.0,0.0,0.0,0.0,0.0,0.0,0.0,0.0,0.0,0.0,0.0,0.0,0.0,0.0,0.0,0.0,0.0,0.0,0.0,1.0,0.0,0.0,0.0,0.0,0.0,0.0,1.0,-108.83,10.77,15.1,1.34,0.178,2298.0,1.0,0.0034812880765883,0.0091383812010443,0.0130548302872062
0.0,0.0,0.0,0.0,0.0,0.0,0.0,0.0,0.0,0.0,0.0,0.0,0.0,0.0,1.0,0.0,0.0,0.0,0.0,0.0,0.0,0.0,0.0,0.0,0.0,0.0,1.0,-79.22,131.97,48.0,1.34,0.178,2298.0,1.0,0.0034812880765883,0.0065274151436031,0.010443864229765
1.0,0.0,0.0,0.0,0.0,0.0,0.0,0.0,0.0,0.0,0.0,0.0,0.0,0.0,0.0,0.0,0.0,0.0,0.0,0.0,0.0,0.0,0.0,0.0,0.0,1.0,0.0,-66.63,150.19,0.5,1.34,0.178,2298.0,1.0,0.0034812880765883,0.0095735422106179,0.0134899912967798
0.0,0.0,0.0,0.0,0.0,0.0,0.0,0.0,0.0,0.0,0.0,0.0,1.0,0.0,0.0,0.0,0.0,0.0,0.0,0.0,0.0,0.0,0.0,1.0,0.0,0.0,0.0,-63.62,-31.91,0.0,1.34,0.178,2298.0,1.0,0.0039164490861618,0.0073977371627502,0.0117493472584856
0.0,0.0,0.0,1.0,0.0,0.0,0.0,0.0,0.0,0.0,0.0,0.0,0.0,0.0,0.0,0.0,0.0,0.0,0.0,0.0,0.0,0.0,0.0,1.0,0.0,0.0,0.0,-65.94,-30.31,2.2,1.34,0.178,2298.0,1.0,0.0034812880765883,0.0091383812010443,0.0130548302872062
0.0,0.0,0.0,0.0,0.0,0.0,0.0,1.0,0.0,0.0,0.0,0.0,0.0,0.0,0.0,0.0,0.0,0.0,0.0,0.0,0.0,0.0,0.0,1.0,0.0,0.0,0.0,-70.71,-44.44,36.9,1.34,0.178,2298.0,1.0,0.0039164490861618,0.0073977371627502,0.0117493472584856
0.0,0.0,0.0,0.0,0.0,0.0,0.0,0.0,0.0,1.0,0.0,0.0,0.0,0.0,0.0,0.0,0.0,0.0,0.0,0.0,0.0,0.0,0.0,1.0,0.0,0.0,0.0,-61.3,-30.85,2.5,1.34,0.178,2298.0,1.0,0.0034812880765883,0.0091383812010443,0.0130548302872062
0.0,0.0,0.0,0.0,0.0,0.0,0.0,0.0,0.0,1.0,0.0,0.0,0.0,0.0,0.0,0.0,0.0,0.0,0.0,0.0,0.0,0.0,0.0,1.0,0.0,0.0,0.0,-87.95,3.4,0.0,1.34,0.178,2298.0,1.0,0.0034812880765883,0.0095735422106179,0.0134899912967798
0.0,0.0,0.0,0.0,0.0,1.0,0.0,0.0,0.0,0.0,0.0,0.0,0.0,0.0,0.0,0.0,0.0,0.0,0.0,0.0,0.0,0.0,0.0,0.0,0.0,1.0,0.0,94.3,15.36,14.7,1.34,0.178,2298.0,1.0,0.0026109660574412,0.0082680591818973,0.011314186248912
0.0,1.0,0.0,0.0,0.0,0.0,0.0,0.0,0.0,0.0,0.0,0.0,0.0,0.0,0.0,0.0,0.0,0.0,0.0,0.0,0.0,0.0,0.0,0.0,0.0,0.0,1.0,-74.34,120.3,38.1,1.34,0.178,2298.0,1.0,0.0034812880765883,0.0039164490861618,0.0078328981723237
0.0,0.0,0.0,0.0,0.0,0.0,0.0,0.0,1.0,0.0,0.0,0.0,0.0,0.0,0.0,0.0,0.0,0.0,0.0,0.0,0.0,0.0,0.0,0.0,0.0,0.0,1.0,-99.29,-6.42,166.7,1.34,0.178,2298.0,1.0,0.0034812880765883,0.0069625761531766,0.0108790252393385
0.0,0.0,0.0,0.0,0.0,0.0,0.0,0.0,0.0,0.0,0.0,0.0,0.0,0.0,0.0,0.0,0.0,0.0,0.0,1.0,0.0,0.0,0.0,0.0,0.0,0.0,1.0,-118.34,54.05,214.4,1.34,0.178,2298.0,1.0,0.0034812880765883,0.0065274151436031,0.010443864229765
0.0,0.0,0.0,0.0,0.0,0.0,0.0,0.0,0.0,0.0,0.0,0.0,0.0,0.0,0.0,0.0,0.0,0.0,0.0,1.0,0.0,0.0,0.0,0.0,0.0,0.0,1.0,-78.17,172.44,69.6,1.34,0.178,2298.0,1.0,0.0034812880765883,0.0060922541340295,0.0100087032201914
0.0,0.0,0.0,0.0,0.0,0.0,0.0,0.0,0.0,0.0,0.0,0.0,0.0,0.0,0.0,1.0,0.0,0.0,0.0,0.0,0.0,0.0,0.0,0.0,0.0,1.0,0.0,-117.37,178.05,47.5,1.34,0.178,2298.0,1.0,0.0034812880765883,0.0043516100957354,0.0082680591818973
0.0,0.0,0.0,0.0,0.0,0.0,0.0,0.0,0.0,0.0,0.0,0.0,0.0,0.0,0.0,0.0,1.0,0.0,0.0,0.0,0.0,0.0,0.0,1.0,0.0,0.0,0.0,-56.93,-20.58,50.4,1.34,0.178,2298.0,1.0,0.0039164490861618,0.0078328981723237,0.0121845082680591
1.0,0.0,0.0,0.0,0.0,0.0,0.0,0.0,0.0,0.0,0.0,0.0,0.0,0.0,0.0,0.0,0.0,0.0,0.0,0.0,0.0,0.0,0.0,1.0,0.0,0.0,0.0,-57.68,-25.47,7.1,1.34,0.178,2298.0,1.0,0.0030461270670147,0.0078328981723237,0.011314186248912
0.0,0.0,0.0,0.0,0.0,0.0,0.0,0.0,0.0,0.0,0.0,0.0,0.0,0.0,0.0,0.0,0.0,1.0,0.0,0.0,0.0,0.0,0.0,1.0,0.0,0.0,0.0,-60.9,-31.75,1.2,1.34,0.178,2298.0,1.0,0.0039164490861618,0.0065274151436031,0.0108790252393385
0.0,0.0,1.0,0.0,0.0,0.0,0.0,0.0,0.0,0.0,0.0,0.0,0.0,0.0,0.0,0.0,0.0,0.0,0.0,0.0,0.0,0.0,0.0,1.0,0.0,0.0,0.0,-75.36,-32.93,0.0,1.34,0.178,2298.0,1.0,0.0039164490861618,0.0087032201914708,0.0130548302872062
0.0,0.0,0.0,0.0,0.0,0.0,0.0,1.0,0.0,0.0,0.0,0.0,0.0,0.0,0.0,0.0,0.0,0.0,0.0,0.0,0.0,0.0,0.0,1.0,0.0,0.0,0.0,-65.14,-41.19,1.8,1.34,0.178,2298.0,1.0,0.0039164490861618,0.0082680591818973,0.0126196692776327
0.0,0.0,0.0,0.0,0.0,0.0,0.0,0.0,0.0,0.0,0.0,0.0,0.0,0.0,0.0,0.0,0.0,0.0,1.0,0.0,0.0,0.0,0.0,1.0,0.0,0.0,0.0,-58.72,-52.03,0.0,1.34,0.178,2298.0,1.0,0.0034812880765883,0.0108790252393385,0.0147954743255004
0.0,0.0,0.0,0.0,0.0,0.0,0.0,0.0,0.0,0.0,0.0,0.0,0.0,0.0,0.0,1.0,0.0,0.0,0.0,0.0,0.0,0.0,0.0,1.0,0.0,0.0,0.0,-56.96,-44.33,4.0,1.34,0.178,2298.0,1.0,0.0034812880765883,0.0091383812010443,0.0130548302872062
0.0,0.0,0.0,0.0,0.0,0.0,0.0,0.0,0.0,1.0,0.0,0.0,0.0,0.0,0.0,0.0,0.0,0.0,0.0,0.0,0.0,0.0,0.0,1.0,0.0,0.0,0.0,-66.5,-32.92,1.6,1.34,0.178,2298.0,1.0,0.0034812880765883,0.0087032201914708,0.0126196692776327
0.0,0.0,0.0,0.0,0.0,1.0,0.0,0.0,0.0,0.0,0.0,0.0,0.0,0.0,0.0,0.0,0.0,0.0,0.0,0.0,0.0,0.0,0.0,1.0,0.0,0.0,0.0,-64.39,-40.04,0.0,1.34,0.178,2298.0,1.0,0.0026109660574412,0.0095735422106179,0.0126196692776327
0.0,1.0,0.0,0.0,0.0,0.0,0.0,0.0,0.0,0.0,0.0,0.0,0.0,0.0,0.0,0.0,0.0,0.0,0.0,0.0,0.0,0.0,0.0,1.0,0.0,0.0,0.0,-62.13,-40.15,1.0,1.34,0.178,2298.0,1.0,0.0034812880765883,0.0073977371627502,0.011314186248912
0.0,0.0,0.0,0.0,0.0,0.0,0.0,1.0,0.0,0.0,0.0,0.0,0.0,0.0,0.0,0.0,0.0,0.0,0.0,0.0,0.0,0.0,0.0,1.0,0.0,0.0,0.0,-67.76,-40.82,0.0,1.34,0.178,2298.0,1.0,0.0039164490861618,0.0087032201914708,0.0130548302872062
0.0,0.0,0.0,0.0,1.0,0.0,0.0,0.0,0.0,0.0,0.0,0.0,0.0,0.0,0.0,0.0,0.0,0.0,0.0,0.0,0.0,0.0,0.0,1.0,0.0,0.0,0.0,-55.41,-49.27,0.0,1.34,0.178,2298.0,1.0,0.0034812880765883,0.0091383812010443,0.0130548302872062
1.0,0.0,0.0,0.0,0.0,0.0,0.0,0.0,0.0,0.0,0.0,0.0,0.0,0.0,0.0,0.0,0.0,0.0,0.0,0.0,0.0,0.0,0.0,1.0,0.0,0.0,0.0,-61.28,-38.67,0.4,1.34,0.178,2298.0,1.0,0.0030461270670147,0.0082680591818973,0.0117493472584856
0.0,0.0,0.0,1.0,0.0,0.0,0.0,0.0,0.0,0.0,0.0,0.0,0.0,0.0,0.0,0.0,0.0,0.0,0.0,0.0,0.0,0.0,0.0,1.0,0.0,0.0,0.0,-67.61,-38.93,24.3,1.34,0.178,2298.0,1.0,0.0034812880765883,0.010443864229765,0.0143603133159268
0.0,0.0,0.0,0.0,0.0,0.0,0.0,0.0,0.0,0.0,1.0,0.0,0.0,0.0,0.0,0.0,0.0,0.0,0.0,0.0,0.0,0.0,0.0,1.0,0.0,0.0,0.0,-63.95,-40.35,3.7,1.34,0.178,2298.0,1.0,0.0034812880765883,0.0087032201914708,0.0126196692776327
0.0,0.0,0.0,0.0,0.0,0.0,0.0,0.0,0.0,0.0,0.0,0.0,0.0,0.0,0.0,0.0,0.0,1.0,0.0,0.0,0.0,0.0,0.0,1.0,0.0,0.0,0.0,-69.08,-44.71,18.5,1.34,0.178,2298.0,1.0,0.0039164490861618,0.0060922541340295,0.010443864229765
0.0,0.0,0.0,0.0,0.0,0.0,0.0,0.0,0.0,0.0,0.0,0.0,0.0,0.0,0.0,0.0,1.0,0.0,0.0,0.0,0.0,0.0,0.0,1.0,0.0,0.0,0.0,-95.09,-16.21,45.6,1.34,0.178,2298.0,1.0,0.0039164490861618,0.0065274151436031,0.0108790252393385
0.0,0.0,0.0,0.0,0.0,0.0,0.0,0.0,0.0,0.0,0.0,0.0,0.0,0.0,1.0,0.0,0.0,0.0,0.0,0.0,0.0,0.0,0.0,0.0,0.0,1.0,0.0,70.9,24.77,140.7,1.34,0.178,2298.0,1.0,0.0034812880765883,0.0065274151436031,0.010443864229765
0.0,0.0,0.0,0.0,0.0,0.0,0.0,0.0,0.0,0.0,0.0,0.0,0.0,0.0,1.0,0.0,0.0,0.0,0.0,0.0,0.0,0.0,0.0,0.0,0.0,1.0,0.0,-146.96,144.31,199.4,1.34,0.178,2298.0,0.6,0.0034812880765883,0.0060922541340295,0.0100087032201914
1.0,0.0,0.0,0.0,0.0,0.0,0.0,0.0,0.0,0.0,0.0,0.0,0.0,0.0,0.0,0.0,0.0,0.0,0.0,0.0,0.0,0.0,0.0,0.0,0.0,0.0,1.0,-62.15,143.88,18.2,1.34,0.178,2298.0,1.0,0.0030461270670147,0.0060922541340295,0.0095735422106179
0.0,0.0,0.0,0.0,0.0,0.0,0.0,0.0,0.0,1.0,0.0,0.0,0.0,0.0,0.0,0.0,0.0,0.0,0.0,0.0,0.0,0.0,0.0,0.0,0.0,0.0,1.0,-71.82,-49.68,28.6,1.34,0.178,2298.0,1.0,0.0034812880765883,0.0060922541340295,0.0100087032201914
0.0,0.0,0.0,0.0,1.0,0.0,0.0,0.0,0.0,0.0,0.0,0.0,0.0,0.0,0.0,0.0,0.0,0.0,0.0,0.0,0.0,0.0,0.0,0.0,0.0,0.0,1.0,-132.12,76.73,2.3,1.34,0.178,2298.0,1.0,0.0039164490861618,0.0082680591818973,0.0126196692776327
0.0,0.0,0.0,0.0,0.0,0.0,0.0,0.0,0.0,0.0,0.0,0.0,1.0,0.0,0.0,0.0,0.0,0.0,0.0,0.0,0.0,0.0,0.0,0.0,0.0,0.0,1.0,-83.76,66.03,39.5,1.34,0.178,2298.0,1.0,0.0039164490861618,0.0091383812010443,0.0134899912967798
0.0,0.0,0.0,0.0,0.0,1.0,0.0,0.0,0.0,0.0,0.0,0.0,0.0,0.0,0.0,0.0,0.0,0.0,0.0,0.0,0.0,0.0,0.0,0.0,0.0,1.0,0.0,-69.31,151.85,3.4,1.34,0.178,2298.0,1.0,0.0026109660574412,0.0117493472584856,0.0147954743255004
0.0,0.0,1.0,0.0,0.0,0.0,0.0,0.0,0.0,0.0,0.0,0.0,0.0,0.0,0.0,0.0,0.0,0.0,0.0,0.0,0.0,0.0,0.0,0.0,0.0,1.0,0.0,-120.98,14.44,134.4,1.34,0.178,2298.0,1.0,0.0039164490861618,0.0052219321148825,0.0095735422106179
0.0,0.0,0.0,0.0,0.0,0.0,0.0,0.0,0.0,0.0,0.0,0.0,0.0,0.0,0.0,1.0,0.0,0.0,0.0,0.0,0.0,0.0,0.0,0.0,0.0,1.0,0.0,-165.91,165.85,47.2,1.34,0.178,2298.0,1.0,0.0034812880765883,0.0052219321148825,0.0091383812010443
0.0,0.0,0.0,1.0,0.0,0.0,0.0,0.0,0.0,0.0,0.0,0.0,0.0,0.0,0.0,0.0,0.0,0.0,0.0,0.0,0.0,0.0,0.0,1.0,0.0,0.0,0.0,-62.02,-42.59,96.7,1.34,0.178,2298.0,1.0,0.0034812880765883,0.0065274151436031,0.010443864229765
0.0,0.0,0.0,0.0,0.0,0.0,0.0,1.0,0.0,0.0,0.0,0.0,0.0,0.0,0.0,0.0,0.0,0.0,0.0,0.0,0.0,0.0,0.0,1.0,0.0,0.0,0.0,-71.36,-33.07,81.4,1.34,0.178,2298.0,1.0,0.0039164490861618,0.0073977371627502,0.0117493472584856
0.0,0.0,1.0,0.0,0.0,0.0,0.0,0.0,0.0,0.0,0.0,0.0,0.0,0.0,0.0,0.0,0.0,0.0,0.0,0.0,0.0,0.0,0.0,1.0,0.0,0.0,0.0,-67.58,-38.5,36.0,1.34,0.178,2298.0,1.0,0.0034812880765883,0.0082680591818973,0.0121845082680591
0.0,0.0,0.0,0.0,0.0,0.0,0.0,0.0,0.0,0.0,0.0,0.0,0.0,1.0,0.0,0.0,0.0,0.0,0.0,0.0,0.0,0.0,0.0,1.0,0.0,0.0,0.0,-60.48,-50.08,0.0,1.34,0.178,2298.0,1.0,0.0034812880765883,0.0100087032201914,0.0139251523063533
0.0,0.0,0.0,0.0,0.0,0.0,0.0,0.0,0.0,1.0,0.0,0.0,0.0,0.0,0.0,0.0,0.0,0.0,0.0,0.0,0.0,0.0,0.0,1.0,0.0,0.0,0.0,-58.69,-47.98,6.2,1.34,0.178,2298.0,0.6,0.0034812880765883,0.010443864229765,0.0143603133159268
0.0,0.0,0.0,0.0,1.0,0.0,0.0,0.0,0.0,0.0,0.0,0.0,0.0,0.0,0.0,0.0,0.0,0.0,0.0,0.0,0.0,0.0,0.0,1.0,0.0,0.0,0.0,-70.0,-28.08,40.1,1.34,0.178,2298.0,1.0,0.0039164490861618,0.011314186248912,0.0156657963446475
0.0,0.0,0.0,0.0,0.0,0.0,0.0,0.0,0.0,0.0,0.0,0.0,0.0,0.0,1.0,0.0,0.0,0.0,0.0,0.0,0.0,0.0,0.0,1.0,0.0,0.0,0.0,-66.11,-40.46,90.5,1.34,0.178,2298.0,1.0,0.0034812880765883,0.0091383812010443,0.0130548302872062
0.0,0.0,0.0,0.0,0.0,0.0,0.0,1.0,0.0,0.0,0.0,0.0,0.0,0.0,0.0,0.0,0.0,0.0,0.0,0.0,0.0,0.0,0.0,1.0,0.0,0.0,0.0,-61.96,-46.92,0.0,1.34,0.178,2298.0,1.0,0.0039164490861618,0.0095735422106179,0.0139251523063533
0.0,0.0,0.0,0.0,1.0,0.0,0.0,0.0,0.0,0.0,0.0,0.0,0.0,0.0,0.0,0.0,0.0,0.0,0.0,0.0,0.0,0.0,0.0,1.0,0.0,0.0,0.0,-63.88,-36.88,0.0,1.34,0.178,2298.0,1.0,0.0039164490861618,0.0117493472584856,0.016100957354221
0.0,0.0,0.0,0.0,0.0,0.0,0.0,0.0,0.0,0.0,0.0,0.0,0.0,0.0,1.0,0.0,0.0,0.0,0.0,0.0,0.0,0.0,0.0,1.0,0.0,0.0,0.0,-69.64,-22.49,97.2,1.34,0.178,2298.0,1.0,0.0034812880765883,0.0091383812010443,0.0130548302872062
0.0,0.0,0.0,0.0,0.0,0.0,0.0,0.0,0.0,0.0,0.0,0.0,0.0,0.0,0.0,0.0,1.0,0.0,0.0,0.0,0.0,0.0,0.0,1.0,0.0,0.0,0.0,-94.61,-47.27,29.5,1.34,0.178,2298.0,1.0,0.0039164490861618,0.0073977371627502,0.0117493472584856
0.0,0.0,0.0,0.0,0.0,0.0,0.0,0.0,0.0,1.0,0.0,0.0,0.0,0.0,0.0,0.0,0.0,0.0,0.0,0.0,0.0,0.0,0.0,1.0,0.0,0.0,0.0,-96.88,-4.8,4.8,1.34,0.178,2298.0,1.0,0.0034812880765883,0.010443864229765,0.0143603133159268
0.0,0.0,0.0,0.0,0.0,1.0,0.0,0.0,0.0,0.0,0.0,0.0,0.0,0.0,0.0,0.0,0.0,0.0,0.0,0.0,0.0,0.0,0.0,0.0,0.0,1.0,0.0,92.59,148.11,6.2,1.34,0.178,2298.0,1.0,0.0026109660574412,0.0108790252393385,0.0139251523063533
0.0,0.0,0.0,0.0,0.0,0.0,0.0,0.0,0.0,0.0,0.0,0.0,0.0,0.0,0.0,0.0,1.0,0.0,0.0,0.0,0.0,0.0,0.0,0.0,0.0,1.0,0.0,-67.0,128.72,21.9,1.34,0.178,2298.0,1.0,0.0039164490861618,0.0082680591818973,0.0126196692776327
0.0,0.0,0.0,0.0,0.0,0.0,0.0,0.0,0.0,0.0,0.0,0.0,1.0,0.0,0.0,0.0,0.0,0.0,0.0,0.0,0.0,0.0,0.0,0.0,0.0,1.0,0.0,-72.07,150.35,2.0,1.34,0.178,2298.0,1.0,0.0039164490861618,0.0073977371627502,0.0117493472584856
0.0,0.0,1.0,0.0,0.0,0.0,0.0,0.0,0.0,0.0,0.0,0.0,0.0,0.0,0.0,0.0,0.0,0.0,0.0,0.0,0.0,0.0,0.0,0.0,0.0,0.0,1.0,-139.19,-179.67,77.0,1.34,0.178,2298.0,1.0,0.0039164490861618,0.005657093124456,0.0100087032201914
0.0,0.0,0.0,1.0,0.0,0.0,0.0,0.0,0.0,0.0,0.0,0.0,0.0,0.0,0.0,0.0,0.0,0.0,0.0,0.0,0.0,0.0,0.0,0.0,0.0,0.0,1.0,-64.63,-22.2,77.8,1.34,0.178,2298.0,1.0,0.0034812880765883,0.0082680591818973,0.0121845082680591
0.0,0.0,0.0,0.0,0.0,0.0,0.0,0.0,0.0,0.0,0.0,0.0,0.0,0.0,0.0,0.0,0.0,1.0,0.0,0.0,0.0,0.0,0.0,0.0,0.0,0.0,1.0,-69.42,-50.55,120.8,1.34,0.178,2298.0,1.0,0.0039164490861618,0.0052219321148825,0.0095735422106179
0.0,0.0,0.0,0.0,0.0,0.0,0.0,0.0,0.0,0.0,0.0,0.0,0.0,0.0,0.0,0.0,0.0,1.0,0.0,0.0,0.0,0.0,0.0,0.0,0.0,0.0,1.0,-83.97,-23.54,69.4,1.34,0.178,2298.0,1.0,0.0039164490861618,0.0060922541340295,0.010443864229765
0.0,0.0,0.0,0.0,0.0,0.0,0.0,0.0,0.0,0.0,0.0,0.0,0.0,0.0,0.0,0.0,0.0,0.0,1.0,0.0,0.0,0.0,0.0,0.0,0.0,0.0,1.0,-143.2,82.32,12.8,1.34,0.178,2298.0,1.0,0.0039164490861618,0.0126196692776327,0.0169712793733681
0.0,0.0,0.0,0.0,0.0,0.0,0.0,0.0,0.0,0.0,0.0,0.0,1.0,0.0,0.0,0.0,0.0,0.0,0.0,0.0,0.0,0.0,0.0,0.0,0.0,0.0,1.0,-56.09,129.9,75.6,1.34,0.178,2298.0,1.0,0.0039164490861618,0.0060922541340295,0.010443864229765
0.0,0.0,0.0,0.0,0.0,1.0,0.0,0.0,0.0,0.0,0.0,0.0,0.0,0.0,0.0,0.0,0.0,0.0,0.0,0.0,0.0,0.0,0.0,0.0,0.0,0.0,1.0,93.92,-10.23,35.0,1.34,0.178,2298.0,1.0,0.0026109660574412,0.0052219321148825,0.0082680591818973
0.0,0.0,0.0,0.0,0.0,0.0,0.0,0.0,0.0,0.0,0.0,0.0,0.0,0.0,0.0,0.0,0.0,1.0,0.0,0.0,0.0,0.0,1.0,0.0,0.0,0.0,0.0,-57.23,-37.53,0.0,1.34,0.178,2298.0,1.0,0.0039164490861618,0.0095735422106179,0.0139251523063533
0.0,0.0,0.0,0.0,0.0,0.0,0.0,0.0,0.0,0.0,0.0,0.0,0.0,0.0,0.0,0.0,1.0,0.0,0.0,0.0,0.0,0.0,1.0,0.0,0.0,0.0,0.0,-73.38,-6.02,57.3,1.34,0.178,2298.0,1.0,0.0039164490861618,0.0091383812010443,0.0134899912967798
0.0,0.0,0.0,0.0,0.0,0.0,0.0,0.0,0.0,0.0,0.0,0.0,0.0,0.0,0.0,1.0,0.0,0.0,0.0,0.0,0.0,0.0,1.0,0.0,0.0,0.0,0.0,-105.12,3.27,105.4,1.34,0.178,2298.0,0.5,0.0034812880765883,0.005657093124456,0.0095735422106179
0.0,0.0,0.0,0.0,0.0,0.0,0.0,0.0,0.0,0.0,1.0,0.0,0.0,0.0,0.0,0.0,0.0,0.0,0.0,0.0,0.0,0.0,0.0,0.0,0.0,0.0,1.0,-70.5,152.16,28.6,1.34,0.178,2298.0,0.5,0.0034812880765883,0.0078328981723237,0.0117493472584856
0.0,0.0,0.0,0.0,0.0,0.0,0.0,0.0,0.0,0.0,0.0,0.0,1.0,0.0,0.0,0.0,0.0,0.0,0.0,0.0,0.0,0.0,0.0,0.0,0.0,0.0,1.0,-50.59,-40.72,88.8,1.34,0.178,2298.0,1.0,0.0039164490861618,0.0047867711053089,0.0091383812010443
0.0,0.0,1.0,0.0,0.0,0.0,0.0,0.0,0.0,0.0,0.0,0.0,0.0,0.0,0.0,0.0,0.0,0.0,0.0,0.0,0.0,0.0,0.0,0.0,0.0,0.0,1.0,-106.74,9.6,78.7,1.34,0.178,2298.0,1.0,0.0039164490861618,0.0060922541340295,0.010443864229765
0.0,0.0,0.0,0.0,0.0,0.0,0.0,0.0,0.0,0.0,0.0,0.0,0.0,0.0,0.0,0.0,0.0,0.0,0.0,1.0,0.0,0.0,0.0,0.0,0.0,0.0,1.0,-71.62,139.07,30.8,1.34,0.178,2298.0,1.0,0.0034812880765883,0.0091383812010443,0.0130548302872062
0.0,0.0,0.0,0.0,0.0,0.0,0.0,0.0,1.0,0.0,0.0,0.0,0.0,0.0,0.0,0.0,0.0,0.0,0.0,0.0,0.0,0.0,0.0,0.0,0.0,0.0,1.0,-127.3,129.45,114.2,1.34,0.178,2298.0,1.0,0.0039164490861618,0.010443864229765,0.0147954743255004
0.0,0.0,0.0,0.0,0.0,0.0,0.0,0.0,0.0,0.0,0.0,0.0,1.0,0.0,0.0,0.0,0.0,0.0,0.0,0.0,0.0,0.0,0.0,0.0,0.0,0.0,1.0,-57.55,-19.7,101.7,1.34,0.178,2298.0,1.0,0.0039164490861618,0.0052219321148825,0.0095735422106179
0.0,0.0,0.0,0.0,0.0,0.0,0.0,0.0,0.0,0.0,0.0,0.0,0.0,0.0,0.0,1.0,0.0,0.0,0.0,0.0,0.0,0.0,0.0,0.0,0.0,0.0,1.0,-82.21,0.64,103.7,1.34,0.178,2298.0,1.0,0.0034812880765883,0.0043516100957354,0.0082680591818973
0.0,0.0,0.0,0.0,1.0,0.0,0.0,0.0,0.0,0.0,0.0,0.0,0.0,0.0,0.0,0.0,0.0,0.0,0.0,0.0,0.0,0.0,0.0,0.0,0.0,0.0,1.0,-57.13,138.1,14.1,1.34,0.178,2298.0,1.0,0.0043516100957354,0.0078328981723237,0.0126196692776327
0.0,0.0,0.0,0.0,0.0,0.0,0.0,0.0,0.0,0.0,0.0,0.0,1.0,0.0,0.0,0.0,0.0,0.0,0.0,0.0,0.0,0.0,0.0,0.0,0.0,1.0,0.0,-63.04,150.59,55.4,1.34,0.178,2298.0,1.0,0.0039164490861618,0.0052219321148825,0.0095735422106179
0.0,0.0,0.0,0.0,0.0,0.0,0.0,0.0,1.0,0.0,0.0,0.0,0.0,0.0,0.0,0.0,0.0,0.0,0.0,0.0,0.0,0.0,0.0,0.0,0.0,1.0,0.0,-101.18,102.82,178.7,1.34,0.178,2298.0,1.0,0.0034812880765883,0.0052219321148825,0.0091383812010443
0.0,0.0,0.0,0.0,0.0,0.0,0.0,0.0,0.0,0.0,0.0,0.0,0.0,0.0,0.0,0.0,0.0,0.0,1.0,0.0,0.0,0.0,0.0,0.0,0.0,1.0,0.0,-102.6,146.11,76.6,1.34,0.178,2298.0,1.0,0.0034812880765883,0.0073977371627502,0.011314186248912
1.0,0.0,0.0,0.0,0.0,0.0,0.0,0.0,0.0,0.0,0.0,0.0,0.0,0.0,0.0,0.0,0.0,0.0,0.0,0.0,0.0,0.0,0.0,0.0,0.0,1.0,0.0,-80.66,151.59,73.3,1.34,0.178,2298.0,1.0,0.0030461270670147,0.0034812880765883,0.0069625761531766
0.0,0.0,0.0,0.0,0.0,0.0,0.0,0.0,0.0,0.0,0.0,0.0,0.0,0.0,1.0,0.0,0.0,0.0,0.0,0.0,0.0,0.0,0.0,0.0,0.0,1.0,0.0,-75.38,138.67,108.7,1.34,0.178,2298.0,1.0,0.0034812880765883,0.0078328981723237,0.0117493472584856
0.0,0.0,0.0,0.0,0.0,0.0,0.0,0.0,0.0,0.0,0.0,0.0,0.0,1.0,0.0,0.0,0.0,0.0,0.0,0.0,0.0,0.0,0.0,0.0,0.0,1.0,0.0,-94.92,155.35,70.9,1.34,0.178,2298.0,0.7,0.0034812880765883,0.0065274151436031,0.010443864229765
0.0,0.0,1.0,0.0,0.0,0.0,0.0,0.0,0.0,0.0,0.0,0.0,0.0,0.0,0.0,0.0,0.0,0.0,0.0,0.0,0.0,0.0,0.0,0.0,0.0,1.0,0.0,-75.24,138.24,115.6,1.34,0.178,2298.0,0.5,0.0039164490861618,0.0043516100957354,0.0087032201914708
0.0,0.0,0.0,0.0,1.0,0.0,0.0,0.0,0.0,0.0,0.0,0.0,0.0,0.0,0.0,0.0,0.0,0.0,0.0,0.0,0.0,0.0,0.0,1.0,0.0,0.0,0.0,-63.89,-19.45,20.7,1.34,0.178,2298.0,1.0,0.0034812880765883,0.0082680591818973,0.0121845082680591
0.0,0.0,0.0,0.0,0.0,0.0,0.0,0.0,0.0,0.0,0.0,0.0,0.0,0.0,0.0,1.0,0.0,0.0,0.0,0.0,0.0,0.0,0.0,1.0,0.0,0.0,0.0,-62.69,-28.61,63.3,1.34,0.178,2298.0,1.0,0.0034812880765883,0.005657093124456,0.0095735422106179
0.0,0.0,0.0,0.0,0.0,0.0,0.0,0.0,1.0,0.0,0.0,0.0,0.0,0.0,0.0,0.0,0.0,0.0,0.0,0.0,0.0,0.0,0.0,1.0,0.0,0.0,0.0,-84.74,-31.74,148.9,1.34,0.178,2298.0,1.0,0.0034812880765883,0.0069625761531766,0.0108790252393385
0.0,0.0,0.0,0.0,0.0,0.0,0.0,0.0,0.0,0.0,0.0,0.0,0.0,0.0,0.0,0.0,0.0,1.0,0.0,0.0,0.0,0.0,0.0,1.0,0.0,0.0,0.0,-76.68,-42.25,29.4,1.34,0.178,2298.0,1.0,0.0039164490861618,0.0069625761531766,0.011314186248912
0.0,0.0,0.0,0.0,0.0,0.0,0.0,0.0,0.0,0.0,0.0,0.0,0.0,0.0,0.0,0.0,0.0,1.0,0.0,0.0,0.0,0.0,0.0,1.0,0.0,0.0,0.0,-129.46,44.46,0.2,1.34,0.178,2298.0,1.0,0.0039164490861618,0.0065274151436031,0.0108790252393385
0.0,0.0,0.0,0.0,0.0,0.0,0.0,0.0,0.0,0.0,0.0,0.0,1.0,0.0,0.0,0.0,0.0,0.0,0.0,0.0,0.0,0.0,0.0,0.0,0.0,0.0,1.0,-65.73,144.51,74.6,1.34,0.178,2298.0,1.0,0.0039164490861618,0.0047867711053089,0.0091383812010443
0.0,0.0,0.0,0.0,0.0,0.0,0.0,0.0,0.0,0.0,0.0,0.0,1.0,0.0,0.0,0.0,0.0,0.0,0.0,0.0,0.0,0.0,0.0,0.0,0.0,0.0,1.0,-100.7,32.52,121.9,1.34,0.178,2298.0,1.0,0.0034812880765883,0.0043516100957354,0.0082680591818973
0.0,0.0,0.0,0.0,0.0,0.0,0.0,0.0,0.0,1.0,0.0,0.0,0.0,0.0,0.0,0.0,0.0,0.0,0.0,0.0,0.0,0.0,0.0,0.0,0.0,0.0,1.0,-59.71,132.37,6.7,1.34,0.178,2298.0,1.0,0.0034812880765883,0.0069625761531766,0.0108790252393385
0.0,0.0,1.0,0.0,0.0,0.0,0.0,0.0,0.0,0.0,0.0,0.0,0.0,0.0,0.0,0.0,0.0,0.0,0.0,0.0,0.0,0.0,0.0,0.0,0.0,1.0,0.0,-68.98,170.31,62.3,1.34,0.178,2298.0,1.0,0.0039164490861618,0.005657093124456,0.0100087032201914
0.0,0.0,0.0,1.0,0.0,0.0,0.0,0.0,0.0,0.0,0.0,0.0,0.0,0.0,0.0,0.0,0.0,0.0,0.0,0.0,0.0,0.0,0.0,1.0,0.0,0.0,0.0,-60.84,-35.49,114.7,1.34,0.178,2298.0,1.0,0.0034812880765883,0.0095735422106179,0.0134899912967798
0.0,0.0,1.0,0.0,0.0,0.0,0.0,0.0,0.0,0.0,0.0,0.0,0.0,0.0,0.0,0.0,0.0,0.0,0.0,0.0,0.0,0.0,0.0,1.0,0.0,0.0,0.0,-64.01,-42.9,68.9,1.34,0.178,2298.0,1.0,0.0039164490861618,0.0087032201914708,0.0130548302872062
0.0,0.0,0.0,0.0,0.0,1.0,0.0,0.0,0.0,0.0,0.0,0.0,0.0,0.0,0.0,0.0,0.0,0.0,0.0,0.0,0.0,0.0,0.0,1.0,0.0,0.0,0.0,-66.41,-40.43,0.0,1.34,0.178,2298.0,1.0,0.0026109660574412,0.0117493472584856,0.0147954743255004
0.0,0.0,0.0,0.0,0.0,0.0,0.0,0.0,0.0,0.0,0.0,0.0,0.0,0.0,1.0,0.0,0.0,0.0,0.0,0.0,0.0,0.0,0.0,1.0,0.0,0.0,0.0,-66.25,-39.46,63.2,1.34,0.178,2298.0,1.0,0.0034812880765883,0.0082680591818973,0.0121845082680591
0.0,0.0,0.0,0.0,0.0,0.0,0.0,0.0,0.0,0.0,0.0,0.0,0.0,0.0,0.0,1.0,0.0,0.0,0.0,0.0,0.0,0.0,0.0,1.0,0.0,0.0,0.0,-59.88,-48.93,34.0,1.34,0.178,2298.0,1.0,0.0034812880765883,0.0082680591818973,0.0121845082680591
0.0,0.0,0.0,0.0,0.0,0.0,0.0,0.0,0.0,1.0,0.0,0.0,0.0,0.0,0.0,0.0,0.0,0.0,0.0,0.0,0.0,0.0,0.0,1.0,0.0,0.0,0.0,-61.51,-47.46,0.0,1.34,0.178,2298.0,1.0,0.0034812880765883,0.0108790252393385,0.0147954743255004
0.0,0.0,0.0,0.0,0.0,0.0,0.0,0.0,0.0,1.0,0.0,0.0,0.0,0.0,0.0,0.0,0.0,0.0,0.0,0.0,0.0,0.0,0.0,1.0,0.0,0.0,0.0,-58.8,-43.61,0.0,1.34,0.178,2298.0,1.0,0.0034812880765883,0.0095735422106179,0.0134899912967798
0.0,0.0,0.0,0.0,0.0,0.0,0.0,0.0,0.0,0.0,0.0,0.0,0.0,0.0,0.0,1.0,0.0,0.0,0.0,0.0,0.0,0.0,0.0,1.0,0.0,0.0,0.0,-59.86,-36.66,27.5,1.34,0.178,2298.0,0.5,0.0034812880765883,0.0087032201914708,0.0126196692776327
0.0,0.0,0.0,0.0,0.0,0.0,0.0,0.0,0.0,0.0,0.0,0.0,0.0,1.0,0.0,0.0,0.0,0.0,0.0,0.0,0.0,0.0,0.0,1.0,0.0,0.0,0.0,-74.49,-26.61,61.7,1.34,0.178,2298.0,1.0,0.0034812880765883,0.0108790252393385,0.0147954743255004
0.0,0.0,0.0,0.0,0.0,0.0,0.0,0.0,0.0,0.0,1.0,0.0,0.0,0.0,0.0,0.0,0.0,0.0,0.0,0.0,0.0,0.0,0.0,1.0,0.0,0.0,0.0,-76.71,-18.85,0.0,1.34,0.178,2298.0,1.0,0.0034812880765883,0.0091383812010443,0.0130548302872062
0.0,0.0,0.0,0.0,0.0,0.0,0.0,0.0,0.0,1.0,0.0,0.0,0.0,0.0,0.0,0.0,0.0,0.0,0.0,0.0,0.0,0.0,0.0,1.0,0.0,0.0,0.0,-110.0,19.06,0.5,1.34,0.178,2298.0,1.0,0.0034812880765883,0.0087032201914708,0.0126196692776327
0.0,0.0,0.0,0.0,0.0,0.0,1.0,0.0,0.0,0.0,0.0,0.0,0.0,0.0,0.0,0.0,0.0,0.0,0.0,0.0,0.0,0.0,0.0,0.0,0.0,0.0,1.0,-61.87,141.78,61.2,1.34,0.178,2298.0,1.0,0.0034812880765883,0.0078328981723237,0.0117493472584856
0.0,0.0,0.0,0.0,0.0,0.0,0.0,0.0,0.0,0.0,0.0,0.0,0.0,0.0,0.0,0.0,0.0,0.0,0.0,1.0,0.0,0.0,0.0,0.0,0.0,0.0,1.0,-66.58,-48.01,9.8,1.34,0.178,2298.0,1.0,0.0034812880765883,0.0082680591818973,0.0121845082680591
0.0,0.0,1.0,0.0,0.0,0.0,0.0,0.0,0.0,0.0,0.0,0.0,0.0,0.0,0.0,0.0,0.0,0.0,0.0,0.0,0.0,0.0,0.0,0.0,0.0,0.0,1.0,-73.1,115.86,16.2,1.34,0.178,2298.0,1.0,0.0043516100957354,0.010443864229765,0.0152306353350739
0.0,0.0,0.0,0.0,0.0,0.0,0.0,0.0,0.0,0.0,0.0,0.0,1.0,0.0,0.0,0.0,0.0,0.0,0.0,0.0,0.0,0.0,1.0,0.0,0.0,0.0,0.0,-57.48,-25.86,22.1,1.34,0.178,2298.0,1.0,0.0039164490861618,0.0091383812010443,0.0134899912967798
0.0,0.0,0.0,0.0,0.0,0.0,0.0,0.0,0.0,0.0,0.0,1.0,0.0,0.0,0.0,0.0,0.0,0.0,0.0,0.0,0.0,0.0,1.0,0.0,0.0,0.0,0.0,-74.66,-21.09,148.9,1.34,0.178,2298.0,1.0,0.0034812880765883,0.0060922541340295,0.0100087032201914
0.0,0.0,0.0,0.0,0.0,0.0,0.0,0.0,1.0,0.0,0.0,0.0,0.0,0.0,0.0,0.0,0.0,0.0,0.0,0.0,0.0,0.0,1.0,0.0,0.0,0.0,0.0,-91.97,-25.71,98.0,1.34,0.178,2298.0,1.0,0.0034812880765883,0.0069625761531766,0.0108790252393385
0.0,0.0,0.0,0.0,0.0,0.0,0.0,0.0,0.0,0.0,0.0,0.0,0.0,0.0,1.0,0.0,0.0,0.0,0.0,0.0,0.0,0.0,0.0,0.0,0.0,1.0,0.0,-58.49,133.48,13.2,1.34,0.178,2298.0,1.0,0.0034812880765883,0.0095735422106179,0.0134899912967798
0.0,0.0,0.0,0.0,0.0,0.0,0.0,1.0,0.0,0.0,0.0,0.0,0.0,0.0,0.0,0.0,0.0,0.0,0.0,0.0,0.0,0.0,0.0,0.0,0.0,1.0,0.0,-58.33,143.83,17.8,1.34,0.178,2298.0,1.0,0.0039164490861618,0.0060922541340295,0.010443864229765
0.0,0.0,0.0,0.0,0.0,0.0,0.0,0.0,0.0,0.0,0.0,0.0,0.0,0.0,0.0,1.0,0.0,0.0,0.0,0.0,0.0,0.0,0.0,0.0,0.0,1.0,0.0,-82.26,164.05,63.1,1.34,0.178,2298.0,1.0,0.0034812880765883,0.0060922541340295,0.0100087032201914
1.0,0.0,0.0,0.0,0.0,0.0,0.0,0.0,0.0,0.0,0.0,0.0,0.0,0.0,0.0,0.0,0.0,0.0,0.0,0.0,0.0,0.0,0.0,1.0,0.0,0.0,0.0,-62.93,-41.48,2.4,1.34,0.178,2298.0,1.0,0.0030461270670147,0.0082680591818973,0.0117493472584856
0.0,0.0,0.0,0.0,0.0,0.0,0.0,0.0,1.0,0.0,0.0,0.0,0.0,0.0,0.0,0.0,0.0,0.0,0.0,0.0,0.0,0.0,0.0,1.0,0.0,0.0,0.0,-61.65,-43.97,166.0,1.34,0.178,2298.0,1.0,0.0034812880765883,0.0078328981723237,0.0117493472584856
1.0,0.0,0.0,0.0,0.0,0.0,0.0,0.0,0.0,0.0,0.0,0.0,0.0,0.0,0.0,0.0,0.0,0.0,0.0,0.0,0.0,0.0,0.0,1.0,0.0,0.0,0.0,-68.09,-34.05,49.0,1.34,0.178,2298.0,1.0,0.0030461270670147,0.0073977371627502,0.0108790252393385
1.0,0.0,0.0,0.0,0.0,0.0,0.0,0.0,0.0,0.0,0.0,0.0,0.0,0.0,0.0,0.0,0.0,0.0,0.0,0.0,0.0,0.0,0.0,1.0,0.0,0.0,0.0,-63.53,-34.51,0.0,1.34,0.178,2298.0,1.0,0.0030461270670147,0.0091383812010443,0.0126196692776327
0.0,0.0,0.0,0.0,0.0,0.0,0.0,0.0,0.0,1.0,0.0,0.0,0.0,0.0,0.0,0.0,0.0,0.0,0.0,0.0,0.0,0.0,0.0,1.0,0.0,0.0,0.0,-63.63,-25.53,44.7,1.34,0.178,2298.0,1.0,0.0034812880765883,0.0082680591818973,0.0121845082680591
1.0,0.0,0.0,0.0,0.0,0.0,0.0,0.0,0.0,0.0,0.0,0.0,0.0,0.0,0.0,0.0,0.0,0.0,0.0,0.0,0.0,0.0,0.0,1.0,0.0,0.0,0.0,-87.88,-2.38,84.4,1.34,0.178,2298.0,1.0,0.0030461270670147,0.0052219321148825,0.0087032201914708
0.0,0.0,0.0,0.0,0.0,0.0,1.0,0.0,0.0,0.0,0.0,0.0,0.0,0.0,0.0,0.0,0.0,0.0,0.0,0.0,0.0,0.0,0.0,0.0,0.0,1.0,0.0,-64.68,144.33,16.6,1.34,0.178,2298.0,1.0,0.0034812880765883,0.0082680591818973,0.0121845082680591
0.0,0.0,0.0,0.0,0.0,0.0,0.0,0.0,0.0,0.0,0.0,0.0,1.0,0.0,0.0,0.0,0.0,0.0,0.0,0.0,0.0,0.0,1.0,0.0,0.0,0.0,0.0,-57.8,-19.21,65.4,1.34,0.178,2298.0,1.0,0.0039164490861618,0.0069625761531766,0.011314186248912
0.0,0.0,0.0,0.0,1.0,0.0,0.0,0.0,0.0,0.0,0.0,0.0,0.0,0.0,0.0,0.0,0.0,0.0,0.0,0.0,0.0,0.0,1.0,0.0,0.0,0.0,0.0,-55.7,-29.17,0.4,1.34,0.178,2298.0,1.0,0.0034812880765883,0.010443864229765,0.0143603133159268
0.0,0.0,0.0,0.0,1.0,0.0,0.0,0.0,0.0,0.0,0.0,0.0,0.0,0.0,0.0,0.0,0.0,0.0,0.0,0.0,0.0,0.0,1.0,0.0,0.0,0.0,0.0,-93.43,9.9,12.0,1.34,0.178,2298.0,1.0,0.0034812880765883,0.0091383812010443,0.0130548302872062
0.0,0.0,0.0,0.0,0.0,0.0,0.0,0.0,0.0,0.0,0.0,0.0,0.0,1.0,0.0,0.0,0.0,0.0,0.0,0.0,0.0,0.0,0.0,0.0,0.0,0.0,1.0,-56.05,-41.39,173.2,1.34,0.178,2298.0,1.0,0.0034812880765883,0.0065274151436031,0.010443864229765
0.0,0.0,1.0,0.0,0.0,0.0,0.0,0.0,0.0,0.0,0.0,0.0,0.0,0.0,0.0,0.0,0.0,0.0,0.0,0.0,0.0,0.0,0.0,0.0,0.0,0.0,1.0,-107.92,24.78,107.3,1.34,0.178,2298.0,1.0,0.0039164490861618,0.0043516100957354,0.0087032201914708
0.0,0.0,0.0,0.0,0.0,0.0,0.0,0.0,0.0,0.0,0.0,0.0,0.0,0.0,0.0,0.0,0.0,1.0,0.0,0.0,0.0,0.0,0.0,0.0,0.0,0.0,1.0,-62.92,143.4,39.7,1.34,0.178,2298.0,1.0,0.0039164490861618,0.0073977371627502,0.0117493472584856
0.0,0.0,0.0,0.0,0.0,0.0,0.0,0.0,0.0,0.0,0.0,0.0,0.0,0.0,0.0,0.0,1.0,0.0,0.0,0.0,0.0,0.0,0.0,0.0,0.0,1.0,0.0,-136.85,179.15,80.1,1.34,0.178,2298.0,1.0,0.0039164490861618,0.0043516100957354,0.0087032201914708
0.0,0.0,0.0,0.0,0.0,0.0,0.0,0.0,1.0,0.0,0.0,0.0,0.0,0.0,0.0,0.0,0.0,0.0,0.0,0.0,0.0,0.0,0.0,0.0,0.0,1.0,0.0,-125.72,80.07,125.3,1.34,0.178,2298.0,1.0,0.0039164490861618,0.0052219321148825,0.0095735422106179
0.0,0.0,0.0,0.0,0.0,0.0,0.0,0.0,0.0,0.0,0.0,0.0,1.0,0.0,0.0,0.0,0.0,0.0,0.0,0.0,0.0,0.0,0.0,0.0,0.0,1.0,0.0,-70.27,159.17,36.6,1.34,0.178,2298.0,1.0,0.0039164490861618,0.0039164490861618,0.0082680591818973
0.0,0.0,0.0,0.0,0.0,0.0,0.0,0.0,0.0,0.0,0.0,0.0,0.0,0.0,0.0,0.0,0.0,1.0,0.0,0.0,0.0,0.0,0.0,0.0,0.0,1.0,0.0,-88.53,121.72,115.3,1.34,0.178,2298.0,1.0,0.0043516100957354,0.0060922541340295,0.0108790252393385
0.0,0.0,0.0,0.0,0.0,0.0,0.0,0.0,0.0,0.0,0.0,0.0,1.0,0.0,0.0,0.0,0.0,0.0,0.0,0.0,0.0,0.0,0.0,0.0,0.0,1.0,0.0,-73.94,151.48,10.6,1.34,0.178,2298.0,1.0,0.0039164490861618,0.005657093124456,0.0100087032201914
0.0,0.0,0.0,0.0,0.0,0.0,1.0,0.0,0.0,0.0,0.0,0.0,0.0,0.0,0.0,0.0,0.0,0.0,0.0,0.0,0.0,0.0,0.0,0.0,0.0,1.0,0.0,-82.81,101.97,184.2,1.34,0.178,2298.0,1.0,0.0034812880765883,0.0047867711053089,0.0087032201914708
0.0,0.0,0.0,0.0,0.0,0.0,0.0,0.0,0.0,1.0,0.0,0.0,0.0,0.0,0.0,0.0,0.0,0.0,0.0,0.0,0.0,0.0,0.0,0.0,0.0,1.0,0.0,-126.47,360.0,99.1,1.34,0.178,2298.0,1.0,0.0030461270670147,0.0030461270670147,0.0065274151436031
