0.0,0.0,0.0,0.0,0.0,1.0,0.0,0.0,0.0,0.0,0.0,0.0,0.0,0.0,0.0,0.0,0.0,0.0,0.0,0.0,0.0,0.0,0.0,0.0,0.0,0.0,1.0,360.0,155.5,82.1,1.1,0.158,749.0,1.0,0.0053404539385847,0.0133511348464619,0.0200267022696929
0.0,0.0,0.0,0.0,0.0,0.0,0.0,0.0,0.0,0.0,0.0,0.0,0.0,0.0,0.0,1.0,0.0,0.0,0.0,0.0,0.0,0.0,0.0,0.0,0.0,0.0,1.0,-64.26,-19.62,127.6,1.1,0.158,749.0,1.0,0.0106809078771695,0.0106809078771695,0.0226969292389853
0.0,0.0,0.0,0.0,0.0,0.0,1.0,0.0,0.0,0.0,0.0,0.0,0.0,0.0,0.0,0.0,0.0,0.0,0.0,0.0,0.0,0.0,0.0,0.0,0.0,0.0,1.0,-85.09,-4.71,109.5,1.1,0.158,749.0,1.0,0.0106809078771695,0.0200267022696929,0.0320427236315086
0.0,0.0,0.0,0.0,0.0,0.0,0.0,0.0,0.0,0.0,1.0,0.0,0.0,0.0,0.0,0.0,0.0,0.0,0.0,0.0,0.0,0.0,0.0,0.0,0.0,0.0,1.0,-84.31,157.52,60.1,1.1,0.158,749.0,1.0,0.0106809078771695,0.0267022696929239,0.0387182910547396
0.0,0.0,0.0,0.0,0.0,0.0,0.0,0.0,0.0,0.0,1.0,0.0,0.0,0.0,0.0,0.0,0.0,0.0,0.0,0.0,0.0,0.0,0.0,0.0,1.0,0.0,0.0,-145.78,138.76,36.9,1.1,0.158,749.0,1.0,0.0106809078771695,0.0173564753004005,0.0293724966622162
0.0,0.0,0.0,0.0,0.0,0.0,0.0,0.0,0.0,1.0,0.0,0.0,0.0,0.0,0.0,0.0,0.0,0.0,0.0,0.0,0.0,0.0,0.0,0.0,1.0,0.0,0.0,-82.29,123.4,46.4,1.1,0.158,749.0,1.0,0.0106809078771695,0.0200267022696929,0.0320427236315086
0.0,0.0,0.0,0.0,0.0,0.0,0.0,0.0,0.0,0.0,0.0,0.0,0.0,0.0,0.0,0.0,0.0,1.0,0.0,0.0,0.0,0.0,0.0,0.0,1.0,0.0,0.0,-128.31,125.94,4.0,1.1,0.158,749.0,1.0,0.0120160213618157,0.0200267022696929,0.0333778371161548
0.0,0.0,0.0,0.0,0.0,0.0,0.0,0.0,0.0,1.0,0.0,0.0,0.0,0.0,0.0,0.0,0.0,0.0,0.0,0.0,0.0,0.0,0.0,0.0,1.0,0.0,0.0,-104.26,127.49,43.3,1.1,0.158,749.0,1.0,0.0106809078771695,0.0226969292389853,0.034712950600801
0.0,0.0,0.0,0.0,0.0,0.0,0.0,1.0,0.0,0.0,0.0,0.0,0.0,0.0,0.0,0.0,0.0,0.0,0.0,0.0,0.0,0.0,0.0,0.0,1.0,0.0,0.0,-117.5,123.57,0.6,1.1,0.158,749.0,1.0,0.0120160213618157,0.0226969292389853,0.0360480640854472
0.0,0.0,0.0,0.0,0.0,0.0,0.0,0.0,0.0,0.0,0.0,0.0,0.0,0.0,0.0,0.0,1.0,0.0,0.0,0.0,0.0,0.0,0.0,0.0,1.0,0.0,0.0,-115.7,120.04,39.1,1.1,0.158,749.0,1.0,0.0120160213618157,0.0173564753004005,0.0307076101468624
0.0,0.0,0.0,0.0,0.0,0.0,0.0,0.0,0.0,0.0,0.0,0.0,0.0,0.0,0.0,0.0,0.0,0.0,0.0,1.0,0.0,0.0,0.0,0.0,1.0,0.0,0.0,-112.0,119.37,4.7,1.1,0.158,749.0,1.0,0.0106809078771695,0.0253671562082777,0.0373831775700934
0.0,0.0,1.0,0.0,0.0,0.0,0.0,0.0,0.0,0.0,0.0,0.0,0.0,0.0,0.0,0.0,0.0,0.0,0.0,0.0,0.0,0.0,0.0,0.0,1.0,0.0,0.0,-98.0,103.96,103.0,1.1,0.158,749.0,1.0,0.0120160213618157,0.0200267022696929,0.0333778371161548
0.0,0.0,0.0,0.0,0.0,0.0,0.0,0.0,0.0,0.0,0.0,0.0,0.0,0.0,0.0,0.0,0.0,1.0,0.0,0.0,0.0,0.0,0.0,0.0,0.0,1.0,0.0,-139.88,143.84,18.3,1.1,0.158,749.0,1.0,0.0120160213618157,0.0186915887850467,0.0320427236315086
0.0,0.0,0.0,0.0,0.0,0.0,0.0,0.0,0.0,0.0,0.0,0.0,0.0,1.0,0.0,0.0,0.0,0.0,0.0,0.0,0.0,0.0,0.0,0.0,0.0,0.0,1.0,-100.76,113.92,132.1,1.1,0.158,749.0,1.0,0.0106809078771695,0.0160213618157543,0.02803738317757
0.0,0.0,0.0,0.0,0.0,0.0,0.0,0.0,0.0,0.0,0.0,0.0,0.0,0.0,0.0,0.0,1.0,0.0,0.0,0.0,0.0,0.0,0.0,0.0,0.0,0.0,1.0,-87.5,2.38,58.5,1.1,0.158,749.0,1.0,0.0120160213618157,0.0213618157543391,0.034712950600801
0.0,0.0,0.0,0.0,0.0,0.0,0.0,0.0,0.0,0.0,0.0,0.0,0.0,0.0,0.0,1.0,0.0,0.0,0.0,0.0,0.0,0.0,0.0,0.0,0.0,0.0,1.0,-63.85,-25.93,118.6,1.1,0.158,749.0,1.0,0.0106809078771695,0.0133511348464619,0.0253671562082777
0.0,0.0,0.0,0.0,0.0,0.0,0.0,0.0,0.0,0.0,0.0,0.0,0.0,0.0,0.0,1.0,0.0,0.0,0.0,0.0,0.0,0.0,0.0,0.0,0.0,0.0,1.0,-83.78,151.62,44.6,1.1,0.158,749.0,1.0,0.0106809078771695,0.0160213618157543,0.02803738317757
0.0,0.0,0.0,0.0,0.0,0.0,0.0,0.0,0.0,0.0,1.0,0.0,0.0,0.0,0.0,0.0,0.0,0.0,0.0,0.0,0.0,0.0,0.0,1.0,0.0,0.0,0.0,-61.72,-53.33,154.1,1.1,0.158,749.0,1.0,0.0106809078771695,0.0160213618157543,0.02803738317757
0.0,0.0,0.0,0.0,0.0,1.0,0.0,0.0,0.0,0.0,0.0,0.0,0.0,0.0,0.0,0.0,0.0,0.0,0.0,0.0,0.0,0.0,0.0,1.0,0.0,0.0,0.0,-63.85,-39.94,18.6,1.1,0.158,749.0,1.0,0.0080106809078771,0.0226969292389853,0.0320427236315086
0.0,0.0,0.0,0.0,0.0,1.0,0.0,0.0,0.0,0.0,0.0,0.0,0.0,0.0,0.0,0.0,0.0,0.0,0.0,0.0,0.0,0.0,0.0,1.0,0.0,0.0,0.0,-61.64,-36.95,0.0,1.1,0.158,749.0,1.0,0.0080106809078771,0.0333778371161548,0.0427236315086782
0.0,0.0,0.0,0.0,0.0,0.0,0.0,0.0,0.0,0.0,0.0,0.0,0.0,0.0,0.0,0.0,1.0,0.0,0.0,0.0,0.0,0.0,0.0,1.0,0.0,0.0,0.0,-61.23,-47.52,73.3,1.1,0.158,749.0,1.0,0.0120160213618157,0.0226969292389853,0.0360480640854472
0.0,0.0,0.0,0.0,0.0,0.0,0.0,0.0,1.0,0.0,0.0,0.0,0.0,0.0,0.0,0.0,0.0,0.0,0.0,0.0,0.0,0.0,0.0,1.0,0.0,0.0,0.0,-60.47,-46.71,98.5,1.1,0.158,749.0,1.0,0.0106809078771695,0.0253671562082777,0.0373831775700934
0.0,0.0,0.0,0.0,0.0,0.0,0.0,0.0,0.0,0.0,0.0,0.0,0.0,0.0,1.0,0.0,0.0,0.0,0.0,0.0,0.0,0.0,0.0,1.0,0.0,0.0,0.0,-65.11,-40.66,31.5,1.1,0.158,749.0,1.0,0.0106809078771695,0.02803738317757,0.0400534045393858
0.0,0.0,0.0,0.0,0.0,0.0,0.0,0.0,0.0,1.0,0.0,0.0,0.0,0.0,0.0,0.0,0.0,0.0,0.0,0.0,0.0,0.0,0.0,1.0,0.0,0.0,0.0,-59.82,-45.95,9.4,1.1,0.158,749.0,1.0,0.0106809078771695,0.0320427236315086,0.0440587449933244
0.0,0.0,0.0,0.0,0.0,0.0,0.0,0.0,0.0,0.0,0.0,0.0,0.0,0.0,1.0,0.0,0.0,0.0,0.0,0.0,0.0,0.0,0.0,1.0,0.0,0.0,0.0,-57.4,-42.67,143.5,1.1,0.158,749.0,1.0,0.0106809078771695,0.0240320427236315,0.0360480640854472
0.0,0.0,0.0,0.0,0.0,0.0,0.0,0.0,1.0,0.0,0.0,0.0,0.0,0.0,0.0,0.0,0.0,0.0,0.0,0.0,0.0,0.0,0.0,1.0,0.0,0.0,0.0,-69.58,-41.71,82.2,1.1,0.158,749.0,1.0,0.0106809078771695,0.0226969292389853,0.034712950600801
0.0,0.0,0.0,0.0,0.0,0.0,0.0,0.0,0.0,0.0,0.0,0.0,0.0,0.0,0.0,0.0,0.0,1.0,0.0,0.0,0.0,0.0,0.0,1.0,0.0,0.0,0.0,-62.67,-44.41,0.0,1.1,0.158,749.0,1.0,0.0120160213618157,0.0226969292389853,0.0360480640854472
1.0,0.0,0.0,0.0,0.0,0.0,0.0,0.0,0.0,0.0,0.0,0.0,0.0,0.0,0.0,0.0,0.0,0.0,0.0,0.0,0.0,0.0,0.0,1.0,0.0,0.0,0.0,-61.53,-42.36,10.1,1.1,0.158,749.0,1.0,0.0093457943925233,0.0267022696929239,0.0373831775700934
0.0,0.0,0.0,0.0,0.0,0.0,0.0,0.0,1.0,0.0,0.0,0.0,0.0,0.0,0.0,0.0,0.0,0.0,0.0,0.0,0.0,0.0,0.0,1.0,0.0,0.0,0.0,-62.74,-42.51,165.6,1.1,0.158,749.0,1.0,0.0106809078771695,0.0200267022696929,0.0320427236315086
1.0,0.0,0.0,0.0,0.0,0.0,0.0,0.0,0.0,0.0,0.0,0.0,0.0,0.0,0.0,0.0,0.0,0.0,0.0,0.0,0.0,0.0,0.0,1.0,0.0,0.0,0.0,-62.88,-44.43,5.0,1.1,0.158,749.0,1.0,0.0093457943925233,0.0267022696929239,0.0373831775700934
0.0,1.0,0.0,0.0,0.0,0.0,0.0,0.0,0.0,0.0,0.0,0.0,0.0,0.0,0.0,0.0,0.0,0.0,0.0,0.0,0.0,0.0,0.0,1.0,0.0,0.0,0.0,-69.95,-31.56,1.2,1.1,0.158,749.0,1.0,0.0106809078771695,0.0226969292389853,0.034712950600801
0.0,0.0,0.0,0.0,0.0,0.0,0.0,0.0,0.0,0.0,0.0,0.0,0.0,1.0,0.0,0.0,0.0,0.0,0.0,0.0,0.0,0.0,0.0,1.0,0.0,0.0,0.0,-62.32,-22.77,137.9,1.1,0.158,749.0,1.0,0.0106809078771695,0.0253671562082777,0.0373831775700934
0.0,0.0,0.0,0.0,0.0,0.0,0.0,0.0,0.0,0.0,0.0,1.0,0.0,0.0,0.0,0.0,0.0,0.0,0.0,0.0,0.0,0.0,0.0,1.0,0.0,0.0,0.0,-65.17,-17.48,99.9,1.1,0.158,749.0,1.0,0.0120160213618157,0.0226969292389853,0.0360480640854472
0.0,0.0,0.0,0.0,0.0,0.0,0.0,0.0,0.0,0.0,0.0,0.0,0.0,0.0,0.0,0.0,0.0,0.0,0.0,1.0,0.0,0.0,0.0,0.0,0.0,1.0,0.0,-130.61,8.35,50.0,1.1,0.158,749.0,0.5,0.0106809078771695,0.0226969292389853,0.034712950600801
0.0,0.0,0.0,0.0,0.0,1.0,0.0,0.0,0.0,0.0,0.0,0.0,0.0,0.0,0.0,0.0,0.0,0.0,0.0,0.0,0.0,0.0,0.0,0.0,1.0,0.0,0.0,167.76,-150.0,26.5,1.1,0.158,749.0,1.0,0.0080106809078771,0.0240320427236315,0.0333778371161548
0.0,0.0,0.0,0.0,0.0,0.0,0.0,0.0,0.0,0.0,0.0,0.0,0.0,1.0,0.0,0.0,0.0,0.0,0.0,0.0,0.0,0.0,0.0,0.0,1.0,0.0,0.0,-125.21,147.38,133.3,1.1,0.158,749.0,1.0,0.0106809078771695,0.0160213618157543,0.02803738317757
0.0,0.0,0.0,0.0,0.0,0.0,0.0,0.0,0.0,0.0,0.0,0.0,0.0,0.0,1.0,0.0,0.0,0.0,0.0,0.0,0.0,0.0,0.0,0.0,1.0,0.0,0.0,-94.61,105.84,103.8,1.1,0.158,749.0,1.0,0.0106809078771695,0.0226969292389853,0.034712950600801
0.0,0.0,0.0,0.0,0.0,0.0,0.0,0.0,0.0,0.0,0.0,0.0,0.0,0.0,0.0,0.0,0.0,1.0,0.0,0.0,0.0,0.0,0.0,0.0,1.0,0.0,0.0,-99.49,-19.48,29.8,1.1,0.158,749.0,1.0,0.0120160213618157,0.0186915887850467,0.0320427236315086
0.0,0.0,0.0,0.0,0.0,0.0,0.0,0.0,0.0,0.0,0.0,0.0,0.0,1.0,0.0,0.0,0.0,0.0,0.0,0.0,0.0,0.0,0.0,0.0,1.0,0.0,0.0,-140.36,177.28,101.9,1.1,0.158,749.0,1.0,0.0106809078771695,0.0253671562082777,0.0373831775700934
0.0,0.0,0.0,0.0,0.0,0.0,0.0,0.0,0.0,0.0,0.0,1.0,0.0,0.0,0.0,0.0,0.0,0.0,0.0,0.0,0.0,0.0,0.0,0.0,0.0,0.0,1.0,-53.71,-41.25,78.7,1.1,0.158,749.0,1.0,0.0120160213618157,0.0173564753004005,0.0307076101468624
0.0,0.0,0.0,0.0,0.0,0.0,0.0,0.0,0.0,0.0,0.0,0.0,0.0,0.0,0.0,1.0,0.0,0.0,0.0,0.0,0.0,0.0,0.0,0.0,0.0,0.0,1.0,-131.62,32.53,28.8,1.1,0.158,749.0,1.0,0.0106809078771695,0.0240320427236315,0.0360480640854472
0.0,0.0,0.0,0.0,0.0,0.0,0.0,0.0,0.0,0.0,0.0,0.0,0.0,0.0,0.0,0.0,0.0,1.0,0.0,0.0,0.0,0.0,0.0,0.0,1.0,0.0,0.0,-128.82,131.01,21.0,1.1,0.158,749.0,1.0,0.0120160213618157,0.0253671562082777,0.0387182910547396
0.0,0.0,0.0,0.0,1.0,0.0,0.0,0.0,0.0,0.0,0.0,0.0,0.0,0.0,0.0,0.0,0.0,0.0,0.0,0.0,0.0,0.0,0.0,0.0,1.0,0.0,0.0,-128.84,133.21,1.8,1.1,0.158,749.0,1.0,0.0106809078771695,0.0293724966622162,0.041388518024032
0.0,0.0,0.0,1.0,0.0,0.0,0.0,0.0,0.0,0.0,0.0,0.0,0.0,0.0,0.0,0.0,0.0,0.0,0.0,0.0,0.0,0.0,0.0,0.0,1.0,0.0,0.0,-106.65,114.94,68.0,1.1,0.158,749.0,1.0,0.0106809078771695,0.0240320427236315,0.0360480640854472
0.0,1.0,0.0,0.0,0.0,0.0,0.0,0.0,0.0,0.0,0.0,0.0,0.0,0.0,0.0,0.0,0.0,0.0,0.0,0.0,0.0,0.0,0.0,0.0,1.0,0.0,0.0,-118.86,145.72,1.6,1.1,0.158,749.0,1.0,0.0106809078771695,0.0213618157543391,0.0333778371161548
0.0,0.0,0.0,0.0,0.0,0.0,0.0,1.0,0.0,0.0,0.0,0.0,0.0,0.0,0.0,0.0,0.0,0.0,0.0,0.0,0.0,0.0,0.0,0.0,1.0,0.0,0.0,-125.89,114.67,100.3,1.1,0.158,749.0,1.0,0.0120160213618157,0.0200267022696929,0.0333778371161548
0.0,0.0,0.0,0.0,0.0,0.0,0.0,0.0,0.0,0.0,0.0,0.0,0.0,0.0,0.0,0.0,0.0,1.0,0.0,0.0,0.0,0.0,0.0,0.0,1.0,0.0,0.0,-145.46,156.47,0.2,1.1,0.158,749.0,1.0,0.0120160213618157,0.0200267022696929,0.0333778371161548
0.0,0.0,1.0,0.0,0.0,0.0,0.0,0.0,0.0,0.0,0.0,0.0,0.0,0.0,0.0,0.0,0.0,0.0,0.0,0.0,0.0,0.0,0.0,0.0,0.0,1.0,0.0,-86.13,177.28,41.7,1.1,0.158,749.0,1.0,0.0120160213618157,0.0253671562082777,0.0387182910547396
0.0,0.0,0.0,0.0,0.0,0.0,0.0,0.0,0.0,0.0,0.0,0.0,0.0,0.0,0.0,1.0,0.0,0.0,0.0,0.0,0.0,0.0,0.0,1.0,0.0,0.0,0.0,-65.57,-38.07,75.1,1.1,0.158,749.0,1.0,0.0106809078771695,0.0173564753004005,0.0293724966622162
0.0,0.0,0.0,0.0,0.0,0.0,0.0,0.0,0.0,0.0,0.0,0.0,0.0,0.0,0.0,0.0,1.0,0.0,0.0,0.0,0.0,0.0,0.0,1.0,0.0,0.0,0.0,-66.43,-44.0,110.3,1.1,0.158,749.0,1.0,0.0120160213618157,0.0173564753004005,0.0307076101468624
0.0,0.0,0.0,0.0,0.0,0.0,0.0,0.0,0.0,0.0,0.0,0.0,0.0,1.0,0.0,0.0,0.0,0.0,0.0,0.0,0.0,0.0,0.0,1.0,0.0,0.0,0.0,-64.07,-40.75,59.2,1.1,0.158,749.0,1.0,0.0106809078771695,0.0333778371161548,0.0453938584779706
0.0,0.0,0.0,0.0,0.0,0.0,0.0,0.0,0.0,1.0,0.0,0.0,0.0,0.0,0.0,0.0,0.0,0.0,0.0,0.0,0.0,0.0,0.0,1.0,0.0,0.0,0.0,-59.93,-48.43,6.2,1.1,0.158,749.0,1.0,0.0106809078771695,0.0253671562082777,0.0373831775700934
0.0,0.0,0.0,0.0,0.0,0.0,0.0,0.0,0.0,0.0,0.0,0.0,0.0,0.0,0.0,0.0,1.0,0.0,0.0,0.0,0.0,0.0,0.0,1.0,0.0,0.0,0.0,-58.72,-45.88,74.6,1.1,0.158,749.0,1.0,0.0120160213618157,0.0213618157543391,0.034712950600801
0.0,0.0,0.0,0.0,0.0,0.0,0.0,0.0,0.0,0.0,0.0,0.0,0.0,0.0,0.0,1.0,0.0,0.0,0.0,0.0,0.0,0.0,0.0,1.0,0.0,0.0,0.0,-62.13,-44.53,60.2,1.1,0.158,749.0,1.0,0.0106809078771695,0.0200267022696929,0.0320427236315086
0.0,0.0,0.0,0.0,0.0,0.0,0.0,0.0,0.0,1.0,0.0,0.0,0.0,0.0,0.0,0.0,0.0,0.0,0.0,0.0,0.0,0.0,0.0,1.0,0.0,0.0,0.0,-62.0,-46.52,0.8,1.1,0.158,749.0,1.0,0.0106809078771695,0.0267022696929239,0.0387182910547396
0.0,0.0,0.0,0.0,0.0,0.0,0.0,0.0,1.0,0.0,0.0,0.0,0.0,0.0,0.0,0.0,0.0,0.0,0.0,0.0,0.0,0.0,0.0,1.0,0.0,0.0,0.0,-63.17,-40.28,65.9,1.1,0.158,749.0,1.0,0.0106809078771695,0.0307076101468624,0.0427236315086782
0.0,0.0,0.0,0.0,0.0,0.0,0.0,0.0,0.0,1.0,0.0,0.0,0.0,0.0,0.0,0.0,0.0,0.0,0.0,0.0,0.0,0.0,0.0,1.0,0.0,0.0,0.0,-60.19,-47.95,104.3,1.1,0.158,749.0,1.0,0.0106809078771695,0.0253671562082777,0.0373831775700934
0.0,0.0,0.0,1.0,0.0,0.0,0.0,0.0,0.0,0.0,0.0,0.0,0.0,0.0,0.0,0.0,0.0,0.0,0.0,0.0,0.0,0.0,0.0,1.0,0.0,0.0,0.0,-59.44,-46.71,80.1,1.1,0.158,749.0,1.0,0.0106809078771695,0.0240320427236315,0.0360480640854472
0.0,0.0,0.0,0.0,0.0,0.0,0.0,0.0,0.0,1.0,0.0,0.0,0.0,0.0,0.0,0.0,0.0,0.0,0.0,0.0,0.0,0.0,0.0,1.0,0.0,0.0,0.0,-66.82,-43.13,0.0,1.1,0.158,749.0,1.0,0.0106809078771695,0.02803738317757,0.0400534045393858
0.0,0.0,0.0,0.0,0.0,0.0,0.0,0.0,0.0,0.0,0.0,0.0,0.0,0.0,0.0,0.0,1.0,0.0,0.0,0.0,0.0,0.0,0.0,1.0,0.0,0.0,0.0,-55.39,-43.19,57.9,1.1,0.158,749.0,1.0,0.0120160213618157,0.0200267022696929,0.0333778371161548
0.0,0.0,0.0,0.0,0.0,0.0,0.0,0.0,0.0,0.0,0.0,0.0,0.0,0.0,0.0,1.0,0.0,0.0,0.0,0.0,0.0,0.0,0.0,1.0,0.0,0.0,0.0,-68.85,-24.84,92.5,1.1,0.158,749.0,1.0,0.0106809078771695,0.0173564753004005,0.0293724966622162
0.0,0.0,0.0,0.0,0.0,0.0,0.0,0.0,0.0,1.0,0.0,0.0,0.0,0.0,0.0,0.0,0.0,0.0,0.0,0.0,0.0,0.0,0.0,1.0,0.0,0.0,0.0,-82.58,-29.27,42.1,1.1,0.158,749.0,1.0,0.0106809078771695,0.0213618157543391,0.0333778371161548
0.0,0.0,0.0,0.0,0.0,0.0,0.0,1.0,0.0,0.0,0.0,0.0,0.0,0.0,0.0,0.0,0.0,0.0,0.0,0.0,0.0,0.0,0.0,0.0,0.0,1.0,0.0,-80.55,164.34,23.9,1.1,0.158,749.0,1.0,0.0120160213618157,0.02803738317757,0.041388518024032
0.0,0.0,1.0,0.0,0.0,0.0,0.0,0.0,0.0,0.0,0.0,0.0,0.0,0.0,0.0,0.0,0.0,0.0,0.0,0.0,0.0,0.0,0.0,0.0,0.0,0.0,1.0,-96.49,105.19,42.1,1.1,0.158,749.0,1.0,0.0120160213618157,0.0253671562082777,0.0387182910547396
0.0,0.0,0.0,1.0,0.0,0.0,0.0,0.0,0.0,0.0,0.0,0.0,0.0,0.0,0.0,0.0,0.0,0.0,0.0,0.0,0.0,0.0,0.0,0.0,0.0,0.0,1.0,-68.22,-13.57,138.5,1.1,0.158,749.0,1.0,0.0106809078771695,0.0240320427236315,0.0360480640854472
0.0,0.0,0.0,1.0,0.0,0.0,0.0,0.0,0.0,0.0,0.0,0.0,0.0,0.0,0.0,0.0,0.0,0.0,0.0,0.0,0.0,0.0,0.0,0.0,0.0,0.0,1.0,-78.0,-28.49,182.6,1.1,0.158,749.0,1.0,0.0106809078771695,0.0200267022696929,0.0320427236315086
0.0,0.0,0.0,0.0,0.0,0.0,0.0,0.0,1.0,0.0,0.0,0.0,0.0,0.0,0.0,0.0,0.0,0.0,0.0,0.0,0.0,0.0,0.0,0.0,0.0,0.0,1.0,-113.1,-28.78,115.2,1.1,0.158,749.0,1.0,0.0106809078771695,0.0240320427236315,0.0360480640854472
0.0,0.0,1.0,0.0,0.0,0.0,0.0,0.0,0.0,0.0,0.0,0.0,0.0,0.0,0.0,0.0,0.0,0.0,0.0,0.0,0.0,0.0,0.0,0.0,0.0,0.0,1.0,-119.16,165.47,12.8,1.1,0.158,749.0,1.0,0.0120160213618157,0.0173564753004005,0.0307076101468624
0.0,0.0,0.0,0.0,0.0,0.0,0.0,0.0,0.0,0.0,0.0,0.0,0.0,0.0,0.0,1.0,0.0,0.0,0.0,0.0,0.0,0.0,0.0,0.0,1.0,0.0,0.0,-148.0,159.33,51.6,1.1,0.158,749.0,1.0,0.0106809078771695,0.0160213618157543,0.02803738317757
0.0,0.0,0.0,0.0,0.0,0.0,0.0,0.0,0.0,1.0,0.0,0.0,0.0,0.0,0.0,0.0,0.0,0.0,0.0,0.0,0.0,0.0,0.0,0.0,1.0,0.0,0.0,-119.59,145.33,32.9,1.1,0.158,749.0,1.0,0.0106809078771695,0.0200267022696929,0.0320427236315086
0.0,0.0,0.0,0.0,0.0,0.0,0.0,0.0,0.0,0.0,0.0,0.0,0.0,0.0,1.0,0.0,0.0,0.0,0.0,0.0,0.0,0.0,0.0,0.0,1.0,0.0,0.0,-122.79,134.83,150.5,1.1,0.158,749.0,1.0,0.0106809078771695,0.0186915887850467,0.0307076101468624
0.0,0.0,0.0,0.0,0.0,0.0,0.0,1.0,0.0,0.0,0.0,0.0,0.0,0.0,0.0,0.0,0.0,0.0,0.0,0.0,0.0,0.0,0.0,0.0,1.0,0.0,0.0,-116.56,111.11,53.9,1.1,0.158,749.0,1.0,0.0120160213618157,0.0186915887850467,0.0320427236315086
0.0,0.0,0.0,0.0,0.0,0.0,0.0,0.0,0.0,0.0,0.0,0.0,0.0,0.0,0.0,0.0,0.0,0.0,0.0,1.0,0.0,0.0,0.0,0.0,1.0,0.0,0.0,-105.46,124.3,95.7,1.1,0.158,749.0,1.0,0.0106809078771695,0.0253671562082777,0.0373831775700934
0.0,0.0,0.0,0.0,0.0,0.0,0.0,0.0,0.0,0.0,0.0,0.0,0.0,0.0,1.0,0.0,0.0,0.0,0.0,0.0,0.0,0.0,0.0,0.0,1.0,0.0,0.0,-95.58,100.04,164.5,1.1,0.158,749.0,1.0,0.0106809078771695,0.0186915887850467,0.0307076101468624
0.0,0.0,0.0,0.0,0.0,0.0,0.0,0.0,0.0,1.0,0.0,0.0,0.0,0.0,0.0,0.0,0.0,0.0,0.0,0.0,0.0,0.0,0.0,0.0,0.0,1.0,0.0,-73.98,148.37,87.4,1.1,0.158,749.0,1.0,0.0106809078771695,0.0173564753004005,0.0293724966622162
0.0,0.0,0.0,0.0,0.0,1.0,0.0,0.0,0.0,0.0,0.0,0.0,0.0,0.0,0.0,0.0,0.0,0.0,0.0,0.0,0.0,0.0,0.0,0.0,0.0,1.0,0.0,-62.2,151.4,63.2,1.1,0.158,749.0,1.0,0.0080106809078771,0.0106809078771695,0.0200267022696929
0.0,0.0,0.0,0.0,0.0,0.0,0.0,0.0,0.0,0.0,0.0,1.0,0.0,0.0,0.0,0.0,0.0,0.0,0.0,0.0,0.0,0.0,0.0,0.0,0.0,1.0,0.0,-57.36,135.68,104.8,1.1,0.158,749.0,1.0,0.0120160213618157,0.0173564753004005,0.0307076101468624
0.0,0.0,0.0,0.0,0.0,0.0,0.0,0.0,0.0,0.0,0.0,1.0,0.0,0.0,0.0,0.0,0.0,0.0,0.0,0.0,0.0,0.0,0.0,0.0,0.0,1.0,0.0,-147.45,135.35,51.6,1.1,0.158,749.0,1.0,0.0120160213618157,0.0200267022696929,0.0333778371161548
0.0,0.0,0.0,0.0,0.0,0.0,0.0,0.0,0.0,0.0,0.0,0.0,0.0,0.0,0.0,0.0,0.0,0.0,0.0,1.0,0.0,0.0,0.0,0.0,0.0,1.0,0.0,-121.66,-6.84,198.5,1.1,0.158,749.0,1.0,0.0106809078771695,0.0186915887850467,0.0307076101468624
0.0,0.0,0.0,0.0,0.0,0.0,0.0,0.0,1.0,0.0,0.0,0.0,0.0,0.0,0.0,0.0,0.0,0.0,0.0,0.0,0.0,0.0,0.0,0.0,0.0,1.0,0.0,-135.24,135.75,166.3,1.1,0.158,749.0,1.0,0.0106809078771695,0.0173564753004005,0.0293724966622162
0.0,0.0,0.0,0.0,0.0,0.0,0.0,0.0,0.0,0.0,0.0,0.0,0.0,0.0,0.0,0.0,1.0,0.0,0.0,0.0,0.0,0.0,0.0,0.0,0.0,1.0,0.0,-56.54,134.61,112.5,1.1,0.158,749.0,1.0,0.0120160213618157,0.0133511348464619,0.0267022696929239
0.0,0.0,0.0,0.0,0.0,0.0,0.0,0.0,1.0,0.0,0.0,0.0,0.0,0.0,0.0,0.0,0.0,0.0,0.0,0.0,0.0,0.0,0.0,0.0,0.0,1.0,0.0,-130.77,38.73,179.6,1.1,0.158,749.0,1.0,0.0106809078771695,0.0146862483311081,0.0267022696929239
0.0,0.0,0.0,0.0,0.0,0.0,0.0,0.0,0.0,0.0,0.0,0.0,0.0,0.0,0.0,0.0,0.0,1.0,0.0,0.0,0.0,0.0,0.0,0.0,0.0,1.0,0.0,-129.2,135.66,92.6,1.1,0.158,749.0,1.0,0.0120160213618157,0.0106809078771695,0.0240320427236315
0.0,0.0,0.0,1.0,0.0,0.0,0.0,0.0,0.0,0.0,0.0,0.0,0.0,0.0,0.0,0.0,0.0,0.0,0.0,0.0,0.0,0.0,0.0,0.0,0.0,1.0,0.0,-113.78,125.43,158.9,1.1,0.158,749.0,1.0,0.0106809078771695,0.0146862483311081,0.0267022696929239
0.0,0.0,0.0,0.0,0.0,0.0,1.0,0.0,0.0,0.0,0.0,0.0,0.0,0.0,0.0,0.0,0.0,0.0,0.0,0.0,0.0,0.0,0.0,0.0,0.0,1.0,0.0,-101.23,126.66,72.8,1.1,0.158,749.0,1.0,0.0106809078771695,0.0160213618157543,0.02803738317757
0.0,0.0,0.0,0.0,0.0,0.0,0.0,1.0,0.0,0.0,0.0,0.0,0.0,0.0,0.0,0.0,0.0,0.0,0.0,0.0,0.0,0.0,0.0,0.0,0.0,1.0,0.0,-123.67,120.32,139.0,1.1,0.158,749.0,1.0,0.0120160213618157,0.0120160213618157,0.0253671562082777
0.0,0.0,0.0,0.0,0.0,1.0,0.0,0.0,0.0,0.0,0.0,0.0,0.0,0.0,0.0,0.0,0.0,0.0,0.0,0.0,0.0,0.0,0.0,0.0,0.0,1.0,0.0,98.53,-154.79,62.4,1.1,0.158,749.0,1.0,0.0080106809078771,0.0133511348464619,0.0226969292389853
1.0,0.0,0.0,0.0,0.0,0.0,0.0,0.0,0.0,0.0,0.0,0.0,0.0,0.0,0.0,0.0,0.0,0.0,0.0,0.0,0.0,0.0,0.0,0.0,0.0,1.0,0.0,-71.38,153.16,89.6,1.1,0.158,749.0,1.0,0.0093457943925233,0.0106809078771695,0.0213618157543391
0.0,0.0,0.0,0.0,0.0,0.0,0.0,0.0,1.0,0.0,0.0,0.0,0.0,0.0,0.0,0.0,0.0,0.0,0.0,0.0,0.0,0.0,0.0,0.0,0.0,1.0,0.0,-83.83,148.07,149.6,1.1,0.158,749.0,1.0,0.0106809078771695,0.0200267022696929,0.0320427236315086
0.0,0.0,0.0,0.0,0.0,0.0,0.0,0.0,0.0,0.0,0.0,0.0,1.0,0.0,0.0,0.0,0.0,0.0,0.0,0.0,0.0,0.0,0.0,0.0,0.0,1.0,0.0,-68.2,151.9,46.9,1.1,0.158,749.0,1.0,0.0120160213618157,0.0106809078771695,0.0240320427236315
0.0,0.0,0.0,0.0,0.0,0.0,0.0,0.0,0.0,0.0,0.0,0.0,0.0,0.0,0.0,1.0,0.0,0.0,0.0,0.0,0.0,0.0,0.0,0.0,0.0,1.0,0.0,-83.98,360.0,164.2,1.1,0.158,749.0,1.0,0.0093457943925233,0.0053404539385847,0.0160213618157543
0.0,0.0,0.0,0.0,0.0,0.0,0.0,0.0,0.0,0.0,0.0,0.0,1.0,0.0,0.0,0.0,0.0,0.0,0.0,0.0,0.0,0.0,0.0,0.0,0.0,1.0,0.0,360.0,149.66,174.2,1.1,0.158,749.0,1.0,0.0093457943925233,0.0053404539385847,0.0160213618157543
0.0,0.0,0.0,0.0,0.0,0.0,0.0,0.0,0.0,1.0,0.0,0.0,0.0,0.0,0.0,0.0,0.0,0.0,0.0,0.0,0.0,0.0,0.0,0.0,0.0,1.0,0.0,-60.89,145.92,183.9,1.1,0.158,749.0,1.0,0.0106809078771695,0.0120160213618157,0.0240320427236315
0.0,0.0,0.0,0.0,0.0,0.0,0.0,1.0,0.0,0.0,0.0,0.0,0.0,0.0,0.0,0.0,0.0,0.0,0.0,0.0,0.0,0.0,0.0,0.0,0.0,1.0,0.0,-150.51,141.13,151.9,1.1,0.158,749.0,1.0,0.0120160213618157,0.0120160213618157,0.0253671562082777
0.0,0.0,0.0,0.0,1.0,0.0,0.0,0.0,0.0,0.0,0.0,0.0,0.0,0.0,0.0,0.0,0.0,0.0,0.0,0.0,0.0,0.0,0.0,0.0,0.0,1.0,0.0,-71.59,360.0,277.1,1.1,0.158,749.0,1.0,0.0106809078771695,0.0120160213618157,0.0240320427236315
