1.0,0.0,0.0,0.0,0.0,0.0,0.0,0.0,0.0,0.0,0.0,0.0,0.0,0.0,0.0,0.0,0.0,0.0,0.0,0.0,0.0,0.0,0.0,0.0,0.0,1.0,0.0,360.0,159.5,118.3,1.32,0.162,1311.0,1.0,0.003813882532418,0.0053394355453852,0.0099160945842868
0.0,0.0,0.0,0.0,0.0,0.0,0.0,0.0,0.0,1.0,0.0,0.0,0.0,0.0,0.0,0.0,0.0,0.0,0.0,0.0,0.0,0.0,0.0,0.0,0.0,0.0,1.0,-79.75,117.18,47.7,1.32,0.162,1311.0,1.0,0.0061022120518688,0.0091533180778032,0.0160183066361556
0.0,0.0,0.0,0.0,0.0,0.0,0.0,0.0,0.0,0.0,0.0,0.0,0.0,0.0,1.0,0.0,0.0,0.0,0.0,0.0,0.0,0.0,0.0,0.0,0.0,0.0,1.0,-85.86,139.33,175.6,1.32,0.162,1311.0,1.0,0.0061022120518688,0.011441647597254,0.0183066361556064
0.0,0.0,0.0,0.0,0.0,0.0,0.0,0.0,1.0,0.0,0.0,0.0,0.0,0.0,0.0,0.0,0.0,0.0,0.0,0.0,0.0,0.0,0.0,0.0,0.0,0.0,1.0,45.8,54.38,167.5,1.32,0.162,1311.0,1.0,0.0068649885583524,0.0083905415713196,0.0160183066361556
0.0,0.0,0.0,0.0,0.0,0.0,0.0,0.0,0.0,0.0,0.0,0.0,1.0,0.0,0.0,0.0,0.0,0.0,0.0,0.0,0.0,0.0,0.0,0.0,0.0,0.0,1.0,-63.04,148.24,57.1,1.32,0.162,1311.0,1.0,0.0068649885583524,0.0099160945842868,0.0175438596491228
0.0,0.0,0.0,0.0,0.0,0.0,0.0,0.0,0.0,1.0,0.0,0.0,0.0,0.0,0.0,0.0,0.0,0.0,0.0,0.0,0.0,0.0,0.0,0.0,0.0,1.0,0.0,-71.24,-36.63,60.6,1.32,0.162,1311.0,1.0,0.0061022120518688,0.0129672006102212,0.0198321891685736
0.0,0.0,0.0,0.0,0.0,0.0,0.0,0.0,0.0,0.0,0.0,1.0,0.0,0.0,0.0,0.0,0.0,0.0,0.0,0.0,0.0,0.0,0.0,0.0,0.0,1.0,0.0,54.64,42.22,110.2,1.32,0.162,1311.0,1.0,0.0068649885583524,0.0106788710907704,0.0183066361556064
0.0,0.0,0.0,0.0,0.0,0.0,0.0,0.0,0.0,0.0,0.0,0.0,0.0,0.0,0.0,0.0,0.0,0.0,1.0,0.0,0.0,1.0,0.0,0.0,0.0,0.0,0.0,-83.39,131.52,45.2,1.32,0.162,1311.0,1.0,0.0061022120518688,0.015255530129672,0.0221205186880244
0.0,0.0,1.0,0.0,0.0,0.0,0.0,0.0,0.0,0.0,0.0,0.0,0.0,0.0,0.0,0.0,0.0,0.0,0.0,0.0,0.0,0.0,0.0,0.0,0.0,1.0,0.0,-67.13,142.11,111.6,1.32,0.162,1311.0,1.0,0.0068649885583524,0.0099160945842868,0.0175438596491228
0.0,0.0,0.0,0.0,0.0,0.0,0.0,0.0,0.0,1.0,0.0,0.0,0.0,0.0,0.0,0.0,0.0,0.0,0.0,0.0,0.0,0.0,0.0,0.0,0.0,1.0,0.0,-121.89,129.95,28.8,1.32,0.162,1311.0,0.62,0.0061022120518688,0.0106788710907704,0.0175438596491228
0.0,0.0,0.0,1.0,0.0,0.0,0.0,0.0,0.0,0.0,0.0,0.0,0.0,0.0,0.0,0.0,0.0,0.0,0.0,0.0,0.0,0.0,0.0,0.0,0.0,1.0,0.0,-68.55,157.07,78.8,1.32,0.162,1311.0,1.0,0.0061022120518688,0.0099160945842868,0.0167810831426392
0.0,0.0,0.0,0.0,0.0,0.0,0.0,0.0,0.0,0.0,0.0,0.0,0.0,0.0,0.0,0.0,1.0,0.0,0.0,0.0,0.0,0.0,0.0,0.0,0.0,1.0,0.0,-75.88,132.18,116.5,1.32,0.162,1311.0,1.0,0.0068649885583524,0.0099160945842868,0.0175438596491228
0.0,0.0,0.0,0.0,1.0,0.0,0.0,0.0,0.0,0.0,0.0,0.0,0.0,0.0,0.0,0.0,0.0,0.0,0.0,0.0,0.0,0.0,0.0,0.0,0.0,1.0,0.0,-140.97,154.17,13.7,1.32,0.162,1311.0,1.0,0.0061022120518688,0.0122044241037376,0.01906941266209
0.0,0.0,0.0,0.0,0.0,0.0,0.0,0.0,0.0,0.0,0.0,0.0,0.0,1.0,0.0,0.0,0.0,0.0,0.0,0.0,0.0,0.0,0.0,0.0,1.0,0.0,0.0,-139.06,107.04,151.6,1.32,0.162,1311.0,1.0,0.0061022120518688,0.0137299771167048,0.0205949656750572
0.0,0.0,0.0,0.0,1.0,0.0,0.0,0.0,0.0,0.0,0.0,0.0,0.0,0.0,0.0,0.0,0.0,0.0,0.0,0.0,0.0,0.0,0.0,0.0,1.0,0.0,0.0,-113.65,-164.03,31.4,1.32,0.162,1311.0,1.0,0.0068649885583524,0.0129672006102212,0.0205949656750572
0.0,0.0,0.0,0.0,0.0,0.0,0.0,0.0,0.0,0.0,0.0,0.0,0.0,0.0,0.0,0.0,1.0,0.0,0.0,0.0,0.0,0.0,0.0,0.0,1.0,0.0,0.0,-121.82,135.57,46.9,1.32,0.162,1311.0,0.66,0.0068649885583524,0.0129672006102212,0.0205949656750572
0.0,0.0,0.0,0.0,0.0,0.0,0.0,0.0,0.0,0.0,0.0,1.0,0.0,0.0,0.0,0.0,0.0,0.0,0.0,0.0,0.0,0.0,0.0,0.0,1.0,0.0,0.0,-91.01,-173.21,11.6,1.32,0.162,1311.0,1.0,0.0068649885583524,0.0160183066361556,0.0236460717009916
0.0,0.0,0.0,0.0,0.0,0.0,0.0,0.0,0.0,0.0,0.0,0.0,0.0,1.0,0.0,0.0,0.0,0.0,0.0,0.0,0.0,0.0,0.0,0.0,0.0,0.0,1.0,-72.92,-7.94,4.6,1.32,0.162,1311.0,1.0,0.0061022120518688,0.0175438596491228,0.0244088482074752
0.0,0.0,1.0,0.0,0.0,0.0,0.0,0.0,0.0,0.0,0.0,0.0,0.0,0.0,0.0,0.0,0.0,0.0,0.0,0.0,0.0,0.0,0.0,0.0,0.0,0.0,1.0,-103.61,8.6,76.5,1.32,0.162,1311.0,1.0,0.0068649885583524,0.0099160945842868,0.0175438596491228
0.0,0.0,0.0,0.0,0.0,1.0,0.0,0.0,0.0,0.0,0.0,0.0,0.0,0.0,0.0,0.0,0.0,0.0,0.0,0.0,0.0,0.0,0.0,0.0,0.0,0.0,1.0,72.44,25.41,43.9,1.32,0.162,1311.0,1.0,0.0045766590389016,0.0137299771167048,0.01906941266209
0.0,0.0,0.0,0.0,0.0,0.0,0.0,0.0,1.0,0.0,0.0,0.0,0.0,0.0,0.0,0.0,0.0,0.0,0.0,0.0,0.0,0.0,0.0,0.0,1.0,0.0,0.0,-112.82,150.53,126.5,1.32,0.162,1311.0,1.0,0.0068649885583524,0.0122044241037376,0.0198321891685736
0.0,0.0,0.0,0.0,0.0,0.0,0.0,0.0,0.0,0.0,0.0,0.0,1.0,0.0,0.0,0.0,0.0,0.0,0.0,0.0,0.0,0.0,0.0,0.0,1.0,0.0,0.0,-64.51,139.4,81.8,1.32,0.162,1311.0,1.0,0.0068649885583524,0.0091533180778032,0.0167810831426392
0.0,0.0,0.0,0.0,1.0,0.0,0.0,0.0,0.0,0.0,0.0,0.0,0.0,0.0,0.0,0.0,0.0,0.0,0.0,0.0,0.0,0.0,0.0,0.0,1.0,0.0,0.0,-157.11,138.57,19.8,1.32,0.162,1311.0,1.0,0.0061022120518688,0.0137299771167048,0.0205949656750572
0.0,0.0,0.0,0.0,0.0,1.0,0.0,0.0,0.0,0.0,0.0,0.0,0.0,0.0,0.0,0.0,0.0,0.0,0.0,0.0,0.0,0.0,0.0,0.0,1.0,0.0,0.0,171.97,-140.41,1.3,1.32,0.162,1311.0,1.0,0.0045766590389016,0.0198321891685736,0.0251716247139588
0.0,0.0,0.0,0.0,0.0,0.0,0.0,0.0,0.0,0.0,0.0,0.0,0.0,0.0,0.0,0.0,1.0,0.0,0.0,0.0,0.0,0.0,0.0,1.0,0.0,0.0,0.0,-51.26,-40.89,28.7,1.32,0.162,1311.0,1.0,0.0068649885583524,0.0122044241037376,0.0198321891685736
0.0,0.0,0.0,0.0,0.0,0.0,0.0,0.0,1.0,0.0,0.0,0.0,0.0,0.0,0.0,0.0,0.0,0.0,0.0,0.0,0.0,0.0,0.0,1.0,0.0,0.0,0.0,-53.94,-41.28,187.0,1.32,0.162,1311.0,1.0,0.0061022120518688,0.0099160945842868,0.0167810831426392
0.0,0.0,1.0,0.0,0.0,0.0,0.0,0.0,0.0,0.0,0.0,0.0,0.0,0.0,0.0,0.0,0.0,0.0,0.0,0.0,0.0,0.0,0.0,1.0,0.0,0.0,0.0,-79.84,-33.98,60.1,1.32,0.162,1311.0,1.0,0.0061022120518688,0.0122044241037376,0.01906941266209
0.0,0.0,0.0,0.0,0.0,0.0,0.0,0.0,0.0,1.0,0.0,0.0,0.0,0.0,0.0,0.0,0.0,0.0,0.0,0.0,0.0,0.0,0.0,1.0,0.0,0.0,0.0,-91.96,-23.16,1.7,1.32,0.162,1311.0,1.0,0.0061022120518688,0.0167810831426392,0.0236460717009916
0.0,0.0,0.0,0.0,0.0,0.0,0.0,0.0,1.0,0.0,0.0,0.0,0.0,0.0,0.0,0.0,0.0,0.0,0.0,0.0,0.0,0.0,0.0,0.0,0.0,0.0,1.0,-64.55,119.8,130.5,1.32,0.162,1311.0,1.0,0.0061022120518688,0.0091533180778032,0.0160183066361556
0.0,0.0,0.0,0.0,0.0,1.0,0.0,0.0,0.0,0.0,0.0,0.0,0.0,0.0,0.0,0.0,0.0,0.0,0.0,0.0,0.0,0.0,0.0,0.0,0.0,0.0,1.0,103.56,-7.97,49.7,1.32,0.162,1311.0,1.0,0.0045766590389016,0.0122044241037376,0.0175438596491228
0.0,0.0,0.0,0.0,0.0,0.0,0.0,0.0,1.0,0.0,0.0,0.0,0.0,0.0,0.0,0.0,0.0,0.0,0.0,0.0,0.0,0.0,0.0,0.0,0.0,0.0,1.0,-112.3,156.02,84.7,1.32,0.162,1311.0,1.0,0.0061022120518688,0.0099160945842868,0.0167810831426392
0.0,0.0,0.0,0.0,0.0,0.0,0.0,0.0,0.0,0.0,0.0,0.0,0.0,0.0,0.0,0.0,0.0,1.0,0.0,0.0,0.0,0.0,0.0,0.0,0.0,1.0,0.0,-88.65,130.26,16.5,1.32,0.162,1311.0,1.0,0.0068649885583524,0.0122044241037376,0.0198321891685736
0.0,0.0,0.0,0.0,0.0,0.0,0.0,0.0,0.0,0.0,0.0,0.0,0.0,0.0,0.0,0.0,0.0,0.0,1.0,0.0,0.0,0.0,0.0,0.0,1.0,0.0,0.0,-142.01,158.68,7.2,1.32,0.162,1311.0,1.0,0.0061022120518688,0.0175438596491228,0.0244088482074752
0.0,0.0,0.0,0.0,0.0,0.0,0.0,0.0,0.0,0.0,0.0,0.0,0.0,0.0,0.0,0.0,0.0,1.0,0.0,0.0,0.0,0.0,0.0,0.0,1.0,0.0,0.0,-120.34,130.92,11.2,1.32,0.162,1311.0,1.0,0.0068649885583524,0.0122044241037376,0.0198321891685736
1.0,0.0,0.0,0.0,0.0,0.0,0.0,0.0,0.0,0.0,0.0,0.0,0.0,0.0,0.0,0.0,0.0,0.0,0.0,0.0,0.0,0.0,0.0,0.0,1.0,0.0,0.0,-115.86,143.87,0.8,1.32,0.162,1311.0,1.0,0.0053394355453852,0.0160183066361556,0.0221205186880244
0.0,0.0,1.0,0.0,0.0,0.0,0.0,0.0,0.0,0.0,0.0,0.0,0.0,0.0,0.0,0.0,0.0,0.0,0.0,0.0,0.0,0.0,0.0,0.0,1.0,0.0,0.0,-138.51,173.12,24.3,1.32,0.162,1311.0,1.0,0.0068649885583524,0.011441647597254,0.01906941266209
0.0,0.0,0.0,0.0,1.0,0.0,0.0,0.0,0.0,0.0,0.0,0.0,0.0,0.0,0.0,0.0,0.0,0.0,0.0,0.0,0.0,0.0,0.0,0.0,0.0,1.0,0.0,-121.25,360.0,13.0,1.32,0.162,1311.0,1.0,0.0053394355453852,0.0129672006102212,0.01906941266209
0.0,0.0,0.0,0.0,1.0,0.0,0.0,0.0,0.0,0.0,0.0,0.0,0.0,0.0,0.0,0.0,0.0,0.0,0.0,0.0,0.0,0.0,0.0,0.0,0.0,0.0,1.0,360.0,149.4,14.9,1.32,0.162,1311.0,1.0,0.0045766590389016,0.0137299771167048,0.01906941266209
0.0,0.0,0.0,0.0,0.0,0.0,0.0,0.0,0.0,0.0,0.0,0.0,0.0,0.0,0.0,0.0,1.0,0.0,0.0,0.0,0.0,0.0,0.0,0.0,0.0,0.0,1.0,-74.78,-21.45,30.3,1.32,0.162,1311.0,1.0,0.0068649885583524,0.0106788710907704,0.0183066361556064
0.0,0.0,0.0,0.0,0.0,0.0,0.0,0.0,0.0,0.0,0.0,1.0,0.0,0.0,0.0,0.0,0.0,0.0,0.0,0.0,0.0,0.0,0.0,0.0,0.0,0.0,1.0,-93.25,15.87,79.8,1.32,0.162,1311.0,1.0,0.0061022120518688,0.0106788710907704,0.0175438596491228
0.0,1.0,0.0,0.0,0.0,0.0,0.0,0.0,0.0,0.0,0.0,0.0,0.0,0.0,0.0,0.0,0.0,0.0,0.0,0.0,0.0,0.0,0.0,0.0,0.0,0.0,1.0,-66.93,128.89,13.0,1.32,0.162,1311.0,1.0,0.0061022120518688,0.0167810831426392,0.0236460717009916
0.0,0.0,0.0,0.0,0.0,0.0,0.0,0.0,0.0,0.0,0.0,0.0,0.0,1.0,0.0,0.0,0.0,0.0,0.0,0.0,0.0,0.0,0.0,0.0,0.0,0.0,1.0,-96.7,1.89,163.5,1.32,0.162,1311.0,1.0,0.0061022120518688,0.0122044241037376,0.01906941266209
0.0,0.0,0.0,0.0,0.0,0.0,0.0,0.0,0.0,0.0,0.0,0.0,0.0,0.0,0.0,0.0,1.0,0.0,0.0,0.0,0.0,0.0,0.0,0.0,0.0,0.0,1.0,-125.32,-93.1,96.1,1.32,0.162,1311.0,1.0,0.0068649885583524,0.0083905415713196,0.0160183066361556
0.0,0.0,0.0,0.0,0.0,0.0,0.0,0.0,0.0,0.0,0.0,0.0,0.0,0.0,0.0,0.0,0.0,1.0,0.0,0.0,0.0,0.0,0.0,0.0,0.0,0.0,1.0,-92.18,-13.02,49.3,1.32,0.162,1311.0,1.0,0.0068649885583524,0.011441647597254,0.01906941266209
0.0,1.0,0.0,0.0,0.0,0.0,0.0,0.0,0.0,0.0,0.0,0.0,0.0,0.0,0.0,0.0,0.0,0.0,0.0,0.0,0.0,0.0,0.0,0.0,0.0,0.0,1.0,-68.09,-41.43,13.2,1.32,0.162,1311.0,1.0,0.0061022120518688,0.0122044241037376,0.01906941266209
0.0,0.0,0.0,0.0,0.0,0.0,0.0,0.0,0.0,0.0,0.0,0.0,1.0,0.0,0.0,0.0,0.0,0.0,0.0,0.0,0.0,0.0,0.0,0.0,0.0,0.0,1.0,-61.46,-46.33,43.1,1.32,0.162,1311.0,1.0,0.0068649885583524,0.0137299771167048,0.0213577421815408
0.0,0.0,0.0,0.0,0.0,0.0,0.0,0.0,0.0,0.0,0.0,0.0,1.0,0.0,0.0,0.0,0.0,0.0,0.0,0.0,0.0,0.0,1.0,0.0,0.0,0.0,0.0,-64.2,360.0,54.1,1.32,0.162,1311.0,1.0,0.0061022120518688,0.0091533180778032,0.0160183066361556
0.0,0.0,0.0,0.0,0.0,0.0,0.0,0.0,0.0,0.0,0.0,0.0,0.0,0.0,0.0,0.0,1.0,0.0,0.0,0.0,0.0,0.0,1.0,0.0,0.0,0.0,0.0,360.0,-38.41,13.8,1.32,0.162,1311.0,1.0,0.0053394355453852,0.0099160945842868,0.0160183066361556
1.0,0.0,0.0,0.0,0.0,0.0,0.0,0.0,0.0,0.0,0.0,0.0,0.0,0.0,0.0,0.0,0.0,0.0,0.0,0.0,0.0,0.0,1.0,0.0,0.0,0.0,0.0,-61.81,-37.68,44.1,1.32,0.162,1311.0,1.0,0.0053394355453852,0.0144927536231884,0.0205949656750572
0.0,0.0,0.0,0.0,0.0,0.0,0.0,0.0,0.0,0.0,0.0,1.0,0.0,0.0,0.0,0.0,0.0,0.0,0.0,0.0,0.0,0.0,1.0,0.0,0.0,0.0,0.0,-67.22,360.0,37.6,1.32,0.162,1311.0,1.0,0.0061022120518688,0.0122044241037376,0.01906941266209
1.0,0.0,0.0,0.0,0.0,0.0,0.0,0.0,0.0,0.0,0.0,0.0,0.0,0.0,0.0,0.0,0.0,0.0,0.0,0.0,0.0,0.0,1.0,0.0,0.0,0.0,0.0,360.0,-36.86,20.0,1.32,0.162,1311.0,1.0,0.003813882532418,0.0144927536231884,0.01906941266209
0.0,0.0,0.0,0.0,0.0,0.0,0.0,0.0,1.0,0.0,0.0,0.0,0.0,0.0,0.0,0.0,0.0,0.0,0.0,0.0,0.0,0.0,1.0,0.0,0.0,0.0,0.0,-64.78,-42.95,133.6,1.32,0.162,1311.0,1.0,0.0061022120518688,0.0106788710907704,0.0175438596491228
0.0,0.0,0.0,0.0,0.0,0.0,0.0,0.0,0.0,1.0,0.0,0.0,0.0,0.0,0.0,0.0,0.0,0.0,0.0,0.0,0.0,0.0,0.0,0.0,0.0,0.0,1.0,-61.52,-41.8,9.9,1.32,0.162,1311.0,1.0,0.0061022120518688,0.011441647597254,0.0183066361556064
0.0,0.0,0.0,0.0,0.0,0.0,0.0,0.0,0.0,0.0,0.0,0.0,0.0,1.0,0.0,0.0,0.0,0.0,0.0,0.0,0.0,0.0,0.0,0.0,0.0,0.0,1.0,-58.64,-47.13,8.6,1.32,0.162,1311.0,1.0,0.0061022120518688,0.0160183066361556,0.022883295194508
0.0,0.0,0.0,0.0,0.0,0.0,0.0,0.0,1.0,0.0,0.0,0.0,0.0,0.0,0.0,0.0,0.0,0.0,0.0,0.0,0.0,0.0,1.0,0.0,0.0,0.0,0.0,-65.21,360.0,172.4,1.32,0.162,1311.0,1.0,0.0053394355453852,0.0106788710907704,0.0167810831426392
1.0,0.0,0.0,0.0,0.0,0.0,0.0,0.0,0.0,0.0,0.0,0.0,0.0,0.0,0.0,0.0,0.0,0.0,0.0,0.0,0.0,0.0,1.0,0.0,0.0,0.0,0.0,360.0,-42.68,11.9,1.32,0.162,1311.0,1.0,0.003813882532418,0.0144927536231884,0.01906941266209
0.0,0.0,0.0,0.0,0.0,0.0,0.0,0.0,1.0,0.0,0.0,0.0,0.0,0.0,0.0,0.0,0.0,0.0,0.0,0.0,0.0,0.0,1.0,0.0,0.0,0.0,0.0,-60.17,-43.92,134.8,1.32,0.162,1311.0,1.0,0.0061022120518688,0.0122044241037376,0.01906941266209
0.0,0.0,0.0,1.0,0.0,0.0,0.0,0.0,0.0,0.0,0.0,0.0,0.0,0.0,0.0,0.0,0.0,0.0,0.0,0.0,0.0,0.0,1.0,0.0,0.0,0.0,0.0,-59.42,-37.14,165.9,1.32,0.162,1311.0,1.0,0.0061022120518688,0.0106788710907704,0.0175438596491228
0.0,0.0,0.0,1.0,0.0,0.0,0.0,0.0,0.0,0.0,0.0,0.0,0.0,0.0,0.0,0.0,0.0,0.0,0.0,0.0,0.0,0.0,1.0,0.0,0.0,0.0,0.0,-79.15,-0.38,95.9,1.32,0.162,1311.0,1.0,0.0061022120518688,0.0129672006102212,0.0198321891685736
0.0,0.0,0.0,0.0,0.0,0.0,0.0,0.0,1.0,0.0,0.0,0.0,0.0,0.0,0.0,0.0,0.0,0.0,0.0,0.0,0.0,0.0,0.0,0.0,0.0,1.0,0.0,64.47,27.26,194.7,1.32,0.162,1311.0,1.0,0.0061022120518688,0.0106788710907704,0.0175438596491228
0.0,0.0,0.0,0.0,0.0,0.0,0.0,0.0,0.0,1.0,0.0,0.0,0.0,0.0,0.0,0.0,0.0,0.0,0.0,0.0,0.0,0.0,0.0,0.0,0.0,1.0,0.0,-83.42,132.68,30.4,1.32,0.162,1311.0,1.0,0.0061022120518688,0.0106788710907704,0.0175438596491228
0.0,0.0,1.0,0.0,0.0,0.0,0.0,0.0,0.0,0.0,0.0,0.0,0.0,0.0,0.0,0.0,0.0,0.0,0.0,0.0,0.0,0.0,0.0,0.0,0.0,1.0,0.0,-101.43,100.65,129.0,1.32,0.162,1311.0,1.0,0.0068649885583524,0.0083905415713196,0.0160183066361556
0.0,0.0,0.0,0.0,0.0,0.0,0.0,0.0,0.0,0.0,0.0,0.0,0.0,0.0,0.0,0.0,0.0,1.0,0.0,0.0,0.0,0.0,0.0,0.0,0.0,1.0,0.0,-138.02,164.96,18.8,1.32,0.162,1311.0,1.0,0.0068649885583524,0.0106788710907704,0.0183066361556064
0.0,0.0,0.0,0.0,0.0,0.0,0.0,0.0,0.0,0.0,0.0,0.0,0.0,1.0,0.0,0.0,0.0,0.0,0.0,0.0,0.0,0.0,0.0,0.0,1.0,0.0,0.0,-116.09,152.88,19.8,1.32,0.162,1311.0,1.0,0.0061022120518688,0.0183066361556064,0.0251716247139588
0.0,0.0,0.0,0.0,1.0,0.0,0.0,0.0,0.0,0.0,0.0,0.0,0.0,0.0,0.0,0.0,0.0,0.0,0.0,0.0,0.0,0.0,0.0,0.0,1.0,0.0,0.0,-121.25,137.72,15.8,1.32,0.162,1311.0,1.0,0.0061022120518688,0.0183066361556064,0.0251716247139588
0.0,0.0,0.0,0.0,0.0,0.0,0.0,0.0,0.0,0.0,0.0,0.0,0.0,0.0,0.0,0.0,0.0,1.0,0.0,0.0,0.0,0.0,0.0,0.0,1.0,0.0,0.0,-136.66,127.37,1.4,1.32,0.162,1311.0,1.0,0.0068649885583524,0.0129672006102212,0.0205949656750572
0.0,0.0,0.0,0.0,0.0,0.0,0.0,0.0,0.0,0.0,0.0,0.0,0.0,0.0,0.0,1.0,0.0,0.0,0.0,0.0,0.0,0.0,0.0,0.0,1.0,0.0,0.0,-117.28,121.06,11.8,1.32,0.162,1311.0,1.0,0.0061022120518688,0.0144927536231884,0.0213577421815408
0.0,0.0,0.0,0.0,1.0,0.0,0.0,0.0,0.0,0.0,0.0,0.0,0.0,0.0,0.0,0.0,0.0,0.0,0.0,0.0,0.0,0.0,0.0,0.0,1.0,0.0,0.0,-92.82,128.86,2.7,1.32,0.162,1311.0,1.0,0.0061022120518688,0.0160183066361556,0.022883295194508
0.0,0.0,0.0,0.0,0.0,0.0,0.0,0.0,0.0,0.0,0.0,0.0,0.0,0.0,0.0,1.0,0.0,0.0,0.0,0.0,0.0,0.0,0.0,0.0,0.0,0.0,1.0,-74.2,131.42,3.1,1.32,0.162,1311.0,1.0,0.0061022120518688,0.0099160945842868,0.0167810831426392
0.0,0.0,0.0,0.0,0.0,0.0,0.0,0.0,0.0,0.0,0.0,0.0,0.0,0.0,0.0,0.0,0.0,1.0,0.0,0.0,0.0,0.0,0.0,0.0,0.0,0.0,1.0,-99.01,11.43,0.0,1.32,0.162,1311.0,1.0,0.0068649885583524,0.011441647597254,0.01906941266209
0.0,0.0,1.0,0.0,0.0,0.0,0.0,0.0,0.0,0.0,0.0,0.0,0.0,0.0,0.0,0.0,0.0,0.0,0.0,0.0,0.0,0.0,0.0,0.0,0.0,0.0,1.0,-132.97,60.4,1.0,1.32,0.162,1311.0,1.0,0.007627765064836,0.0137299771167048,0.0221205186880244
0.0,0.0,0.0,0.0,0.0,0.0,0.0,0.0,0.0,0.0,0.0,0.0,1.0,0.0,0.0,0.0,0.0,0.0,0.0,0.0,0.0,0.0,0.0,0.0,0.0,0.0,1.0,-66.65,-17.66,2.6,1.32,0.162,1311.0,1.0,0.0068649885583524,0.0129672006102212,0.0205949656750572
0.0,0.0,1.0,0.0,0.0,0.0,0.0,0.0,0.0,0.0,0.0,0.0,0.0,0.0,0.0,0.0,0.0,0.0,0.0,0.0,0.0,0.0,0.0,0.0,0.0,0.0,1.0,-64.31,-28.41,88.6,1.32,0.162,1311.0,1.0,0.0068649885583524,0.0106788710907704,0.0183066361556064
0.0,0.0,0.0,0.0,0.0,0.0,0.0,0.0,0.0,1.0,0.0,0.0,0.0,0.0,0.0,0.0,0.0,0.0,0.0,0.0,0.0,0.0,0.0,0.0,0.0,0.0,1.0,-107.79,-34.78,86.9,1.32,0.162,1311.0,1.0,0.0061022120518688,0.0137299771167048,0.0205949656750572
0.0,0.0,1.0,0.0,0.0,0.0,0.0,0.0,0.0,0.0,0.0,0.0,0.0,0.0,0.0,0.0,0.0,0.0,0.0,0.0,0.0,0.0,0.0,0.0,0.0,0.0,1.0,-86.22,99.89,0.0,1.32,0.162,1311.0,1.0,0.0068649885583524,0.0160183066361556,0.0236460717009916
0.0,0.0,0.0,0.0,0.0,0.0,0.0,0.0,1.0,0.0,0.0,0.0,0.0,0.0,0.0,0.0,0.0,0.0,0.0,0.0,0.0,0.0,0.0,0.0,0.0,1.0,0.0,-98.1,173.29,97.0,1.32,0.162,1311.0,1.0,0.0061022120518688,0.0144927536231884,0.0213577421815408
0.0,0.0,0.0,0.0,0.0,0.0,0.0,0.0,0.0,0.0,0.0,0.0,1.0,0.0,0.0,0.0,0.0,0.0,0.0,0.0,0.0,0.0,0.0,1.0,0.0,0.0,0.0,-51.84,-43.65,37.1,1.32,0.162,1311.0,1.0,0.0068649885583524,0.0144927536231884,0.0221205186880244
0.0,0.0,0.0,1.0,0.0,0.0,0.0,0.0,0.0,0.0,0.0,0.0,0.0,0.0,0.0,0.0,0.0,0.0,0.0,0.0,0.0,0.0,0.0,1.0,0.0,0.0,0.0,-61.7,-36.17,150.7,1.32,0.162,1311.0,1.0,0.0061022120518688,0.0122044241037376,0.01906941266209
0.0,0.0,0.0,0.0,0.0,0.0,0.0,0.0,0.0,0.0,0.0,1.0,0.0,0.0,0.0,0.0,0.0,0.0,0.0,0.0,0.0,0.0,0.0,1.0,0.0,0.0,0.0,-61.84,-44.02,55.3,1.32,0.162,1311.0,1.0,0.0061022120518688,0.0129672006102212,0.0198321891685736
0.0,0.0,0.0,0.0,0.0,0.0,0.0,0.0,0.0,1.0,0.0,0.0,0.0,0.0,0.0,0.0,0.0,0.0,0.0,0.0,0.0,0.0,0.0,1.0,0.0,0.0,0.0,-68.85,-37.86,6.8,1.32,0.162,1311.0,1.0,0.0061022120518688,0.015255530129672,0.0221205186880244
0.0,0.0,0.0,0.0,0.0,0.0,0.0,0.0,1.0,0.0,0.0,0.0,0.0,0.0,0.0,0.0,0.0,0.0,0.0,0.0,0.0,0.0,0.0,1.0,0.0,0.0,0.0,-64.78,-44.38,75.0,1.32,0.162,1311.0,1.0,0.0061022120518688,0.0144927536231884,0.0213577421815408
1.0,0.0,0.0,0.0,0.0,0.0,0.0,0.0,0.0,0.0,0.0,0.0,0.0,0.0,0.0,0.0,0.0,0.0,0.0,0.0,0.0,0.0,0.0,1.0,0.0,0.0,0.0,-66.46,-37.26,66.6,1.32,0.162,1311.0,1.0,0.0053394355453852,0.0129672006102212,0.01906941266209
0.0,0.0,0.0,0.0,1.0,0.0,0.0,0.0,0.0,0.0,0.0,0.0,0.0,0.0,0.0,0.0,0.0,0.0,0.0,0.0,0.0,0.0,0.0,1.0,0.0,0.0,0.0,-62.21,-51.75,36.0,1.32,0.162,1311.0,1.0,0.0061022120518688,0.0137299771167048,0.0205949656750572
0.0,0.0,0.0,0.0,0.0,0.0,0.0,1.0,0.0,0.0,0.0,0.0,0.0,0.0,0.0,0.0,0.0,0.0,0.0,0.0,0.0,0.0,0.0,1.0,0.0,0.0,0.0,-68.5,-26.8,1.8,1.32,0.162,1311.0,1.0,0.0068649885583524,0.0144927536231884,0.0221205186880244
0.0,0.0,0.0,0.0,0.0,0.0,0.0,0.0,0.0,0.0,0.0,0.0,0.0,1.0,0.0,0.0,0.0,0.0,0.0,0.0,0.0,0.0,0.0,1.0,0.0,0.0,0.0,-61.49,-22.15,127.4,1.32,0.162,1311.0,0.59,0.0061022120518688,0.0137299771167048,0.0205949656750572
0.0,0.0,0.0,0.0,0.0,0.0,0.0,0.0,1.0,0.0,0.0,0.0,0.0,0.0,0.0,0.0,0.0,0.0,0.0,0.0,0.0,0.0,0.0,1.0,0.0,0.0,0.0,-69.51,-33.42,180.7,1.32,0.162,1311.0,1.0,0.0061022120518688,0.0106788710907704,0.0175438596491228
0.0,0.0,0.0,0.0,1.0,0.0,0.0,0.0,0.0,0.0,0.0,0.0,0.0,0.0,0.0,0.0,0.0,0.0,0.0,0.0,0.0,0.0,0.0,0.0,0.0,1.0,0.0,-97.93,-24.81,42.5,1.32,0.162,1311.0,1.0,0.0061022120518688,0.0129672006102212,0.0198321891685736
0.0,0.0,0.0,0.0,0.0,0.0,0.0,0.0,0.0,0.0,0.0,0.0,0.0,0.0,0.0,0.0,1.0,0.0,0.0,0.0,0.0,0.0,0.0,0.0,0.0,1.0,0.0,-153.86,151.45,22.5,1.32,0.162,1311.0,1.0,0.0068649885583524,0.0083905415713196,0.0160183066361556
0.0,0.0,0.0,1.0,0.0,0.0,0.0,0.0,0.0,0.0,0.0,0.0,0.0,0.0,0.0,0.0,0.0,0.0,0.0,0.0,0.0,0.0,0.0,0.0,0.0,1.0,0.0,-100.28,4.65,206.7,1.32,0.162,1311.0,1.0,0.0061022120518688,0.0083905415713196,0.015255530129672
0.0,0.0,1.0,0.0,0.0,0.0,0.0,0.0,0.0,0.0,0.0,0.0,0.0,0.0,0.0,0.0,0.0,0.0,0.0,0.0,0.0,0.0,0.0,0.0,0.0,1.0,0.0,-122.05,108.38,45.6,1.32,0.162,1311.0,1.0,0.0068649885583524,0.0122044241037376,0.0198321891685736
0.0,0.0,0.0,0.0,0.0,0.0,0.0,0.0,0.0,0.0,0.0,0.0,0.0,0.0,0.0,0.0,1.0,0.0,0.0,0.0,0.0,0.0,0.0,0.0,0.0,0.0,1.0,-118.5,15.02,51.0,1.32,0.162,1311.0,1.0,0.0068649885583524,0.011441647597254,0.01906941266209
0.0,0.0,0.0,0.0,0.0,0.0,0.0,0.0,0.0,0.0,0.0,0.0,0.0,0.0,0.0,1.0,0.0,0.0,0.0,0.0,0.0,0.0,0.0,0.0,0.0,0.0,1.0,-57.89,-31.68,91.8,1.32,0.162,1311.0,1.0,0.0061022120518688,0.0091533180778032,0.0160183066361556
0.0,0.0,0.0,0.0,0.0,0.0,0.0,0.0,0.0,0.0,0.0,1.0,0.0,0.0,0.0,0.0,0.0,0.0,0.0,0.0,0.0,0.0,0.0,0.0,0.0,0.0,1.0,-123.86,28.59,21.0,1.32,0.162,1311.0,1.0,0.0068649885583524,0.011441647597254,0.01906941266209
0.0,0.0,0.0,0.0,0.0,0.0,0.0,0.0,0.0,0.0,0.0,0.0,0.0,0.0,0.0,0.0,0.0,0.0,1.0,0.0,0.0,0.0,0.0,0.0,1.0,0.0,0.0,-137.0,114.68,9.8,1.32,0.162,1311.0,1.0,0.0061022120518688,0.01906941266209,0.0259344012204424
0.0,0.0,0.0,0.0,0.0,0.0,0.0,0.0,0.0,0.0,0.0,1.0,0.0,0.0,0.0,0.0,0.0,0.0,0.0,0.0,0.0,0.0,0.0,0.0,1.0,0.0,0.0,-116.23,129.58,15.0,1.32,0.162,1311.0,1.0,0.0061022120518688,0.015255530129672,0.0221205186880244
0.0,0.0,0.0,0.0,0.0,0.0,0.0,0.0,0.0,1.0,0.0,0.0,0.0,0.0,0.0,0.0,0.0,0.0,0.0,0.0,0.0,0.0,0.0,0.0,1.0,0.0,0.0,-106.33,130.65,3.8,1.32,0.162,1311.0,1.0,0.0061022120518688,0.0144927536231884,0.0213577421815408
0.0,0.0,0.0,0.0,0.0,0.0,0.0,0.0,0.0,1.0,0.0,0.0,0.0,0.0,0.0,0.0,0.0,0.0,0.0,0.0,0.0,0.0,0.0,0.0,1.0,0.0,0.0,-116.5,149.92,0.0,1.32,0.162,1311.0,1.0,0.0061022120518688,0.0160183066361556,0.022883295194508
0.0,0.0,0.0,0.0,0.0,0.0,0.0,0.0,0.0,0.0,0.0,0.0,0.0,0.0,0.0,0.0,1.0,0.0,0.0,0.0,0.0,1.0,0.0,0.0,0.0,0.0,0.0,-164.29,-163.93,1.5,1.32,0.162,1311.0,1.0,0.0068649885583524,0.0144927536231884,0.0221205186880244
0.0,0.0,0.0,0.0,0.0,1.0,0.0,0.0,0.0,0.0,0.0,0.0,0.0,0.0,0.0,0.0,0.0,0.0,0.0,0.0,0.0,0.0,0.0,0.0,0.0,1.0,0.0,103.14,-8.33,63.6,1.32,0.162,1311.0,1.0,0.0045766590389016,0.0099160945842868,0.015255530129672
0.0,0.0,0.0,0.0,0.0,0.0,0.0,0.0,0.0,0.0,0.0,0.0,0.0,0.0,0.0,0.0,0.0,0.0,0.0,1.0,0.0,0.0,0.0,0.0,0.0,1.0,0.0,-103.02,174.05,21.5,1.32,0.162,1311.0,1.0,0.0061022120518688,0.0122044241037376,0.01906941266209
0.0,0.0,0.0,0.0,0.0,0.0,0.0,0.0,0.0,0.0,0.0,0.0,0.0,0.0,0.0,1.0,0.0,0.0,0.0,0.0,0.0,0.0,0.0,0.0,0.0,1.0,0.0,-81.81,163.91,46.5,1.32,0.162,1311.0,1.0,0.0061022120518688,0.0106788710907704,0.0175438596491228
0.0,0.0,0.0,0.0,0.0,0.0,0.0,0.0,0.0,1.0,0.0,0.0,0.0,0.0,0.0,0.0,0.0,0.0,0.0,0.0,0.0,0.0,0.0,1.0,0.0,0.0,0.0,-62.03,-41.66,39.5,1.32,0.162,1311.0,1.0,0.0061022120518688,0.0122044241037376,0.01906941266209
0.0,0.0,0.0,1.0,0.0,0.0,0.0,0.0,0.0,0.0,0.0,0.0,0.0,0.0,0.0,0.0,0.0,0.0,0.0,0.0,0.0,0.0,0.0,1.0,0.0,0.0,0.0,-57.0,-44.72,159.7,1.32,0.162,1311.0,1.0,0.0061022120518688,0.0137299771167048,0.0205949656750572
0.0,0.0,1.0,0.0,0.0,0.0,0.0,0.0,0.0,0.0,0.0,0.0,0.0,0.0,0.0,0.0,0.0,0.0,0.0,0.0,0.0,0.0,0.0,1.0,0.0,0.0,0.0,-55.26,-51.76,88.6,1.32,0.162,1311.0,1.0,0.0068649885583524,0.0144927536231884,0.0221205186880244
0.0,0.0,0.0,0.0,0.0,0.0,0.0,1.0,0.0,0.0,0.0,0.0,0.0,0.0,0.0,0.0,0.0,0.0,0.0,0.0,0.0,0.0,0.0,1.0,0.0,0.0,0.0,-72.97,-28.49,0.2,1.32,0.162,1311.0,1.0,0.0068649885583524,0.0144927536231884,0.0221205186880244
0.0,0.0,0.0,0.0,0.0,0.0,0.0,0.0,0.0,0.0,0.0,0.0,0.0,0.0,0.0,0.0,1.0,0.0,0.0,0.0,0.0,0.0,0.0,1.0,0.0,0.0,0.0,-61.38,-46.01,40.8,1.32,0.162,1311.0,1.0,0.0068649885583524,0.015255530129672,0.022883295194508
0.0,0.0,0.0,0.0,0.0,0.0,0.0,0.0,1.0,0.0,0.0,0.0,0.0,0.0,0.0,0.0,0.0,0.0,0.0,0.0,0.0,0.0,0.0,1.0,0.0,0.0,0.0,-67.54,-42.05,105.9,1.32,0.162,1311.0,1.0,0.0061022120518688,0.0129672006102212,0.0198321891685736
0.0,0.0,0.0,0.0,1.0,0.0,0.0,0.0,0.0,0.0,0.0,0.0,0.0,0.0,0.0,0.0,0.0,0.0,0.0,0.0,0.0,0.0,0.0,1.0,0.0,0.0,0.0,-61.65,-46.45,6.0,1.32,0.162,1311.0,1.0,0.0061022120518688,0.0175438596491228,0.0244088482074752
0.0,0.0,0.0,0.0,0.0,0.0,0.0,0.0,0.0,0.0,0.0,0.0,0.0,0.0,0.0,1.0,0.0,0.0,0.0,0.0,0.0,0.0,0.0,1.0,0.0,0.0,0.0,-63.55,-41.4,0.0,1.32,0.162,1311.0,1.0,0.0061022120518688,0.0167810831426392,0.0236460717009916
0.0,0.0,0.0,0.0,0.0,0.0,0.0,0.0,1.0,0.0,0.0,0.0,0.0,0.0,0.0,0.0,0.0,0.0,0.0,0.0,0.0,0.0,0.0,1.0,0.0,0.0,0.0,-63.23,-48.24,119.4,1.32,0.162,1311.0,1.0,0.0061022120518688,0.0175438596491228,0.0244088482074752
0.0,0.0,1.0,0.0,0.0,0.0,0.0,0.0,0.0,0.0,0.0,0.0,0.0,0.0,0.0,0.0,0.0,0.0,0.0,0.0,0.0,0.0,0.0,1.0,0.0,0.0,0.0,-82.05,-28.04,72.7,1.32,0.162,1311.0,1.0,0.0068649885583524,0.0129672006102212,0.0205949656750572
0.0,0.0,0.0,0.0,0.0,0.0,0.0,0.0,0.0,0.0,0.0,1.0,0.0,0.0,0.0,0.0,0.0,0.0,0.0,0.0,0.0,0.0,0.0,1.0,0.0,0.0,0.0,-105.79,-32.01,8.6,1.32,0.162,1311.0,1.0,0.0061022120518688,0.0144927536231884,0.0213577421815408
0.0,0.0,0.0,0.0,1.0,0.0,0.0,0.0,0.0,0.0,0.0,0.0,0.0,0.0,0.0,0.0,0.0,0.0,0.0,0.0,0.0,0.0,0.0,1.0,0.0,0.0,0.0,-121.62,8.88,1.2,1.32,0.162,1311.0,1.0,0.0061022120518688,0.0160183066361556,0.022883295194508
0.0,0.0,0.0,0.0,0.0,0.0,0.0,0.0,0.0,0.0,0.0,0.0,0.0,1.0,0.0,0.0,0.0,0.0,0.0,0.0,0.0,0.0,0.0,0.0,0.0,1.0,0.0,49.07,41.79,137.2,1.32,0.162,1311.0,1.0,0.0061022120518688,0.0106788710907704,0.0175438596491228
0.0,0.0,0.0,0.0,0.0,0.0,0.0,0.0,0.0,0.0,0.0,0.0,0.0,0.0,0.0,1.0,0.0,0.0,0.0,0.0,0.0,0.0,0.0,0.0,0.0,1.0,0.0,-129.86,129.23,13.8,1.32,0.162,1311.0,0.59,0.0061022120518688,0.0106788710907704,0.0175438596491228
0.0,0.0,0.0,0.0,0.0,0.0,0.0,0.0,0.0,1.0,0.0,0.0,0.0,0.0,0.0,0.0,0.0,0.0,0.0,0.0,0.0,0.0,0.0,0.0,0.0,1.0,0.0,-76.72,135.69,102.6,1.32,0.162,1311.0,0.57,0.0061022120518688,0.0083905415713196,0.015255530129672
0.0,0.0,0.0,0.0,0.0,0.0,0.0,0.0,0.0,0.0,0.0,0.0,0.0,0.0,0.0,0.0,0.0,1.0,0.0,0.0,0.0,0.0,0.0,0.0,0.0,1.0,0.0,-121.29,132.24,2.4,1.32,0.162,1311.0,1.0,0.0068649885583524,0.0122044241037376,0.0198321891685736
0.0,0.0,1.0,0.0,0.0,0.0,0.0,0.0,0.0,0.0,0.0,0.0,0.0,0.0,0.0,0.0,0.0,0.0,0.0,0.0,0.0,1.0,0.0,0.0,0.0,0.0,0.0,-157.23,133.26,83.2,1.32,0.162,1311.0,1.0,0.0061022120518688,0.0099160945842868,0.0167810831426392
0.0,0.0,0.0,0.0,0.0,0.0,0.0,0.0,1.0,0.0,0.0,0.0,0.0,0.0,0.0,0.0,0.0,0.0,0.0,0.0,0.0,0.0,0.0,0.0,0.0,1.0,0.0,-103.04,104.04,63.4,1.32,0.162,1311.0,1.0,0.0068649885583524,0.0137299771167048,0.0213577421815408
0.0,0.0,0.0,0.0,0.0,0.0,0.0,0.0,0.0,0.0,0.0,0.0,1.0,0.0,0.0,0.0,0.0,0.0,0.0,0.0,0.0,0.0,0.0,0.0,0.0,0.0,1.0,-72.95,175.53,43.9,1.32,0.162,1311.0,1.0,0.0068649885583524,0.0083905415713196,0.0160183066361556
0.0,0.0,0.0,1.0,0.0,0.0,0.0,0.0,0.0,0.0,0.0,0.0,0.0,0.0,0.0,0.0,0.0,0.0,0.0,0.0,0.0,0.0,0.0,0.0,0.0,0.0,1.0,-55.07,-35.15,211.0,1.32,0.162,1311.0,1.0,0.0061022120518688,0.007627765064836,0.0144927536231884
0.0,0.0,0.0,0.0,0.0,0.0,0.0,0.0,0.0,0.0,0.0,1.0,0.0,0.0,0.0,0.0,0.0,0.0,0.0,0.0,0.0,0.0,0.0,0.0,0.0,0.0,1.0,-78.16,-1.94,118.8,1.32,0.162,1311.0,1.0,0.0068649885583524,0.0068649885583524,0.0144927536231884
0.0,0.0,0.0,0.0,0.0,1.0,0.0,0.0,0.0,0.0,0.0,0.0,0.0,0.0,0.0,0.0,0.0,0.0,0.0,0.0,0.0,0.0,0.0,0.0,0.0,0.0,1.0,82.45,-3.2,18.5,1.32,0.162,1311.0,1.0,0.0045766590389016,0.0129672006102212,0.0183066361556064
0.0,0.0,0.0,0.0,0.0,0.0,0.0,0.0,0.0,0.0,0.0,0.0,0.0,1.0,0.0,0.0,0.0,0.0,0.0,0.0,0.0,0.0,0.0,0.0,0.0,1.0,0.0,-89.01,90.61,37.0,1.32,0.162,1311.0,1.0,0.0061022120518688,0.0144927536231884,0.0213577421815408
0.0,0.0,0.0,0.0,0.0,0.0,0.0,0.0,0.0,0.0,0.0,0.0,0.0,0.0,0.0,0.0,0.0,1.0,0.0,0.0,0.0,0.0,0.0,0.0,0.0,1.0,0.0,-57.45,130.95,8.0,1.32,0.162,1311.0,1.0,0.0068649885583524,0.015255530129672,0.022883295194508
0.0,0.0,0.0,0.0,0.0,0.0,0.0,1.0,0.0,0.0,0.0,0.0,0.0,0.0,0.0,0.0,0.0,0.0,0.0,0.0,0.0,1.0,0.0,0.0,0.0,0.0,0.0,-77.42,130.57,87.6,1.32,0.162,1311.0,1.0,0.0068649885583524,0.011441647597254,0.01906941266209
0.0,0.0,0.0,0.0,0.0,0.0,1.0,0.0,0.0,0.0,0.0,0.0,0.0,0.0,0.0,0.0,0.0,0.0,0.0,0.0,0.0,0.0,0.0,0.0,0.0,1.0,0.0,-161.4,166.38,26.4,1.32,0.162,1311.0,1.0,0.0061022120518688,0.0129672006102212,0.0198321891685736
0.0,0.0,0.0,0.0,0.0,1.0,0.0,0.0,0.0,0.0,0.0,0.0,0.0,0.0,0.0,0.0,0.0,0.0,0.0,0.0,0.0,0.0,0.0,0.0,0.0,1.0,0.0,-74.28,151.36,14.9,1.32,0.162,1311.0,1.0,0.0045766590389016,0.0099160945842868,0.015255530129672
0.0,0.0,0.0,0.0,0.0,0.0,0.0,0.0,0.0,0.0,0.0,0.0,0.0,0.0,0.0,0.0,1.0,0.0,0.0,0.0,0.0,0.0,0.0,0.0,0.0,1.0,0.0,-109.4,14.71,59.0,1.32,0.162,1311.0,1.0,0.0068649885583524,0.0061022120518688,0.0137299771167048
0.0,0.0,0.0,0.0,0.0,0.0,0.0,0.0,0.0,0.0,0.0,0.0,0.0,0.0,0.0,1.0,0.0,0.0,0.0,0.0,0.0,0.0,0.0,0.0,1.0,0.0,0.0,-83.42,159.86,18.9,1.32,0.162,1311.0,1.0,0.0061022120518688,0.015255530129672,0.0221205186880244
0.0,0.0,0.0,0.0,1.0,0.0,0.0,0.0,0.0,0.0,0.0,0.0,0.0,0.0,0.0,0.0,0.0,0.0,0.0,0.0,0.0,0.0,0.0,0.0,1.0,0.0,0.0,-102.79,139.52,16.4,1.32,0.162,1311.0,1.0,0.0068649885583524,0.015255530129672,0.022883295194508
0.0,0.0,0.0,0.0,0.0,0.0,0.0,0.0,0.0,0.0,0.0,0.0,0.0,0.0,0.0,0.0,0.0,0.0,0.0,1.0,0.0,0.0,0.0,0.0,1.0,0.0,0.0,-119.0,132.28,7.8,1.32,0.162,1311.0,1.0,0.0061022120518688,0.015255530129672,0.0221205186880244
0.0,0.0,0.0,0.0,0.0,0.0,0.0,0.0,0.0,1.0,0.0,0.0,0.0,0.0,0.0,0.0,0.0,0.0,0.0,0.0,0.0,0.0,0.0,0.0,1.0,0.0,0.0,-98.6,123.19,10.7,1.32,0.162,1311.0,1.0,0.0061022120518688,0.015255530129672,0.0221205186880244
0.0,0.0,0.0,0.0,0.0,0.0,0.0,1.0,0.0,0.0,0.0,0.0,0.0,0.0,0.0,0.0,0.0,0.0,0.0,0.0,0.0,0.0,0.0,0.0,1.0,0.0,0.0,-115.64,134.1,0.0,1.32,0.162,1311.0,1.0,0.0068649885583524,0.0144927536231884,0.0221205186880244
0.0,0.0,1.0,0.0,0.0,0.0,0.0,0.0,0.0,0.0,0.0,0.0,0.0,0.0,0.0,0.0,0.0,0.0,0.0,0.0,0.0,1.0,0.0,0.0,0.0,0.0,0.0,-89.11,179.67,33.9,1.32,0.162,1311.0,1.0,0.0068649885583524,0.0144927536231884,0.0221205186880244
0.0,0.0,0.0,0.0,0.0,0.0,0.0,0.0,0.0,0.0,0.0,0.0,0.0,1.0,0.0,0.0,0.0,0.0,0.0,0.0,0.0,0.0,0.0,0.0,0.0,0.0,1.0,-65.76,-21.51,63.1,1.32,0.162,1311.0,1.0,0.0061022120518688,0.0175438596491228,0.0244088482074752
0.0,0.0,0.0,0.0,0.0,0.0,0.0,0.0,0.0,0.0,0.0,1.0,0.0,0.0,0.0,0.0,0.0,0.0,0.0,0.0,0.0,0.0,0.0,0.0,0.0,0.0,1.0,-83.46,-2.86,109.0,1.32,0.162,1311.0,1.0,0.0061022120518688,0.011441647597254,0.0183066361556064
0.0,0.0,0.0,0.0,0.0,1.0,0.0,0.0,0.0,0.0,0.0,0.0,0.0,0.0,0.0,0.0,0.0,0.0,0.0,0.0,0.0,0.0,0.0,0.0,0.0,0.0,1.0,81.55,22.98,14.5,1.32,0.162,1311.0,1.0,0.0045766590389016,0.0122044241037376,0.0175438596491228
0.0,0.0,0.0,0.0,0.0,0.0,0.0,0.0,1.0,0.0,0.0,0.0,0.0,0.0,0.0,0.0,0.0,0.0,0.0,0.0,0.0,1.0,0.0,0.0,0.0,0.0,0.0,-108.83,142.69,74.1,1.32,0.162,1311.0,1.0,0.0061022120518688,0.0137299771167048,0.0205949656750572
0.0,0.0,0.0,0.0,0.0,0.0,0.0,0.0,0.0,0.0,0.0,0.0,0.0,0.0,0.0,0.0,0.0,1.0,0.0,0.0,0.0,1.0,0.0,0.0,0.0,0.0,0.0,-72.66,360.0,8.1,1.32,0.162,1311.0,1.0,0.0061022120518688,0.0122044241037376,0.01906941266209
0.0,0.0,0.0,0.0,0.0,0.0,0.0,0.0,1.0,0.0,0.0,0.0,0.0,0.0,0.0,0.0,0.0,0.0,0.0,0.0,0.0,0.0,0.0,0.0,0.0,1.0,0.0,360.0,152.03,40.1,1.32,0.162,1311.0,1.0,0.0045766590389016,0.0106788710907704,0.0160183066361556
0.0,0.0,0.0,0.0,0.0,0.0,0.0,0.0,1.0,0.0,0.0,0.0,0.0,0.0,0.0,0.0,0.0,0.0,0.0,0.0,0.0,0.0,0.0,0.0,1.0,0.0,0.0,-127.12,138.22,122.0,1.32,0.162,1311.0,1.0,0.0061022120518688,0.0137299771167048,0.0205949656750572
0.0,0.0,0.0,0.0,0.0,0.0,0.0,0.0,0.0,0.0,0.0,0.0,0.0,0.0,0.0,0.0,0.0,0.0,0.0,1.0,0.0,0.0,0.0,0.0,1.0,0.0,0.0,-140.23,159.4,19.7,1.32,0.162,1311.0,1.0,0.0061022120518688,0.0129672006102212,0.0198321891685736
0.0,0.0,0.0,0.0,0.0,0.0,0.0,0.0,0.0,0.0,0.0,0.0,0.0,0.0,0.0,1.0,0.0,0.0,0.0,0.0,0.0,0.0,0.0,0.0,1.0,0.0,0.0,-72.88,131.37,39.0,1.32,0.162,1311.0,1.0,0.0061022120518688,0.0083905415713196,0.015255530129672
0.0,0.0,0.0,0.0,0.0,1.0,0.0,0.0,0.0,0.0,0.0,0.0,0.0,0.0,0.0,0.0,0.0,0.0,0.0,0.0,0.0,0.0,0.0,0.0,0.0,0.0,1.0,-92.52,-0.75,6.7,1.32,0.162,1311.0,1.0,0.0045766590389016,0.01906941266209,0.0244088482074752
0.0,0.0,0.0,0.0,0.0,0.0,0.0,1.0,0.0,0.0,0.0,0.0,0.0,0.0,0.0,0.0,0.0,0.0,0.0,0.0,0.0,0.0,0.0,0.0,0.0,0.0,1.0,-131.65,-29.6,56.6,1.32,0.162,1311.0,1.0,0.0068649885583524,0.0083905415713196,0.0160183066361556
0.0,0.0,0.0,0.0,0.0,0.0,0.0,0.0,0.0,0.0,0.0,0.0,0.0,0.0,0.0,1.0,0.0,0.0,0.0,0.0,0.0,0.0,0.0,0.0,0.0,0.0,1.0,-122.31,111.2,84.2,1.32,0.162,1311.0,1.0,0.0061022120518688,0.0083905415713196,0.015255530129672
0.0,0.0,0.0,0.0,0.0,0.0,0.0,0.0,0.0,0.0,0.0,1.0,0.0,0.0,0.0,0.0,0.0,0.0,0.0,0.0,0.0,0.0,0.0,0.0,0.0,0.0,1.0,51.45,49.83,149.9,1.32,0.162,1311.0,1.0,0.0068649885583524,0.0068649885583524,0.0144927536231884
0.0,0.0,0.0,0.0,0.0,0.0,0.0,0.0,0.0,0.0,0.0,0.0,0.0,0.0,0.0,0.0,1.0,0.0,0.0,0.0,0.0,0.0,0.0,0.0,0.0,0.0,1.0,-49.81,123.98,9.0,1.32,0.162,1311.0,1.0,0.007627765064836,0.0106788710907704,0.01906941266209
0.0,0.0,0.0,0.0,0.0,0.0,0.0,0.0,0.0,0.0,0.0,0.0,1.0,0.0,0.0,0.0,0.0,0.0,0.0,0.0,0.0,0.0,0.0,0.0,0.0,0.0,1.0,-87.91,76.65,29.3,1.32,0.162,1311.0,1.0,0.0068649885583524,0.0099160945842868,0.0175438596491228
0.0,0.0,0.0,0.0,0.0,0.0,0.0,0.0,0.0,0.0,0.0,0.0,0.0,0.0,0.0,0.0,0.0,0.0,0.0,1.0,0.0,0.0,0.0,1.0,0.0,0.0,0.0,-56.02,-42.75,41.3,1.32,0.162,1311.0,1.0,0.0061022120518688,0.015255530129672,0.0221205186880244
0.0,0.0,0.0,1.0,0.0,0.0,0.0,0.0,0.0,0.0,0.0,0.0,0.0,0.0,0.0,0.0,0.0,0.0,0.0,0.0,0.0,0.0,0.0,1.0,0.0,0.0,0.0,-65.01,-40.4,146.4,1.32,0.162,1311.0,1.0,0.0061022120518688,0.011441647597254,0.0183066361556064
0.0,0.0,1.0,0.0,0.0,0.0,0.0,0.0,0.0,0.0,0.0,0.0,0.0,0.0,0.0,0.0,0.0,0.0,0.0,0.0,0.0,0.0,0.0,1.0,0.0,0.0,0.0,-58.89,-47.17,70.2,1.32,0.162,1311.0,1.0,0.0068649885583524,0.015255530129672,0.022883295194508
0.0,0.0,0.0,0.0,0.0,0.0,0.0,1.0,0.0,0.0,0.0,0.0,0.0,0.0,0.0,0.0,0.0,0.0,0.0,0.0,0.0,0.0,0.0,1.0,0.0,0.0,0.0,-62.35,-46.41,10.6,1.32,0.162,1311.0,1.0,0.0068649885583524,0.0167810831426392,0.0244088482074752
0.0,0.0,0.0,0.0,0.0,0.0,0.0,1.0,0.0,0.0,0.0,0.0,0.0,0.0,0.0,0.0,0.0,0.0,0.0,0.0,0.0,0.0,0.0,1.0,0.0,0.0,0.0,-58.17,-45.12,26.9,1.32,0.162,1311.0,1.0,0.0068649885583524,0.011441647597254,0.01906941266209
0.0,0.0,0.0,0.0,0.0,0.0,0.0,0.0,0.0,0.0,0.0,0.0,0.0,0.0,1.0,0.0,0.0,0.0,0.0,0.0,0.0,0.0,0.0,1.0,0.0,0.0,0.0,-56.61,-47.58,105.0,1.32,0.162,1311.0,1.0,0.0061022120518688,0.0160183066361556,0.022883295194508
0.0,0.0,1.0,0.0,0.0,0.0,0.0,0.0,0.0,0.0,0.0,0.0,0.0,0.0,0.0,0.0,0.0,0.0,0.0,0.0,0.0,0.0,1.0,0.0,0.0,0.0,0.0,-65.4,360.0,8.9,1.32,0.162,1311.0,1.0,0.0061022120518688,0.0137299771167048,0.0205949656750572
0.0,0.0,0.0,0.0,0.0,0.0,0.0,0.0,1.0,0.0,0.0,0.0,0.0,0.0,0.0,0.0,0.0,0.0,0.0,0.0,0.0,0.0,1.0,0.0,0.0,0.0,0.0,360.0,-38.71,77.4,1.32,0.162,1311.0,1.0,0.0045766590389016,0.0106788710907704,0.0160183066361556
0.0,0.0,0.0,0.0,0.0,0.0,0.0,0.0,0.0,0.0,0.0,0.0,0.0,0.0,1.0,0.0,0.0,0.0,0.0,0.0,0.0,0.0,1.0,0.0,0.0,0.0,0.0,-62.86,-42.86,74.1,1.32,0.162,1311.0,1.0,0.0061022120518688,0.0160183066361556,0.022883295194508
0.0,0.0,0.0,0.0,0.0,0.0,0.0,0.0,0.0,1.0,0.0,0.0,0.0,0.0,0.0,0.0,0.0,0.0,0.0,0.0,0.0,0.0,1.0,0.0,0.0,0.0,0.0,-66.82,-26.4,28.7,1.32,0.162,1311.0,1.0,0.0061022120518688,0.0106788710907704,0.0175438596491228
1.0,0.0,0.0,0.0,0.0,0.0,0.0,0.0,0.0,0.0,0.0,0.0,0.0,0.0,0.0,0.0,0.0,0.0,0.0,0.0,0.0,0.0,1.0,0.0,0.0,0.0,0.0,-83.81,-12.7,71.8,1.32,0.162,1311.0,1.0,0.0053394355453852,0.0091533180778032,0.015255530129672
0.0,0.0,0.0,1.0,0.0,0.0,0.0,0.0,0.0,0.0,0.0,0.0,0.0,0.0,0.0,0.0,0.0,0.0,0.0,0.0,0.0,0.0,0.0,0.0,0.0,1.0,0.0,-85.21,360.0,182.7,1.32,0.162,1311.0,1.0,0.0061022120518688,0.0083905415713196,0.015255530129672
